site_id,lon,lat
0,5.95942,46.15655
1,5.95952,46.15665
2,5.95962,46.15675
3,5.95972,46.15685
4,5.95982,46.15695
5,5.95991,46.13857
6,5.96001,46.13867
7,5.96011,46.13877
8,5.96021,46.13887
9,5.96031,46.13897
10,5.98386,46.21086
11,5.98396,46.21096
12,5.98406,46.21106
13,5.98416,46.21116
14,5.98426,46.21126
15,5.98434,46.19287
16,5.98444,46.19297
17,5.98454,46.19307
18,5.98464,46.19317
19,5.98474,46.19327
20,5.98483,46.17488
21,5.98493,46.17498
22,5.98503,46.17508
23,5.98513,46.17518
24,5.98523,46.17528
25,5.98531,46.15689
26,5.98541,46.15699
27,5.98551,46.15709
28,5.98561,46.15719
29,5.98571,46.15729
30,5.98579,46.1389
31,5.98589,46.139
32,5.98599,46.1391
33,5.98609,46.1392
34,5.98619,46.1393
35,6.0093,46.22917
36,6.0094,46.22927
37,6.0095,46.22937
38,6.0096,46.22947
39,6.0097,46.22957
40,6.00977,46.21119
41,6.00987,46.21129
42,6.00997,46.21139
43,6.01007,46.21149
44,6.01017,46.21159
45,6.01025,46.1932
46,6.01035,46.1933
47,6.01045,46.1934
48,6.01055,46.1935
49,6.01065,46.1936
50,6.01072,46.17521
51,6.01082,46.17531
52,6.01092,46.17541
53,6.01102,46.17551
54,6.01112,46.17561
55,6.01119,46.15722
56,6.01129,46.15732
57,6.01139,46.15742
58,6.01149,46.15752
59,6.01159,46.15762
60,6.01166,46.13923
61,6.01176,46.13933
62,6.01186,46.13943
63,6.01196,46.13953
64,6.01206,46.13963
65,6.03522,46.2295
66,6.03532,46.2296
67,6.03542,46.2297
68,6.03552,46.2298
69,6.03562,46.2299
70,6.03569,46.21151
71,6.03579,46.21161
72,6.03589,46.21171
73,6.03599,46.21181
74,6.03609,46.21191
75,6.03615,46.19352
76,6.03625,46.19362
77,6.03635,46.19372
78,6.03645,46.19382
79,6.03655,46.19392
80,6.03661,46.17553
81,6.03671,46.17563
82,6.03681,46.17573
83,6.03691,46.17583
84,6.03701,46.17593
85,6.03708,46.15755
86,6.03718,46.15765
87,6.03728,46.15775
88,6.03738,46.15785
89,6.03748,46.15795
90,6.03754,46.13956
91,6.03764,46.13966
92,6.03774,46.13976
93,6.03784,46.13986
94,6.03794,46.13996
95,6.06069,46.24781
96,6.06079,46.24791
97,6.06089,46.24801
98,6.06099,46.24811
99,6.06109,46.24821
100,6.06114,46.22982
101,6.06124,46.22992
102,6.06134,46.23002
103,6.06144,46.23012
104,6.06154,46.23022
105,6.0616,46.21183
106,6.0617,46.21193
107,6.0618,46.21203
108,6.0619,46.21213
109,6.062,46.21223
110,6.06205,46.19384
111,6.06215,46.19394
112,6.06225,46.19404
113,6.06235,46.19414
114,6.06245,46.19424
115,6.06251,46.17585
116,6.06261,46.17595
117,6.06271,46.17605
118,6.06281,46.17615
119,6.06291,46.17625
120,6.06296,46.15787
121,6.06306,46.15797
122,6.06316,46.15807
123,6.06326,46.15817
124,6.06336,46.15827
125,6.08077,46.48197
126,6.08122,46.46398
127,6.08132,46.46408
128,6.08142,46.46418
129,6.08152,46.46428
130,6.08162,46.46438
131,6.08167,46.446
132,6.08177,46.4461
133,6.08187,46.4462
134,6.08213,46.42801
135,6.08223,46.42811
136,6.08233,46.42821
137,6.08243,46.42831
138,6.08253,46.42841
139,6.08258,46.41002
140,6.08268,46.41012
141,6.08661,46.24812
142,6.08671,46.24822
143,6.08681,46.24832
144,6.08691,46.24842
145,6.08701,46.24852
146,6.08706,46.23013
147,6.08716,46.23023
148,6.08726,46.23033
149,6.08736,46.23043
150,6.08746,46.23053
151,6.08751,46.21214
152,6.08761,46.21224
153,6.08771,46.21234
154,6.08781,46.21244
155,6.08791,46.21254
156,6.08796,46.19416
157,6.08806,46.19426
158,6.08816,46.19436
159,6.08826,46.19446
160,6.08836,46.19456
161,6.0884,46.17617
162,6.0885,46.17627
163,6.0886,46.17637
164,6.0887,46.17647
165,6.0888,46.17657
166,6.08885,46.15818
167,6.08895,46.15828
168,6.08905,46.15838
169,6.08915,46.15848
170,6.08925,46.15858
171,6.08929,46.14019
172,6.08939,46.14029
173,6.08949,46.14039
174,6.08959,46.14049
175,6.08969,46.14059
176,6.10637,46.50027
177,6.10647,46.50037
178,6.10657,46.50047
179,6.10667,46.50057
180,6.10681,46.48228
181,6.10691,46.48238
182,6.10726,46.46429
183,6.10736,46.46439
184,6.10746,46.46449
185,6.10756,46.46459
186,6.10766,46.46469
187,6.1077,46.4463
188,6.1078,46.4464
189,6.1079,46.4465
190,6.108,46.4466
191,6.1081,46.4467
192,6.10814,46.42832
193,6.10824,46.42842
194,6.10834,46.42852
195,6.10844,46.42862
196,6.10854,46.42872
197,6.10858,46.41033
198,6.10868,46.41043
199,6.11079,46.32038
200,6.11089,46.32048
201,6.11099,46.32058
202,6.11109,46.32068
203,6.11119,46.32078
204,6.11123,46.30239
205,6.11133,46.30249
206,6.11143,46.30259
207,6.11153,46.30269
208,6.11163,46.30279
209,6.11167,46.28441
210,6.11177,46.28451
211,6.11187,46.28461
212,6.11197,46.28471
213,6.11207,46.28481
214,6.1121,46.26642
215,6.1122,46.26652
216,6.1123,46.26662
217,6.1124,46.26672
218,6.1125,46.26682
219,6.11254,46.24843
220,6.11264,46.24853
221,6.11274,46.24863
222,6.11284,46.24873
223,6.11294,46.24883
224,6.11298,46.23044
225,6.11308,46.23054
226,6.11318,46.23064
227,6.11328,46.23074
228,6.11338,46.23084
229,6.11342,46.21245
230,6.11352,46.21255
231,6.11362,46.21265
232,6.11372,46.21275
233,6.11382,46.21285
234,6.11386,46.19446
235,6.11396,46.19456
236,6.11406,46.19466
237,6.11416,46.19476
238,6.11426,46.19486
239,6.1143,46.17647
240,6.1144,46.17657
241,6.1145,46.17667
242,6.1146,46.17677
243,6.1147,46.17687
244,6.11473,46.15849
245,6.11483,46.15859
246,6.11493,46.15869
247,6.11503,46.15879
248,6.11513,46.15889
249,6.11517,46.1405
250,6.11527,46.1406
251,6.11537,46.1407
252,6.11547,46.1408
253,6.11557,46.1409
254,6.13155,46.53655
255,6.13199,46.51856
256,6.13209,46.51866
257,6.13219,46.51876
258,6.13229,46.51886
259,6.13239,46.51896
260,6.13242,46.50057
261,6.13252,46.50067
262,6.13262,46.50077
263,6.13272,46.50087
264,6.13282,46.50097
265,6.13286,46.48258
266,6.13296,46.48268
267,6.13329,46.4646
268,6.13339,46.4647
269,6.13349,46.4648
270,6.13359,46.4649
271,6.13369,46.465
272,6.13372,46.44661
273,6.13382,46.44671
274,6.13392,46.44681
275,6.13402,46.44691
276,6.13412,46.44701
277,6.13416,46.42862
278,6.13426,46.42872
279,6.13459,46.41063
280,6.13502,46.39264
281,6.13512,46.39274
282,6.13522,46.39284
283,6.13532,46.39294
284,6.13542,46.39304
285,6.13545,46.37465
286,6.13555,46.37475
287,6.13565,46.37485
288,6.13575,46.37495
289,6.13585,46.37505
290,6.13632,46.33867
291,6.13642,46.33877
292,6.13652,46.33887
293,6.13662,46.33897
294,6.13672,46.33907
295,6.13675,46.32068
296,6.13685,46.32078
297,6.13695,46.32088
298,6.13705,46.32098
299,6.13715,46.32108
300,6.13718,46.3027
301,6.13728,46.3028
302,6.13738,46.3029
303,6.13748,46.303
304,6.13758,46.3031
305,6.13761,46.28471
306,6.13771,46.28481
307,6.13781,46.28491
308,6.13791,46.28501
309,6.13801,46.28511
310,6.13804,46.26672
311,6.13814,46.26682
312,6.13824,46.26692
313,6.13834,46.26702
314,6.13844,46.26712
315,6.13847,46.24873
316,6.13857,46.24883
317,6.13867,46.24893
318,6.13877,46.24903
319,6.13887,46.24913
320,6.1389,46.23074
321,6.139,46.23084
322,6.1391,46.23094
323,6.1392,46.23104
324,6.1393,46.23114
325,6.13933,46.21275
326,6.13943,46.21285
327,6.13953,46.21295
328,6.13963,46.21305
329,6.13973,46.21315
330,6.13976,46.19476
331,6.13986,46.19486
332,6.13996,46.19496
333,6.14006,46.19506
334,6.14016,46.19516
335,6.14019,46.17677
336,6.14029,46.17687
337,6.14039,46.17697
338,6.14049,46.17707
339,6.14059,46.17717
340,6.14062,46.15879
341,6.14072,46.15889
342,6.14082,46.15899
343,6.14092,46.15909
344,6.14102,46.15919
345,6.14105,46.1408
346,6.14115,46.1409
347,6.14125,46.141
348,6.14135,46.1411
349,6.14145,46.1412
350,6.15634,46.59081
351,6.15677,46.57282
352,6.15687,46.57292
353,6.15697,46.57302
354,6.15719,46.55484
355,6.15729,46.55494
356,6.15739,46.55504
357,6.15749,46.55514
358,6.15759,46.55524
359,6.15762,46.53685
360,6.15772,46.53695
361,6.15782,46.53705
362,6.15792,46.53715
363,6.15802,46.53725
364,6.15805,46.51886
365,6.15815,46.51896
366,6.15847,46.50087
367,6.15857,46.50097
368,6.15867,46.50107
369,6.1589,46.48288
370,6.159,46.48298
371,6.15932,46.46489
372,6.15942,46.46499
373,6.15952,46.46509
374,6.15962,46.46519
375,6.15972,46.46529
376,6.15975,46.4469
377,6.15985,46.447
378,6.15995,46.4471
379,6.16005,46.4472
380,6.16015,46.4473
381,6.16017,46.42891
382,6.16027,46.42901
383,6.16037,46.42911
384,6.16047,46.42921
385,6.16057,46.42931
386,6.1606,46.41093
387,6.1607,46.41103
388,6.1608,46.41113
389,6.1609,46.41123
390,6.161,46.41133
391,6.16102,46.39294
392,6.16112,46.39304
393,6.16122,46.39314
394,6.16132,46.39324
395,6.16142,46.39334
396,6.16144,46.37495
397,6.16154,46.37505
398,6.16164,46.37515
399,6.16174,46.37525
400,6.16184,46.37535
401,6.16187,46.35696
402,6.16197,46.35706
403,6.16207,46.35716
404,6.16217,46.35726
405,6.16227,46.35736
406,6.16229,46.33897
407,6.16239,46.33907
408,6.16249,46.33917
409,6.16259,46.33927
410,6.16269,46.33937
411,6.16271,46.32098
412,6.16281,46.32108
413,6.16291,46.32118
414,6.16301,46.32128
415,6.16311,46.32138
416,6.16314,46.30299
417,6.16324,46.30309
418,6.16334,46.30319
419,6.16344,46.30329
420,6.16354,46.30339
421,6.16356,46.285
422,6.16366,46.2851
423,6.16376,46.2852
424,6.16386,46.2853
425,6.16396,46.2854
426,6.16398,46.26701
427,6.16408,46.26711
428,6.16418,46.26721
429,6.16428,46.26731
430,6.16438,46.26741
431,6.1644,46.24903
432,6.1645,46.24913
433,6.1646,46.24923
434,6.1647,46.24933
435,6.1648,46.24943
436,6.16525,46.21305
437,6.16535,46.21315
438,6.16545,46.21325
439,6.16555,46.21335
440,6.16565,46.21345
441,6.16567,46.19506
442,6.16577,46.19516
443,6.16587,46.19526
444,6.16597,46.19536
445,6.16607,46.19546
446,6.16609,46.17707
447,6.16619,46.17717
448,6.16629,46.17727
449,6.16639,46.17737
450,6.16649,46.17747
451,6.16651,46.15908
452,6.16661,46.15918
453,6.16671,46.15928
454,6.16681,46.15938
455,6.16691,46.15948
456,6.18243,46.5911
457,6.18253,46.5912
458,6.18263,46.5913
459,6.18285,46.57312
460,6.18295,46.57322
461,6.18305,46.57332
462,6.18315,46.57342
463,6.18325,46.57352
464,6.18327,46.55513
465,6.18337,46.55523
466,6.18347,46.55533
467,6.18369,46.53714
468,6.18379,46.53724
469,6.18389,46.53734
470,6.1841,46.51915
471,6.1842,46.51925
472,6.1843,46.51935
473,6.18452,46.50116
474,6.18462,46.50126
475,6.18494,46.48317
476,6.18504,46.48327
477,6.18514,46.48337
478,6.18524,46.48347
479,6.18534,46.48357
480,6.18536,46.46518
481,6.18546,46.46528
482,6.18556,46.46538
483,6.18566,46.46548
484,6.18576,46.46558
485,6.18577,46.44719
486,6.18587,46.44729
487,6.18597,46.44739
488,6.18607,46.44749
489,6.18617,46.44759
490,6.18619,46.4292
491,6.18629,46.4293
492,6.18639,46.4294
493,6.18649,46.4295
494,6.18659,46.4296
495,6.1866,46.41122
496,6.1867,46.41132
497,6.1868,46.41142
498,6.1869,46.41152
499,6.187,46.41162
500,6.18702,46.39323
501,6.18712,46.39333
502,6.18722,46.39343
503,6.18732,46.39353
504,6.18742,46.39363
505,6.18743,46.37524
506,6.18753,46.37534
507,6.18763,46.37544
508,6.18773,46.37554
509,6.18783,46.37564
510,6.18785,46.35725
511,6.18795,46.35735
512,6.18805,46.35745
513,6.18815,46.35755
514,6.18825,46.35765
515,6.18826,46.33926
516,6.18836,46.33936
517,6.18846,46.33946
518,6.18856,46.33956
519,6.18866,46.33966
520,6.18868,46.32127
521,6.18878,46.32137
522,6.18888,46.32147
523,6.18898,46.32157
524,6.18908,46.32167
525,6.18909,46.30328
526,6.18919,46.30338
527,6.18929,46.30348
528,6.18939,46.30358
529,6.18949,46.30368
530,6.18992,46.2673
531,6.19002,46.2674
532,6.19012,46.2675
533,6.19022,46.2676
534,6.19032,46.2677
535,6.19033,46.24931
536,6.19043,46.24941
537,6.19053,46.24951
538,6.19063,46.24961
539,6.19073,46.24971
540,6.19075,46.23133
541,6.19085,46.23143
542,6.19095,46.23153
543,6.19105,46.23163
544,6.19115,46.23173
545,6.19116,46.21334
546,6.19126,46.21344
547,6.19136,46.21354
548,6.19146,46.21364
549,6.19156,46.21374
550,6.19157,46.19535
551,6.19167,46.19545
552,6.19177,46.19555
553,6.19187,46.19565
554,6.19197,46.19575
555,6.19198,46.17736
556,6.19208,46.17746
557,6.19218,46.17756
558,6.19228,46.17766
559,6.19238,46.17776
560,6.1924,46.15937
561,6.1925,46.15947
562,6.1926,46.15957
563,6.1927,46.15967
564,6.1928,46.15977
565,6.20771,46.62737
566,6.20781,46.62747
567,6.20812,46.60938
568,6.20822,46.60948
569,6.20832,46.60958
570,6.20842,46.60968
571,6.20852,46.60978
572,6.20853,46.59139
573,6.20863,46.59149
574,6.20873,46.59159
575,6.20883,46.59169
576,6.20893,46.59179
577,6.20894,46.5734
578,6.20904,46.5735
579,6.20914,46.5736
580,6.20924,46.5737
581,6.20934,46.5738
582,6.20935,46.55541
583,6.20945,46.55551
584,6.20955,46.55561
585,6.20965,46.55571
586,6.20976,46.53742
587,6.21016,46.51943
588,6.21026,46.51953
589,6.21036,46.51963
590,6.21046,46.51973
591,6.21057,46.50145
592,6.21067,46.50155
593,6.21077,46.50165
594,6.21098,46.48346
595,6.21108,46.48356
596,6.21118,46.48366
597,6.21128,46.48376
598,6.21138,46.48386
599,6.21139,46.46547
600,6.21149,46.46557
601,6.21159,46.46567
602,6.21169,46.46577
603,6.21179,46.46587
604,6.2118,46.44748
605,6.2119,46.44758
606,6.212,46.44768
607,6.2121,46.44778
608,6.2122,46.42949
609,6.2122,46.44788
610,6.2123,46.42959
611,6.2124,46.42969
612,6.2125,46.42979
613,6.2126,46.42989
614,6.21261,46.4115
615,6.21271,46.4116
616,6.21281,46.4117
617,6.21291,46.4118
618,6.21301,46.4119
619,6.21302,46.39351
620,6.21312,46.39361
621,6.21322,46.39371
622,6.21332,46.39381
623,6.21342,46.37552
624,6.21342,46.39391
625,6.21352,46.37562
626,6.21362,46.37572
627,6.21372,46.37582
628,6.21382,46.37592
629,6.21383,46.35753
630,6.21393,46.35763
631,6.21403,46.35773
632,6.21413,46.35783
633,6.21423,46.35793
634,6.21424,46.33954
635,6.21434,46.33964
636,6.21444,46.33974
637,6.21454,46.33984
638,6.21464,46.32155
639,6.21464,46.33994
640,6.21474,46.32165
641,6.21484,46.32175
642,6.21494,46.32185
643,6.21545,46.28558
644,6.21555,46.28568
645,6.21565,46.28578
646,6.21575,46.28588
647,6.21585,46.28598
648,6.21586,46.26759
649,6.21596,46.26769
650,6.21606,46.26779
651,6.21616,46.26789
652,6.21626,46.2496
653,6.21626,46.26799
654,6.21636,46.2497
655,6.21646,46.2498
656,6.21656,46.2499
657,6.21666,46.25
658,6.21667,46.23161
659,6.21677,46.23171
660,6.21687,46.23181
661,6.21697,46.23191
662,6.21707,46.21362
663,6.21707,46.23201
664,6.21717,46.21372
665,6.21727,46.21382
666,6.21737,46.21392
667,6.21747,46.21402
668,6.21748,46.19563
669,6.21758,46.19573
670,6.21768,46.19583
671,6.21778,46.19593
672,6.21788,46.19603
673,6.23342,46.64564
674,6.23382,46.62765
675,6.23392,46.62775
676,6.23402,46.62785
677,6.23412,46.62795
678,6.23422,46.60966
679,6.23422,46.62805
680,6.23432,46.60976
681,6.23442,46.60986
682,6.23452,46.60996
683,6.23462,46.59167
684,6.23462,46.61006
685,6.23472,46.59177
686,6.23482,46.59187
687,6.23492,46.59197
688,6.23502,46.57368
689,6.23502,46.59207
690,6.23512,46.57378
691,6.23522,46.57388
692,6.23532,46.57398
693,6.23542,46.55569
694,6.23542,46.57408
695,6.23552,46.55579
696,6.23582,46.5377
697,6.23592,46.5378
698,6.23602,46.5379
699,6.23612,46.538
700,6.23622,46.51971
701,6.23662,46.50172
702,6.23672,46.50182
703,6.23682,46.50192
704,6.23692,46.50202
705,6.23702,46.48374
706,6.23702,46.50212
707,6.23712,46.48384
708,6.23722,46.48394
709,6.23732,46.48404
710,6.23742,46.46575
711,6.23742,46.48414
712,6.23752,46.46585
713,6.23762,46.46595
714,6.23772,46.46605
715,6.23782,46.44776
716,6.23782,46.46615
717,6.23792,46.44786
718,6.23802,46.44796
719,6.23812,46.44806
720,6.23822,46.42977
721,6.23822,46.44816
722,6.23832,46.42987
723,6.23842,46.42997
724,6.23852,46.43007
725,6.23862,46.41178
726,6.23862,46.43017
727,6.23872,46.41188
728,6.23882,46.41198
729,6.23892,46.41208
730,6.23902,46.39379
731,6.23902,46.41218
732,6.23912,46.39389
733,6.23922,46.39399
734,6.23932,46.39409
735,6.23942,46.3758
736,6.23942,46.39419
737,6.23952,46.3759
738,6.23962,46.376
739,6.23972,46.3761
740,6.23981,46.35781
741,6.23982,46.3762
742,6.241,46.30384
743,6.2411,46.30394
744,6.2412,46.30404
745,6.2413,46.30414
746,6.2414,46.28585
747,6.2414,46.30424
748,6.2415,46.28595
749,6.2416,46.28605
750,6.2417,46.28615
751,6.2418,46.26787
752,6.2418,46.28625
753,6.2419,46.26797
754,6.242,46.26807
755,6.2421,46.26817
756,6.24219,46.24988
757,6.2422,46.26827
758,6.24229,46.24998
759,6.24239,46.25008
760,6.24249,46.25018
761,6.24259,46.23189
762,6.24259,46.25028
763,6.24269,46.23199
764,6.24279,46.23209
765,6.24289,46.23219
766,6.24299,46.2139
767,6.24299,46.23229
768,6.24309,46.214
769,6.24319,46.2141
770,6.24329,46.2142
771,6.24338,46.19591
772,6.24339,46.2143
773,6.24348,46.19601
774,6.24358,46.19611
775,6.25915,46.6639
776,6.25925,46.664
777,6.25954,46.64591
778,6.25964,46.64601
779,6.25974,46.64611
780,6.25984,46.64621
781,6.25993,46.62792
782,6.25994,46.64631
783,6.26003,46.62802
784,6.26013,46.62812
785,6.26023,46.62822
786,6.26032,46.60993
787,6.26033,46.62832
788,6.26042,46.61003
789,6.26052,46.61013
790,6.26062,46.61023
791,6.26072,46.59194
792,6.26072,46.61033
793,6.26082,46.59204
794,6.26092,46.59214
795,6.26102,46.59224
796,6.26111,46.57395
797,6.26121,46.57405
798,6.26131,46.57415
799,6.26141,46.57425
800,6.2615,46.55596
801,6.2616,46.55606
802,6.2617,46.55616
803,6.2618,46.55626
804,6.26189,46.53798
805,6.2619,46.55636
806,6.26199,46.53808
807,6.26228,46.51999
808,6.26238,46.52009
809,6.26248,46.52019
810,6.26258,46.52029
811,6.26268,46.502
812,6.26268,46.52039
813,6.26278,46.5021
814,6.26288,46.5022
815,6.26298,46.5023
816,6.26307,46.48401
817,6.26308,46.5024
818,6.26317,46.48411
819,6.26327,46.48421
820,6.26337,46.48431
821,6.26346,46.46602
822,6.26347,46.48441
823,6.26356,46.46612
824,6.26366,46.46622
825,6.26376,46.46632
826,6.26385,46.44803
827,6.26386,46.46642
828,6.26395,46.44813
829,6.26405,46.44823
830,6.26415,46.44833
831,6.26424,46.43004
832,6.26425,46.44843
833,6.26434,46.43014
834,6.26444,46.43024
835,6.26454,46.43034
836,6.26463,46.41205
837,6.26464,46.43044
838,6.26473,46.41215
839,6.26483,46.41225
840,6.26493,46.41235
841,6.26502,46.39406
842,6.26503,46.41245
843,6.26512,46.39416
844,6.26522,46.39426
845,6.26532,46.39436
846,6.26542,46.39446
847,6.26812,46.25015
848,6.26822,46.25025
849,6.26832,46.25035
850,6.26842,46.25045
851,6.26851,46.23216
852,6.26852,46.25055
853,6.26861,46.23226
854,6.26871,46.23236
855,6.26881,46.23246
856,6.2689,46.21417
857,6.26891,46.23256
858,6.269,46.21427
859,6.2691,46.21437
860,6.2692,46.21447
861,6.2693,46.21457
862,6.28489,46.68216
863,6.28499,46.68226
864,6.28509,46.68236
865,6.28528,46.66417
866,6.28538,46.66427
867,6.28548,46.66437
868,6.28558,46.66447
869,6.28566,46.64618
870,6.28568,46.66457
871,6.28576,46.64628
872,6.28586,46.64638
873,6.28596,46.64648
874,6.28604,46.62819
875,6.28606,46.64658
876,6.28614,46.62829
877,6.28624,46.62839
878,6.28634,46.62849
879,6.28643,46.6102
880,6.28644,46.62859
881,6.28653,46.6103
882,6.28663,46.6104
883,6.28681,46.59221
884,6.28691,46.59231
885,6.28701,46.59241
886,6.28711,46.59251
887,6.2872,46.57422
888,6.28721,46.59261
889,6.2873,46.57432
890,6.2874,46.57442
891,6.2875,46.57452
892,6.28758,46.55623
893,6.2876,46.57462
894,6.28768,46.55633
895,6.28834,46.52025
896,6.28844,46.52035
897,6.28854,46.52045
898,6.28864,46.52055
899,6.28873,46.50226
900,6.28874,46.52065
901,6.28883,46.50236
902,6.28893,46.50246
903,6.28903,46.50256
904,6.28911,46.48427
905,6.28913,46.50266
906,6.28921,46.48437
907,6.28931,46.48447
908,6.28941,46.48457
909,6.28949,46.46629
910,6.28951,46.48467
911,6.28959,46.46639
912,6.28969,46.46649
913,6.28979,46.46659
914,6.28987,46.4483
915,6.28989,46.46669
916,6.28997,46.4484
917,6.29007,46.4485
918,6.29017,46.4486
919,6.29025,46.43031
920,6.29027,46.4487
921,6.29035,46.43041
922,6.29045,46.43051
923,6.29055,46.43061
924,6.29064,46.41232
925,6.29065,46.43071
926,6.29074,46.41242
927,6.29084,46.41252
928,6.29094,46.41262
929,6.29102,46.39433
930,6.29104,46.41272
931,6.29112,46.39443
932,6.29406,46.25041
933,6.29416,46.25051
934,6.29426,46.25061
935,6.29436,46.25071
936,6.29443,46.23242
937,6.29446,46.25081
938,6.29453,46.23252
939,6.29463,46.23262
940,6.29473,46.23272
941,6.29481,46.21444
942,6.29483,46.23282
943,6.29491,46.21454
944,6.31065,46.70041
945,6.31103,46.68242
946,6.31113,46.68252
947,6.31123,46.68262
948,6.31133,46.68272
949,6.31141,46.66443
950,6.31143,46.68282
951,6.31151,46.66453
952,6.31161,46.66463
953,6.31171,46.66473
954,6.31178,46.64644
955,6.31181,46.66483
956,6.31188,46.64654
957,6.31198,46.64664
958,6.31208,46.64674
959,6.31216,46.62845
960,6.31218,46.64684
961,6.31226,46.62855
962,6.31253,46.61046
963,6.31263,46.61056
964,6.31273,46.61066
965,6.31283,46.61076
966,6.31291,46.59247
967,6.31293,46.61086
968,6.31301,46.59257
969,6.31311,46.59267
970,6.31328,46.57448
971,6.31338,46.57458
972,6.31348,46.57468
973,6.31358,46.57478
974,6.31366,46.55649
975,6.31403,46.5385
976,6.3144,46.52051
977,6.3145,46.52061
978,6.3146,46.52071
979,6.3147,46.52081
980,6.31478,46.50253
981,6.3148,46.52091
982,6.31488,46.50263
983,6.31498,46.50273
984,6.31508,46.50283
985,6.31515,46.48454
986,6.31518,46.50293
987,6.31525,46.48464
988,6.31535,46.48474
989,6.31545,46.48484
990,6.31553,46.46655
991,6.31555,46.48494
992,6.31563,46.46665
993,6.31573,46.46675
994,6.31583,46.46685
995,6.3159,46.44856
996,6.31593,46.46695
997,6.316,46.44866
998,6.3161,46.44876
999,6.3162,46.44886
1000,6.31627,46.43057
1001,6.3163,46.44896
1002,6.31637,46.43067
1003,6.31647,46.43077
1004,6.31657,46.43087
1005,6.31667,46.43097
1006,6.31999,46.25067
1007,6.32009,46.25077
1008,6.32019,46.25087
1009,6.32029,46.25097
1010,6.32036,46.23268
1011,6.32039,46.25107
1012,6.3368,46.70066
1013,6.3369,46.70076
1014,6.337,46.70086
1015,6.3371,46.70096
1016,6.33717,46.68267
1017,6.3372,46.70106
1018,6.33727,46.68277
1019,6.33737,46.68287
1020,6.33747,46.68297
1021,6.33754,46.66468
1022,6.33757,46.68307
1023,6.33764,46.66478
1024,6.33774,46.66488
1025,6.33784,46.66498
1026,6.3379,46.6467
1027,6.33794,46.66508
1028,6.338,46.6468
1029,6.3381,46.6469
1030,6.3382,46.647
1031,6.33827,46.62871
1032,6.3383,46.6471
1033,6.33837,46.62881
1034,6.33847,46.62891
1035,6.33857,46.62901
1036,6.33864,46.61072
1037,6.33867,46.62911
1038,6.33874,46.61082
1039,6.339,46.59273
1040,6.33937,46.57474
1041,6.33947,46.57484
1042,6.33957,46.57494
1043,6.33967,46.57504
1044,6.33973,46.55675
1045,6.33983,46.55685
1046,6.33993,46.55695
1047,6.34003,46.55705
1048,6.3401,46.53876
1049,6.34013,46.55715
1050,6.3402,46.53886
1051,6.3403,46.53896
1052,6.3404,46.53906
1053,6.34047,46.52077
1054,6.3405,46.53916
1055,6.34057,46.52087
1056,6.34067,46.52097
1057,6.34077,46.52107
1058,6.34083,46.50278
1059,6.34087,46.52117
1060,6.34093,46.50288
1061,6.34103,46.50298
1062,6.34113,46.50308
1063,6.3412,46.48479
1064,6.34123,46.50318
1065,6.3413,46.48489
1066,6.3414,46.48499
1067,6.3415,46.48509
1068,6.34156,46.4668
1069,6.3416,46.48519
1070,6.34166,46.4669
1071,6.34176,46.467
1072,6.34186,46.4671
1073,6.34192,46.44881
1074,6.34196,46.4672
1075,6.34202,46.44891
1076,6.34212,46.44901
1077,6.34222,46.44911
1078,6.34232,46.44921
1079,6.36259,46.7189
1080,6.36269,46.719
1081,6.36279,46.7191
1082,6.36289,46.7192
1083,6.36295,46.70091
1084,6.36299,46.7193
1085,6.36305,46.70101
1086,6.36315,46.70111
1087,6.36325,46.70121
1088,6.36331,46.68292
1089,6.36335,46.70131
1090,6.36341,46.68302
1091,6.36351,46.68312
1092,6.36361,46.68322
1093,6.36367,46.66493
1094,6.36371,46.68332
1095,6.36377,46.66503
1096,6.36387,46.66513
1097,6.36397,46.66523
1098,6.36402,46.64695
1099,6.36407,46.66533
1100,6.36412,46.64705
1101,6.36422,46.64715
1102,6.36432,46.64725
1103,6.36438,46.62896
1104,6.36442,46.64735
1105,6.36474,46.61097
1106,6.36484,46.61107
1107,6.36494,46.61117
1108,6.36504,46.61127
1109,6.3651,46.59298
1110,6.36514,46.61137
1111,6.3652,46.59308
1112,6.3653,46.59318
1113,6.3654,46.59328
1114,6.36546,46.57499
1115,6.3655,46.59338
1116,6.36556,46.57509
1117,6.36566,46.57519
1118,6.36576,46.57529
1119,6.36581,46.557
1120,6.36586,46.57539
1121,6.36591,46.5571
1122,6.36601,46.5572
1123,6.36611,46.5573
1124,6.36617,46.53901
1125,6.36621,46.5574
1126,6.36627,46.53911
1127,6.36637,46.53921
1128,6.36647,46.53931
1129,6.36653,46.52102
1130,6.36663,46.52112
1131,6.36673,46.52122
1132,6.36683,46.52132
1133,6.36688,46.50303
1134,6.36693,46.52142
1135,6.36698,46.50313
1136,6.36708,46.50323
1137,6.36718,46.50333
1138,6.36724,46.48504
1139,6.36728,46.50343
1140,6.36734,46.48514
1141,6.36744,46.48524
1142,6.36754,46.48534
1143,6.3676,46.46705
1144,6.36764,46.48544
1145,6.3677,46.46715
1146,6.3678,46.46725
1147,6.3679,46.46735
1148,6.368,46.46745
1149,6.3884,46.73714
1150,6.3885,46.73724
1151,6.3886,46.73734
1152,6.3887,46.73744
1153,6.38875,46.71915
1154,6.3888,46.73754
1155,6.38885,46.71925
1156,6.38895,46.71935
1157,6.38905,46.71945
1158,6.3891,46.70116
1159,6.38915,46.71955
1160,6.3892,46.70126
1161,6.3893,46.70136
1162,6.3894,46.70146
1163,6.38945,46.68317
1164,6.3895,46.70156
1165,6.38955,46.68327
1166,6.38965,46.68337
1167,6.38975,46.68347
1168,6.3898,46.66518
1169,6.38985,46.68357
1170,6.3899,46.66528
1171,6.39,46.66538
1172,6.3901,46.66548
1173,6.39015,46.64719
1174,6.3902,46.66558
1175,6.39025,46.64729
1176,6.39035,46.64739
1177,6.39045,46.64749
1178,6.3905,46.6292
1179,6.39055,46.64759
1180,6.3906,46.6293
1181,6.3907,46.6294
1182,6.3908,46.6295
1183,6.39085,46.61121
1184,6.3909,46.6296
1185,6.39095,46.61131
1186,6.39105,46.61141
1187,6.39115,46.61151
1188,6.39119,46.59322
1189,6.39125,46.61161
1190,6.39129,46.59332
1191,6.39139,46.59342
1192,6.39149,46.59352
1193,6.39154,46.57523
1194,6.39159,46.59362
1195,6.39164,46.57533
1196,6.39174,46.57543
1197,6.39184,46.57553
1198,6.39189,46.55724
1199,6.39194,46.57563
1200,6.39199,46.55734
1201,6.39209,46.55744
1202,6.39219,46.55754
1203,6.39224,46.53925
1204,6.39229,46.55764
1205,6.39234,46.53935
1206,6.39244,46.53945
1207,6.39254,46.53955
1208,6.39259,46.52126
1209,6.39264,46.53965
1210,6.39269,46.52136
1211,6.39279,46.52146
1212,6.39289,46.52156
1213,6.39294,46.50327
1214,6.39299,46.52166
1215,6.39304,46.50337
1216,6.39314,46.50347
1217,6.39324,46.50357
1218,6.39328,46.48528
1219,6.39334,46.50367
1220,6.39338,46.48538
1221,6.39348,46.48548
1222,6.39358,46.48558
1223,6.39363,46.46729
1224,6.39368,46.48568
1225,6.39373,46.46739
1226,6.39383,46.46749
1227,6.39393,46.46759
1228,6.39403,46.46769
1229,6.41422,46.75536
1230,6.41432,46.75546
1231,6.41456,46.73737
1232,6.41466,46.73747
1233,6.41476,46.73757
1234,6.41486,46.73767
1235,6.4149,46.71938
1236,6.41496,46.73777
1237,6.415,46.71948
1238,6.4151,46.71958
1239,6.4152,46.71968
1240,6.41524,46.7014
1241,6.4153,46.71978
1242,6.41534,46.7015
1243,6.41544,46.7016
1244,6.41554,46.7017
1245,6.41559,46.68341
1246,6.41564,46.7018
1247,6.41569,46.68351
1248,6.41579,46.68361
1249,6.41593,46.66542
1250,6.41603,46.66552
1251,6.41613,46.66562
1252,6.41623,46.66572
1253,6.41627,46.64743
1254,6.41633,46.66582
1255,6.41637,46.64753
1256,6.41647,46.64763
1257,6.41657,46.64773
1258,6.41661,46.62944
1259,6.41667,46.64783
1260,6.41671,46.62954
1261,6.41681,46.62964
1262,6.41691,46.62974
1263,6.41695,46.61145
1264,6.41701,46.62984
1265,6.41705,46.61155
1266,6.41715,46.61165
1267,6.41725,46.61175
1268,6.41729,46.59346
1269,6.41735,46.61185
1270,6.41739,46.59356
1271,6.41749,46.59366
1272,6.41759,46.59376
1273,6.41763,46.57547
1274,6.41769,46.59386
1275,6.41773,46.57557
1276,6.41783,46.57567
1277,6.41793,46.57577
1278,6.41797,46.55748
1279,6.41803,46.57587
1280,6.41807,46.55758
1281,6.41817,46.55768
1282,6.41827,46.55778
1283,6.41831,46.53949
1284,6.41837,46.55788
1285,6.41841,46.53959
1286,6.41851,46.53969
1287,6.41861,46.53979
1288,6.41865,46.5215
1289,6.41871,46.53989
1290,6.41875,46.5216
1291,6.41885,46.5217
1292,6.41895,46.5218
1293,6.41899,46.50351
1294,6.41905,46.5219
1295,6.41909,46.50361
1296,6.41919,46.50371
1297,6.41929,46.50381
1298,6.41933,46.48552
1299,6.41939,46.50391
1300,6.41943,46.48562
1301,6.41953,46.48572
1302,6.41963,46.48582
1303,6.41967,46.46753
1304,6.41973,46.48592
1305,6.41977,46.46763
1306,6.41987,46.46773
1307,6.41997,46.46783
1308,6.42007,46.46793
1309,6.43705,46.93549
1310,6.43715,46.93559
1311,6.43725,46.93569
1312,6.43735,46.93579
1313,6.43738,46.9175
1314,6.43745,46.93589
1315,6.43748,46.9176
1316,6.43872,46.84554
1317,6.43906,46.82755
1318,6.43916,46.82765
1319,6.43926,46.82775
1320,6.43936,46.82785
1321,6.43939,46.80956
1322,6.43946,46.82795
1323,6.43949,46.80966
1324,6.43959,46.80976
1325,6.43969,46.80986
1326,6.43979,46.80996
1327,6.44006,46.77358
1328,6.44039,46.7556
1329,6.44049,46.7557
1330,6.44059,46.7558
1331,6.44069,46.7559
1332,6.44073,46.73761
1333,6.44079,46.756
1334,6.44083,46.73771
1335,6.44093,46.73781
1336,6.44103,46.73791
1337,6.44106,46.71962
1338,6.44113,46.73801
1339,6.44116,46.71972
1340,6.44126,46.71982
1341,6.44136,46.71992
1342,6.44139,46.70163
1343,6.44146,46.72002
1344,6.44149,46.70173
1345,6.44159,46.70183
1346,6.44169,46.70193
1347,6.44173,46.68364
1348,6.44179,46.70203
1349,6.44183,46.68374
1350,6.44193,46.68384
1351,6.44203,46.68394
1352,6.44206,46.66565
1353,6.44213,46.68404
1354,6.44216,46.66575
1355,6.44226,46.66585
1356,6.44236,46.66595
1357,6.44239,46.64766
1358,6.44246,46.66605
1359,6.44249,46.64776
1360,6.44259,46.64786
1361,6.44269,46.64796
1362,6.44272,46.62967
1363,6.44279,46.64806
1364,6.44282,46.62977
1365,6.44292,46.62987
1366,6.44302,46.62997
1367,6.44306,46.61168
1368,6.44312,46.63007
1369,6.44316,46.61178
1370,6.44326,46.61188
1371,6.44336,46.61198
1372,6.44339,46.59369
1373,6.44346,46.61208
1374,6.44349,46.59379
1375,6.44359,46.59389
1376,6.44369,46.59399
1377,6.44372,46.5757
1378,6.44379,46.59409
1379,6.44382,46.5758
1380,6.44392,46.5759
1381,6.44402,46.576
1382,6.44405,46.55771
1383,6.44412,46.5761
1384,6.44415,46.55781
1385,6.44425,46.55791
1386,6.44435,46.55801
1387,6.44438,46.53972
1388,6.44445,46.55811
1389,6.44448,46.53982
1390,6.44458,46.53992
1391,6.44468,46.54002
1392,6.44471,46.52173
1393,6.44478,46.54012
1394,6.44481,46.52183
1395,6.44491,46.52193
1396,6.44501,46.52203
1397,6.44504,46.50374
1398,6.44511,46.52213
1399,6.44514,46.50384
1400,6.44524,46.50394
1401,6.44534,46.50404
1402,6.44537,46.48575
1403,6.44544,46.50414
1404,6.44547,46.48585
1405,6.44557,46.48595
1406,6.44567,46.48605
1407,6.4457,46.46776
1408,6.44577,46.48615
1409,6.4458,46.46786
1410,6.4459,46.46796
1411,6.446,46.46806
1412,6.4461,46.46816
1413,6.46298,46.9537
1414,6.46308,46.9538
1415,6.46318,46.9539
1416,6.46328,46.954
1417,6.46331,46.93571
1418,6.46338,46.9541
1419,6.46341,46.93581
1420,6.46351,46.93591
1421,6.46361,46.93601
1422,6.46364,46.91773
1423,6.46371,46.93611
1424,6.46374,46.91783
1425,6.46384,46.91793
1426,6.46394,46.91803
1427,6.46396,46.89974
1428,6.46404,46.91813
1429,6.46406,46.89984
1430,6.46416,46.89994
1431,6.46426,46.90004
1432,6.46429,46.88175
1433,6.46436,46.90014
1434,6.46439,46.88185
1435,6.46449,46.88195
1436,6.46459,46.88205
1437,6.46462,46.86376
1438,6.46469,46.88215
1439,6.46472,46.86386
1440,6.46482,46.86396
1441,6.46492,46.86406
1442,6.46494,46.84577
1443,6.46502,46.86416
1444,6.46504,46.84587
1445,6.46514,46.84597
1446,6.46524,46.84607
1447,6.46527,46.82778
1448,6.46534,46.84617
1449,6.46537,46.82788
1450,6.46547,46.82798
1451,6.46557,46.82808
1452,6.46559,46.80979
1453,6.46567,46.82818
1454,6.46569,46.80989
1455,6.46579,46.80999
1456,6.46589,46.81009
1457,6.46592,46.7918
1458,6.46599,46.81019
1459,6.46602,46.7919
1460,6.46612,46.792
1461,6.46622,46.7921
1462,6.46624,46.77381
1463,6.46632,46.7922
1464,6.46634,46.77391
1465,6.46644,46.77401
1466,6.46654,46.77411
1467,6.46657,46.75582
1468,6.46664,46.77421
1469,6.46667,46.75592
1470,6.46677,46.75602
1471,6.46687,46.75612
1472,6.46689,46.73783
1473,6.46697,46.75622
1474,6.46699,46.73793
1475,6.46709,46.73803
1476,6.46719,46.73813
1477,6.46722,46.71984
1478,6.46729,46.73823
1479,6.46732,46.71994
1480,6.46742,46.72004
1481,6.46752,46.72014
1482,6.46754,46.70185
1483,6.46762,46.72024
1484,6.46764,46.70195
1485,6.46774,46.70205
1486,6.46784,46.70215
1487,6.46787,46.68386
1488,6.46794,46.70225
1489,6.46797,46.68396
1490,6.46807,46.68406
1491,6.46817,46.68416
1492,6.46819,46.66587
1493,6.46827,46.68426
1494,6.46829,46.66597
1495,6.46839,46.66607
1496,6.46849,46.66617
1497,6.46851,46.64788
1498,6.46859,46.66627
1499,6.46861,46.64798
1500,6.46871,46.64808
1501,6.46881,46.64818
1502,6.46884,46.62989
1503,6.46891,46.64828
1504,6.46894,46.62999
1505,6.46904,46.63009
1506,6.46914,46.63019
1507,6.46916,46.6119
1508,6.46924,46.63029
1509,6.46926,46.612
1510,6.46936,46.6121
1511,6.46946,46.6122
1512,6.46948,46.59392
1513,6.46956,46.6123
1514,6.46958,46.59402
1515,6.46968,46.59412
1516,6.46978,46.59422
1517,6.46981,46.57593
1518,6.46988,46.59432
1519,6.46991,46.57603
1520,6.47001,46.57613
1521,6.47011,46.57623
1522,6.47013,46.55794
1523,6.47021,46.57633
1524,6.47023,46.55804
1525,6.47033,46.55814
1526,6.47043,46.55824
1527,6.47045,46.53995
1528,6.47053,46.55834
1529,6.47055,46.54005
1530,6.47065,46.54015
1531,6.47075,46.54025
1532,6.47077,46.52196
1533,6.47085,46.54035
1534,6.47087,46.52206
1535,6.47097,46.52216
1536,6.47107,46.52226
1537,6.47109,46.50397
1538,6.47117,46.52236
1539,6.47119,46.50407
1540,6.47129,46.50417
1541,6.47139,46.50427
1542,6.47142,46.48598
1543,6.47149,46.50437
1544,6.47152,46.48608
1545,6.47162,46.48618
1546,6.47172,46.48628
1547,6.47182,46.48638
1548,6.48894,46.97191
1549,6.48904,46.97201
1550,6.48925,46.95392
1551,6.48935,46.95402
1552,6.48945,46.95412
1553,6.48957,46.93594
1554,6.48967,46.93604
1555,6.48977,46.93614
1556,6.48987,46.93624
1557,6.48989,46.91795
1558,6.48997,46.93634
1559,6.48999,46.91805
1560,6.49009,46.91815
1561,6.49019,46.91825
1562,6.49021,46.89996
1563,6.49029,46.91835
1564,6.49031,46.90006
1565,6.49041,46.90016
1566,6.49051,46.90026
1567,6.49053,46.88197
1568,6.49061,46.90036
1569,6.49063,46.88207
1570,6.49073,46.88217
1571,6.49083,46.88227
1572,6.49084,46.86398
1573,6.49093,46.88237
1574,6.49094,46.86408
1575,6.49104,46.86418
1576,6.49114,46.86428
1577,6.49116,46.84599
1578,6.49124,46.86438
1579,6.49126,46.84609
1580,6.49136,46.84619
1581,6.49146,46.84629
1582,6.49148,46.828
1583,6.49156,46.84639
1584,6.49158,46.8281
1585,6.49168,46.8282
1586,6.49178,46.8283
1587,6.4918,46.81001
1588,6.49188,46.8284
1589,6.4919,46.81011
1590,6.492,46.81021
1591,6.4921,46.81031
1592,6.49211,46.79202
1593,6.4922,46.81041
1594,6.49221,46.79212
1595,6.49231,46.79222
1596,6.49243,46.77403
1597,6.49253,46.77413
1598,6.49263,46.77423
1599,6.49273,46.77433
1600,6.49274,46.75604
1601,6.49284,46.75614
1602,6.49294,46.75624
1603,6.49304,46.75634
1604,6.49306,46.73805
1605,6.49314,46.75644
1606,6.49316,46.73815
1607,6.49326,46.73825
1608,6.49336,46.73835
1609,6.49338,46.72006
1610,6.49346,46.73845
1611,6.49348,46.72016
1612,6.49358,46.72026
1613,6.49368,46.72036
1614,6.49369,46.70207
1615,6.49378,46.72046
1616,6.49379,46.70217
1617,6.49389,46.70227
1618,6.49399,46.70237
1619,6.49401,46.68408
1620,6.49409,46.70247
1621,6.49411,46.68418
1622,6.49421,46.68428
1623,6.49432,46.66609
1624,6.49442,46.66619
1625,6.49452,46.66629
1626,6.49462,46.66639
1627,6.49464,46.6481
1628,6.49472,46.66649
1629,6.49474,46.6482
1630,6.49484,46.6483
1631,6.49494,46.6484
1632,6.49495,46.63011
1633,6.49504,46.6485
1634,6.49505,46.63021
1635,6.49515,46.63031
1636,6.49525,46.63041
1637,6.49527,46.61212
1638,6.49535,46.63051
1639,6.49537,46.61222
1640,6.49547,46.61232
1641,6.49557,46.61242
1642,6.49558,46.59413
1643,6.49567,46.61252
1644,6.49568,46.59423
1645,6.49578,46.59433
1646,6.49588,46.59443
1647,6.49589,46.57614
1648,6.49598,46.59453
1649,6.49599,46.57624
1650,6.49609,46.57634
1651,6.49619,46.57644
1652,6.49621,46.55815
1653,6.49629,46.57654
1654,6.49631,46.55825
1655,6.49641,46.55835
1656,6.49651,46.55845
1657,6.49652,46.54017
1658,6.49661,46.55855
1659,6.49662,46.54027
1660,6.49672,46.54037
1661,6.49682,46.54047
1662,6.49684,46.52218
1663,6.49692,46.54057
1664,6.49694,46.52228
1665,6.49704,46.52238
1666,6.49714,46.52248
1667,6.49715,46.50419
1668,6.49724,46.52258
1669,6.49725,46.50429
1670,6.49735,46.50439
1671,6.49745,46.50449
1672,6.49755,46.50459
1673,6.51522,46.97213
1674,6.51553,46.95414
1675,6.51563,46.95424
1676,6.51573,46.95434
1677,6.51583,46.95444
1678,6.51584,46.93615
1679,6.51593,46.95454
1680,6.51594,46.93625
1681,6.51604,46.93635
1682,6.51614,46.93645
1683,6.51615,46.91816
1684,6.51624,46.93655
1685,6.51625,46.91826
1686,6.51635,46.91836
1687,6.51645,46.90017
1688,6.51645,46.91846
1689,6.51655,46.90027
1690,6.51655,46.91856
1691,6.51665,46.90037
1692,6.51675,46.90047
1693,6.51676,46.88218
1694,6.51685,46.90057
1695,6.51686,46.88228
1696,6.51696,46.88238
1697,6.51706,46.88248
1698,6.51707,46.86419
1699,6.51716,46.88258
1700,6.51717,46.86429
1701,6.51727,46.86439
1702,6.51737,46.86449
1703,6.51738,46.8462
1704,6.51747,46.86459
1705,6.51748,46.8463
1706,6.51758,46.8464
1707,6.51768,46.8465
1708,6.51769,46.82821
1709,6.51778,46.8466
1710,6.51779,46.82831
1711,6.51789,46.82841
1712,6.51799,46.82851
1713,6.518,46.81022
1714,6.51809,46.82861
1715,6.5181,46.81032
1716,6.5182,46.81042
1717,6.5183,46.79224
1718,6.5183,46.81052
1719,6.5184,46.79234
1720,6.5184,46.81062
1721,6.5185,46.79244
1722,6.5186,46.79254
1723,6.51861,46.77425
1724,6.5187,46.79264
1725,6.51871,46.77435
1726,6.51881,46.77445
1727,6.51891,46.77455
1728,6.51892,46.75626
1729,6.51901,46.77465
1730,6.51902,46.75636
1731,6.51912,46.75646
1732,6.51922,46.75656
1733,6.51923,46.73827
1734,6.51932,46.75666
1735,6.51933,46.73837
1736,6.51943,46.73847
1737,6.51953,46.72028
1738,6.51953,46.73857
1739,6.51963,46.72038
1740,6.51963,46.73867
1741,6.51973,46.72048
1742,6.51983,46.72058
1743,6.51984,46.70229
1744,6.51993,46.72068
1745,6.51994,46.70239
1746,6.52004,46.70249
1747,6.52014,46.70259
1748,6.52015,46.6843
1749,6.52024,46.70269
1750,6.52025,46.6844
1751,6.52035,46.6845
1752,6.52045,46.66631
1753,6.52045,46.6846
1754,6.52055,46.66641
1755,6.52055,46.6847
1756,6.52065,46.66651
1757,6.52075,46.66661
1758,6.52076,46.64832
1759,6.52085,46.66671
1760,6.52086,46.64842
1761,6.52096,46.64852
1762,6.52106,46.64862
1763,6.52107,46.63033
1764,6.52116,46.64872
1765,6.52117,46.63043
1766,6.52127,46.63053
1767,6.52137,46.61234
1768,6.52137,46.63063
1769,6.52147,46.61244
1770,6.52147,46.63073
1771,6.52157,46.61254
1772,6.52167,46.61264
1773,6.52168,46.59435
1774,6.52177,46.61274
1775,6.52178,46.59445
1776,6.52188,46.59455
1777,6.52198,46.57636
1778,6.52198,46.59465
1779,6.52208,46.57646
1780,6.52208,46.59475
1781,6.52218,46.57656
1782,6.52228,46.57666
1783,6.52229,46.55837
1784,6.52238,46.57676
1785,6.52239,46.55847
1786,6.52249,46.55857
1787,6.52259,46.54038
1788,6.52259,46.55867
1789,6.52269,46.54048
1790,6.52269,46.55877
1791,6.52279,46.54058
1792,6.52289,46.54068
1793,6.5229,46.52239
1794,6.52299,46.54078
1795,6.523,46.52249
1796,6.5231,46.52259
1797,6.5232,46.5044
1798,6.5232,46.52269
1799,6.5233,46.5045
1800,6.5233,46.52279
1801,6.5234,46.5046
1802,6.5235,46.5047
1803,6.5236,46.5048
1804,6.5415,46.97234
1805,6.5416,46.97244
1806,6.5417,46.97254
1807,6.5418,46.95435
1808,6.5418,46.97264
1809,6.5419,46.95445
1810,6.5419,46.97274
1811,6.542,46.95455
1812,6.5421,46.93636
1813,6.5421,46.95465
1814,6.5422,46.93646
1815,6.5422,46.95475
1816,6.5423,46.93656
1817,6.5424,46.91837
1818,6.5424,46.93666
1819,6.5425,46.91847
1820,6.5425,46.93676
1821,6.5426,46.91857
1822,6.5427,46.90038
1823,6.5427,46.91867
1824,6.5428,46.90048
1825,6.5428,46.91877
1826,6.5429,46.90058
1827,6.543,46.88239
1828,6.543,46.90068
1829,6.5431,46.88249
1830,6.5431,46.90078
1831,6.5432,46.88259
1832,6.5433,46.8644
1833,6.5433,46.88269
1834,6.5434,46.8645
1835,6.5434,46.88279
1836,6.5435,46.8646
1837,6.5436,46.84641
1838,6.5436,46.8647
1839,6.5437,46.84651
1840,6.5437,46.8648
1841,6.5438,46.84661
1842,6.5439,46.82842
1843,6.5439,46.84671
1844,6.544,46.82852
1845,6.544,46.84681
1846,6.5441,46.82862
1847,6.5442,46.81043
1848,6.5442,46.82872
1849,6.5443,46.81053
1850,6.5443,46.82882
1851,6.5444,46.81063
1852,6.5445,46.79244
1853,6.5445,46.81073
1854,6.5446,46.79254
1855,6.5446,46.81083
1856,6.5447,46.79264
1857,6.5448,46.77445
1858,6.5448,46.79274
1859,6.5449,46.77455
1860,6.5449,46.79284
1861,6.545,46.77465
1862,6.5451,46.75646
1863,6.5451,46.77475
1864,6.5452,46.75656
1865,6.5452,46.77485
1866,6.5453,46.75666
1867,6.54539,46.73847
1868,6.5454,46.75676
1869,6.54549,46.73857
1870,6.5455,46.75686
1871,6.54559,46.73867
1872,6.54569,46.72048
1873,6.54569,46.73877
1874,6.54579,46.72058
1875,6.54579,46.73887
1876,6.54589,46.72068
1877,6.54599,46.7025
1878,6.54599,46.72078
1879,6.54609,46.7026
1880,6.54609,46.72088
1881,6.54619,46.7027
1882,6.54629,46.68451
1883,6.54629,46.7028
1884,6.54639,46.68461
1885,6.54639,46.7029
1886,6.54649,46.68471
1887,6.54659,46.66652
1888,6.54659,46.68481
1889,6.54669,46.66662
1890,6.54669,46.68491
1891,6.54679,46.66672
1892,6.54688,46.64853
1893,6.54689,46.66682
1894,6.54698,46.64863
1895,6.54699,46.66692
1896,6.54708,46.64873
1897,6.54718,46.63054
1898,6.54718,46.64883
1899,6.54728,46.63064
1900,6.54728,46.64893
1901,6.54738,46.63074
1902,6.54748,46.61255
1903,6.54748,46.63084
1904,6.54758,46.61265
1905,6.54758,46.63094
1906,6.54768,46.61275
1907,6.54777,46.59456
1908,6.54778,46.61285
1909,6.54787,46.59466
1910,6.54788,46.61295
1911,6.54797,46.59476
1912,6.54807,46.57657
1913,6.54807,46.59486
1914,6.54817,46.57667
1915,6.54817,46.59496
1916,6.54827,46.57677
1917,6.54837,46.55858
1918,6.54837,46.57687
1919,6.54847,46.55868
1920,6.54847,46.57697
1921,6.54857,46.55878
1922,6.54866,46.54059
1923,6.54867,46.55888
1924,6.54876,46.54069
1925,6.54877,46.55898
1926,6.54886,46.54079
1927,6.54896,46.5226
1928,6.54896,46.54089
1929,6.54906,46.5227
1930,6.54906,46.54099
1931,6.54916,46.5228
1932,6.54926,46.50461
1933,6.54926,46.5229
1934,6.54936,46.50471
1935,6.54936,46.523
1936,6.54946,46.50481
1937,6.54956,46.50491
1938,6.54966,46.50501
1939,6.56778,46.97254
1940,6.56788,46.97264
1941,6.56798,46.97274
1942,6.56807,46.95455
1943,6.56808,46.97284
1944,6.56817,46.95465
1945,6.56818,46.97294
1946,6.56827,46.95475
1947,6.56836,46.93656
1948,6.56837,46.95485
1949,6.56846,46.93666
1950,6.56847,46.95495
1951,6.56856,46.93676
1952,6.56865,46.91857
1953,6.56866,46.93686
1954,6.56875,46.91867
1955,6.56876,46.93696
1956,6.56885,46.91877
1957,6.56895,46.90058
1958,6.56895,46.91887
1959,6.56905,46.90068
1960,6.56905,46.91897
1961,6.56915,46.90078
1962,6.56924,46.88259
1963,6.56925,46.90088
1964,6.56934,46.88269
1965,6.56935,46.90098
1966,6.56944,46.88279
1967,6.56953,46.8646
1968,6.56954,46.88289
1969,6.56963,46.8647
1970,6.56964,46.88299
1971,6.56973,46.8648
1972,6.56982,46.84661
1973,6.56983,46.8649
1974,6.56992,46.84671
1975,6.56993,46.865
1976,6.57002,46.84681
1977,6.57011,46.82863
1978,6.57012,46.84691
1979,6.57021,46.82873
1980,6.57022,46.84701
1981,6.57031,46.82883
1982,6.5704,46.81064
1983,6.57041,46.82893
1984,6.5705,46.81074
1985,6.57051,46.82903
1986,6.5706,46.81084
1987,6.57069,46.79265
1988,6.5707,46.81094
1989,6.57079,46.79275
1990,6.5708,46.81104
1991,6.57089,46.79285
1992,6.57098,46.77466
1993,6.57099,46.79295
1994,6.57108,46.77476
1995,6.57109,46.79305
1996,6.57118,46.77486
1997,6.57127,46.75667
1998,6.57128,46.77496
1999,6.57137,46.75677
2000,6.57138,46.77506
2001,6.57147,46.75687
2002,6.57156,46.73868
2003,6.57157,46.75697
2004,6.57166,46.73878
2005,6.57167,46.75707
2006,6.57176,46.73888
2007,6.57185,46.72069
2008,6.57195,46.72079
2009,6.57205,46.72089
2010,6.57214,46.7027
2011,6.57215,46.72099
2012,6.57224,46.7028
2013,6.57225,46.72109
2014,6.57234,46.7029
2015,6.57243,46.68471
2016,6.57244,46.703
2017,6.57253,46.68481
2018,6.57254,46.7031
2019,6.57263,46.68491
2020,6.57272,46.66672
2021,6.57273,46.68501
2022,6.57282,46.66682
2023,6.57283,46.68511
2024,6.57292,46.66692
2025,6.57301,46.64873
2026,6.57302,46.66702
2027,6.57311,46.64883
2028,6.57312,46.66712
2029,6.57321,46.64893
2030,6.5733,46.63074
2031,6.57331,46.64903
2032,6.5734,46.63084
2033,6.57341,46.64913
2034,6.5735,46.63094
2035,6.57358,46.61275
2036,6.5736,46.63104
2037,6.57368,46.61285
2038,6.5737,46.63114
2039,6.57378,46.61295
2040,6.57387,46.59476
2041,6.57388,46.61305
2042,6.57397,46.59486
2043,6.57398,46.61315
2044,6.57407,46.59496
2045,6.57416,46.57677
2046,6.57417,46.59506
2047,6.57426,46.57687
2048,6.57427,46.59516
2049,6.57436,46.57697
2050,6.57445,46.55878
2051,6.57446,46.57707
2052,6.57455,46.55888
2053,6.57456,46.57717
2054,6.57465,46.55898
2055,6.57474,46.54079
2056,6.57475,46.55908
2057,6.57484,46.54089
2058,6.57485,46.55918
2059,6.57494,46.54099
2060,6.57502,46.5228
2061,6.57504,46.54109
2062,6.57512,46.5229
2063,6.57514,46.54119
2064,6.57522,46.523
2065,6.57531,46.50481
2066,6.57532,46.5231
2067,6.57541,46.50491
2068,6.57542,46.5232
2069,6.57551,46.50501
2070,6.57561,46.50511
2071,6.57571,46.50521
2072,6.59378,46.99073
2073,6.59388,46.99083
2074,6.59398,46.99093
2075,6.59406,46.97274
2076,6.59408,46.99103
2077,6.59416,46.97284
2078,6.59418,46.99113
2079,6.59426,46.97294
2080,6.59434,46.95475
2081,6.59436,46.97304
2082,6.59444,46.95485
2083,6.59446,46.97314
2084,6.59454,46.95495
2085,6.59463,46.93676
2086,6.59464,46.95505
2087,6.59473,46.93686
2088,6.59474,46.95515
2089,6.59483,46.93696
2090,6.59491,46.91877
2091,6.59493,46.93706
2092,6.59501,46.91887
2093,6.59503,46.93716
2094,6.59511,46.91897
2095,6.59519,46.90078
2096,6.59521,46.91907
2097,6.59529,46.90088
2098,6.59531,46.91917
2099,6.59539,46.90098
2100,6.59547,46.88279
2101,6.59549,46.90108
2102,6.59557,46.88289
2103,6.59559,46.90118
2104,6.59567,46.88299
2105,6.59576,46.8648
2106,6.59577,46.88309
2107,6.59586,46.8649
2108,6.59587,46.88319
2109,6.59596,46.865
2110,6.59604,46.84681
2111,6.59614,46.84691
2112,6.59624,46.84701
2113,6.59632,46.82882
2114,6.59634,46.84711
2115,6.59642,46.82892
2116,6.59644,46.84721
2117,6.59652,46.82902
2118,6.5966,46.81083
2119,6.59662,46.82912
2120,6.5967,46.81093
2121,6.59672,46.82922
2122,6.5968,46.81103
2123,6.59688,46.79284
2124,6.5969,46.81113
2125,6.59698,46.79294
2126,6.597,46.81123
2127,6.59708,46.79304
2128,6.59717,46.77485
2129,6.59718,46.79314
2130,6.59727,46.77495
2131,6.59728,46.79324
2132,6.59737,46.77505
2133,6.59745,46.75686
2134,6.59747,46.77515
2135,6.59755,46.75696
2136,6.59757,46.77525
2137,6.59765,46.75706
2138,6.59773,46.73887
2139,6.59775,46.75716
2140,6.59783,46.73897
2141,6.59785,46.75726
2142,6.59793,46.73907
2143,6.59801,46.72088
2144,6.59803,46.73917
2145,6.59811,46.72098
2146,6.59813,46.73927
2147,6.59821,46.72108
2148,6.59829,46.70289
2149,6.59831,46.72118
2150,6.59839,46.70299
2151,6.59841,46.72128
2152,6.59849,46.70309
2153,6.59857,46.6849
2154,6.59859,46.70319
2155,6.59867,46.685
2156,6.59869,46.70329
2157,6.59877,46.6851
2158,6.59885,46.66691
2159,6.59887,46.6852
2160,6.59895,46.66701
2161,6.59897,46.6853
2162,6.59905,46.66711
2163,6.59913,46.64892
2164,6.59915,46.66721
2165,6.59923,46.64902
2166,6.59925,46.66731
2167,6.59933,46.64912
2168,6.59941,46.63093
2169,6.59943,46.64922
2170,6.59951,46.63103
2171,6.59953,46.64932
2172,6.59961,46.63113
2173,6.59969,46.61294
2174,6.59971,46.63123
2175,6.59979,46.61304
2176,6.59981,46.63133
2177,6.59989,46.61314
2178,6.59997,46.59495
2179,6.59999,46.61324
2180,6.60007,46.59505
2181,6.60009,46.61334
2182,6.60017,46.59515
2183,6.60025,46.57696
2184,6.60027,46.59525
2185,6.60035,46.57706
2186,6.60037,46.59535
2187,6.60045,46.57716
2188,6.60053,46.55897
2189,6.60055,46.57726
2190,6.60063,46.55907
2191,6.60065,46.57736
2192,6.60073,46.55917
2193,6.60081,46.54098
2194,6.60083,46.55927
2195,6.60091,46.54108
2196,6.60093,46.55937
2197,6.60101,46.54118
2198,6.60109,46.52299
2199,6.60111,46.54128
2200,6.60119,46.52309
2201,6.60121,46.54138
2202,6.60129,46.52319
2203,6.60136,46.505
2204,6.60139,46.52329
2205,6.60146,46.5051
2206,6.60149,46.52339
2207,6.60156,46.5052
2208,6.60166,46.5053
2209,6.60176,46.5054
2210,6.62007,46.99092
2211,6.62017,46.99102
2212,6.62027,46.99112
2213,6.62034,46.97293
2214,6.62037,46.99122
2215,6.62044,46.97303
2216,6.62047,46.99132
2217,6.62054,46.97313
2218,6.62062,46.95494
2219,6.62064,46.97323
2220,6.62072,46.95504
2221,6.62074,46.97333
2222,6.62082,46.95514
2223,6.62089,46.93695
2224,6.62092,46.95524
2225,6.62099,46.93705
2226,6.62102,46.95534
2227,6.62109,46.93715
2228,6.62116,46.91896
2229,6.62119,46.93725
2230,6.62126,46.91906
2231,6.62129,46.93735
2232,6.62136,46.91916
2233,6.62144,46.90097
2234,6.62146,46.91926
2235,6.62154,46.90107
2236,6.62156,46.91936
2237,6.62164,46.90117
2238,6.62171,46.88298
2239,6.62174,46.90127
2240,6.62181,46.88308
2241,6.62184,46.90137
2242,6.62191,46.88318
2243,6.62199,46.86499
2244,6.62201,46.88328
2245,6.62209,46.86509
2246,6.62211,46.88338
2247,6.62219,46.86519
2248,6.62226,46.847
2249,6.62229,46.86529
2250,6.62236,46.8471
2251,6.62239,46.86539
2252,6.62246,46.8472
2253,6.62253,46.82901
2254,6.62256,46.8473
2255,6.62263,46.82911
2256,6.62266,46.8474
2257,6.62273,46.82921
2258,6.62281,46.81102
2259,6.62283,46.82931
2260,6.62291,46.81112
2261,6.62293,46.82941
2262,6.62301,46.81122
2263,6.62308,46.79303
2264,6.62311,46.81132
2265,6.62318,46.79313
2266,6.62321,46.81142
2267,6.62328,46.79323
2268,6.62335,46.77504
2269,6.62338,46.79333
2270,6.62345,46.77514
2271,6.62348,46.79343
2272,6.62355,46.77524
2273,6.62362,46.75705
2274,6.62365,46.77534
2275,6.62372,46.75715
2276,6.62375,46.77544
2277,6.62382,46.75725
2278,6.6239,46.73906
2279,6.62392,46.75735
2280,6.624,46.73916
2281,6.62402,46.75745
2282,6.6241,46.73926
2283,6.62417,46.72107
2284,6.6242,46.73936
2285,6.62427,46.72117
2286,6.6243,46.73946
2287,6.62437,46.72127
2288,6.62444,46.70308
2289,6.62447,46.72137
2290,6.62454,46.70318
2291,6.62457,46.72147
2292,6.62464,46.70328
2293,6.62471,46.68509
2294,6.62474,46.70338
2295,6.62481,46.68519
2296,6.62484,46.70348
2297,6.62491,46.68529
2298,6.62498,46.6671
2299,6.62501,46.68539
2300,6.62508,46.6672
2301,6.62511,46.68549
2302,6.62518,46.6673
2303,6.62525,46.64911
2304,6.62528,46.6674
2305,6.62535,46.64921
2306,6.62538,46.6675
2307,6.62545,46.64931
2308,6.62553,46.63112
2309,6.62555,46.64941
2310,6.62563,46.63122
2311,6.62565,46.64951
2312,6.62573,46.63132
2313,6.6258,46.61313
2314,6.62583,46.63142
2315,6.6259,46.61323
2316,6.62593,46.63152
2317,6.626,46.61333
2318,6.62607,46.59514
2319,6.6261,46.61343
2320,6.62617,46.59524
2321,6.6262,46.61353
2322,6.62627,46.59534
2323,6.62634,46.57715
2324,6.62637,46.59544
2325,6.62644,46.57725
2326,6.62647,46.59554
2327,6.62654,46.57735
2328,6.62661,46.55916
2329,6.62664,46.57745
2330,6.62671,46.55926
2331,6.62674,46.57755
2332,6.62681,46.55936
2333,6.62688,46.54117
2334,6.62691,46.55946
2335,6.62698,46.54127
2336,6.62701,46.55956
2337,6.62708,46.54137
2338,6.62715,46.52318
2339,6.62718,46.54147
2340,6.62725,46.52328
2341,6.62728,46.54157
2342,6.62735,46.52338
2343,6.62742,46.50519
2344,6.62745,46.52348
2345,6.62752,46.50529
2346,6.62755,46.52358
2347,6.62762,46.50539
2348,6.62772,46.50549
2349,6.62782,46.50559
2350,6.64583,47.02708
2351,6.64593,47.02718
2352,6.64603,47.02728
2353,6.64609,47.00909
2354,6.64613,47.02738
2355,6.64619,47.00919
2356,6.64629,47.00929
2357,6.64636,46.9911
2358,6.64639,47.00939
2359,6.64646,46.9912
2360,6.64649,47.00949
2361,6.64656,46.9913
2362,6.64662,46.97311
2363,6.64666,46.9914
2364,6.64672,46.97321
2365,6.64676,46.9915
2366,6.64682,46.97331
2367,6.64689,46.95512
2368,6.64692,46.97341
2369,6.64699,46.95522
2370,6.64702,46.97351
2371,6.64709,46.95532
2372,6.64715,46.93713
2373,6.64719,46.95542
2374,6.64725,46.93723
2375,6.64729,46.95552
2376,6.64735,46.93733
2377,6.64742,46.91914
2378,6.64745,46.93743
2379,6.64752,46.91924
2380,6.64755,46.93753
2381,6.64762,46.91934
2382,6.64769,46.90116
2383,6.64772,46.91944
2384,6.64779,46.90126
2385,6.64782,46.91954
2386,6.64789,46.90136
2387,6.64795,46.88317
2388,6.64799,46.90146
2389,6.64805,46.88327
2390,6.64809,46.90156
2391,6.64815,46.88337
2392,6.64821,46.86518
2393,6.64825,46.88347
2394,6.64831,46.86528
2395,6.64835,46.88357
2396,6.64841,46.86538
2397,6.64848,46.84719
2398,6.64851,46.86548
2399,6.64858,46.84729
2400,6.64861,46.86558
2401,6.64868,46.84739
2402,6.64874,46.8292
2403,6.64878,46.84749
2404,6.64884,46.8293
2405,6.64888,46.84759
2406,6.64894,46.8294
2407,6.64901,46.81121
2408,6.64904,46.8295
2409,6.64911,46.81131
2410,6.64914,46.8296
2411,6.64921,46.81141
2412,6.64927,46.79322
2413,6.64931,46.81151
2414,6.64937,46.79332
2415,6.64941,46.81161
2416,6.64947,46.79342
2417,6.64954,46.77523
2418,6.64957,46.79352
2419,6.64964,46.77533
2420,6.64967,46.79362
2421,6.64974,46.77543
2422,6.6498,46.75724
2423,6.64984,46.77553
2424,6.6499,46.75734
2425,6.64994,46.77563
2426,6.65,46.75744
2427,6.65006,46.73925
2428,6.6501,46.75754
2429,6.65016,46.73935
2430,6.6502,46.75764
2431,6.65026,46.73945
2432,6.65033,46.72126
2433,6.65036,46.73955
2434,6.65043,46.72136
2435,6.65046,46.73965
2436,6.65053,46.72146
2437,6.65059,46.70327
2438,6.65063,46.72156
2439,6.65069,46.70337
2440,6.65073,46.72166
2441,6.65079,46.70347
2442,6.65085,46.68528
2443,6.65089,46.70357
2444,6.65095,46.68538
2445,6.65099,46.70367
2446,6.65105,46.68548
2447,6.65112,46.66729
2448,6.65115,46.68558
2449,6.65122,46.66739
2450,6.65125,46.68568
2451,6.65132,46.66749
2452,6.65138,46.6493
2453,6.65142,46.66759
2454,6.65148,46.6494
2455,6.65152,46.66769
2456,6.65158,46.6495
2457,6.65164,46.63131
2458,6.65168,46.6496
2459,6.65174,46.63141
2460,6.65178,46.6497
2461,6.65184,46.63151
2462,6.6519,46.61332
2463,6.65194,46.63161
2464,6.652,46.61342
2465,6.65204,46.63171
2466,6.6521,46.61352
2467,6.65217,46.59533
2468,6.6522,46.61362
2469,6.65227,46.59543
2470,6.6523,46.61372
2471,6.65237,46.59553
2472,6.65243,46.57734
2473,6.65247,46.59563
2474,6.65253,46.57744
2475,6.65257,46.59573
2476,6.65263,46.57754
2477,6.65269,46.55935
2478,6.65273,46.57764
2479,6.65279,46.55945
2480,6.65283,46.57774
2481,6.65289,46.55955
2482,6.65295,46.54136
2483,6.65299,46.55965
2484,6.65305,46.54146
2485,6.65309,46.55975
2486,6.65315,46.54156
2487,6.65321,46.52337
2488,6.65325,46.54166
2489,6.65331,46.52347
2490,6.65335,46.54176
2491,6.65341,46.52357
2492,6.65347,46.50537
2493,6.65351,46.52367
2494,6.65357,46.50547
2495,6.65361,46.52377
2496,6.65367,46.50557
2497,6.65377,46.50567
2498,6.65387,46.50577
2499,6.67213,47.02726
2500,6.67223,47.02736
2501,6.67233,47.02746
2502,6.67239,47.00927
2503,6.67243,47.02756
2504,6.67249,47.00937
2505,6.67253,47.02766
2506,6.67259,47.00947
2507,6.67265,46.99128
2508,6.67269,47.00957
2509,6.67275,46.99138
2510,6.67279,47.00967
2511,6.67285,46.99148
2512,6.67291,46.97329
2513,6.67295,46.99158
2514,6.67301,46.97339
2515,6.67305,46.99168
2516,6.67311,46.97349
2517,6.67316,46.9553
2518,6.67321,46.97359
2519,6.67326,46.9554
2520,6.67331,46.97369
2521,6.67336,46.9555
2522,6.67342,46.93731
2523,6.67346,46.9556
2524,6.67352,46.93741
2525,6.67356,46.9557
2526,6.67362,46.93751
2527,6.67368,46.91932
2528,6.67372,46.93761
2529,6.67378,46.91942
2530,6.67382,46.93771
2531,6.67388,46.91952
2532,6.67393,46.90133
2533,6.67398,46.91962
2534,6.67403,46.90143
2535,6.67408,46.91972
2536,6.67413,46.90153
2537,6.67419,46.88334
2538,6.67423,46.90163
2539,6.67429,46.88344
2540,6.67433,46.90173
2541,6.67439,46.88354
2542,6.67444,46.86535
2543,6.67449,46.88364
2544,6.67454,46.86545
2545,6.67459,46.88374
2546,6.67464,46.86555
2547,6.6747,46.84736
2548,6.67474,46.86565
2549,6.6748,46.84746
2550,6.67484,46.86575
2551,6.6749,46.84756
2552,6.67496,46.82937
2553,6.675,46.84766
2554,6.67506,46.82947
2555,6.6751,46.84776
2556,6.67516,46.82957
2557,6.67521,46.81138
2558,6.67526,46.82967
2559,6.67531,46.81148
2560,6.67536,46.82977
2561,6.67541,46.81158
2562,6.67547,46.7934
2563,6.67551,46.81168
2564,6.67557,46.7935
2565,6.67561,46.81178
2566,6.67567,46.7936
2567,6.67572,46.77541
2568,6.67577,46.7937
2569,6.67582,46.77551
2570,6.67587,46.7938
2571,6.67592,46.77561
2572,6.67598,46.75742
2573,6.67602,46.77571
2574,6.67608,46.75752
2575,6.67612,46.77581
2576,6.67618,46.75762
2577,6.67623,46.73943
2578,6.67628,46.75772
2579,6.67633,46.73953
2580,6.67638,46.75782
2581,6.67643,46.73963
2582,6.67649,46.72144
2583,6.67653,46.73973
2584,6.67659,46.72154
2585,6.67663,46.73983
2586,6.67669,46.72164
2587,6.67674,46.70345
2588,6.67679,46.72174
2589,6.67684,46.70355
2590,6.67689,46.72184
2591,6.67694,46.70365
2592,6.67699,46.68545
2593,6.67704,46.70375
2594,6.67709,46.68555
2595,6.67714,46.70385
2596,6.67719,46.68565
2597,6.67725,46.66746
2598,6.67729,46.68575
2599,6.67735,46.66756
2600,6.67739,46.68585
2601,6.67745,46.66766
2602,6.6775,46.64947
2603,6.67755,46.66776
2604,6.6776,46.64957
2605,6.67765,46.66786
2606,6.6777,46.64967
2607,6.67776,46.63148
2608,6.6778,46.64977
2609,6.67786,46.63158
2610,6.6779,46.64987
2611,6.67796,46.63168
2612,6.67801,46.61349
2613,6.67806,46.63178
2614,6.67811,46.61359
2615,6.67816,46.63188
2616,6.67821,46.61369
2617,6.67826,46.5955
2618,6.67831,46.61379
2619,6.67836,46.5956
2620,6.67841,46.61389
2621,6.67846,46.5957
2622,6.67852,46.57751
2623,6.67856,46.5958
2624,6.67862,46.57761
2625,6.67866,46.5959
2626,6.67872,46.57771
2627,6.67877,46.55952
2628,6.67882,46.57781
2629,6.67887,46.55962
2630,6.67897,46.55972
2631,6.67902,46.54153
2632,6.67907,46.55982
2633,6.67912,46.54163
2634,6.67917,46.55992
2635,6.67922,46.54173
2636,6.67928,46.52354
2637,6.67932,46.54183
2638,6.67938,46.52364
2639,6.67942,46.54193
2640,6.67948,46.52374
2641,6.67953,46.50555
2642,6.67958,46.52384
2643,6.67963,46.50565
2644,6.67968,46.52394
2645,6.67973,46.50575
2646,6.67983,46.50585
2647,6.67993,46.50595
2648,6.6977,47.0814
2649,6.6978,47.0815
2650,6.6979,47.0816
2651,6.69794,47.06341
2652,6.698,47.0817
2653,6.69804,47.06351
2654,6.6981,47.0818
2655,6.69814,47.06361
2656,6.69819,47.04542
2657,6.69824,47.06371
2658,6.69829,47.04552
2659,6.69834,47.06381
2660,6.69839,47.04562
2661,6.69844,47.02743
2662,6.69849,47.04572
2663,6.69854,47.02753
2664,6.69859,47.04582
2665,6.69864,47.02763
2666,6.69869,47.00944
2667,6.69874,47.02773
2668,6.69879,47.00954
2669,6.69884,47.02783
2670,6.69889,47.00964
2671,6.69894,46.99145
2672,6.69899,47.00974
2673,6.69904,46.99155
2674,6.69909,47.00984
2675,6.69914,46.99165
2676,6.69919,46.97346
2677,6.69924,46.99175
2678,6.69929,46.97356
2679,6.69934,46.99185
2680,6.69939,46.97366
2681,6.69944,46.95548
2682,6.69949,46.97376
2683,6.69954,46.95558
2684,6.69959,46.97386
2685,6.69964,46.95568
2686,6.69968,46.93749
2687,6.69974,46.95578
2688,6.69978,46.93759
2689,6.69984,46.95588
2690,6.69988,46.93769
2691,6.69993,46.9195
2692,6.69998,46.93779
2693,6.70003,46.9196
2694,6.70008,46.93789
2695,6.70013,46.9197
2696,6.70018,46.90151
2697,6.70023,46.9198
2698,6.70028,46.90161
2699,6.70033,46.9199
2700,6.70038,46.90171
2701,6.70043,46.88352
2702,6.70048,46.90181
2703,6.70053,46.88362
2704,6.70058,46.90191
2705,6.70063,46.88372
2706,6.70067,46.86553
2707,6.70073,46.88382
2708,6.70077,46.86563
2709,6.70083,46.88392
2710,6.70087,46.86573
2711,6.70092,46.84754
2712,6.70097,46.86583
2713,6.70102,46.84764
2714,6.70107,46.86593
2715,6.70112,46.84774
2716,6.70117,46.82955
2717,6.70122,46.84784
2718,6.70127,46.82965
2719,6.70132,46.84794
2720,6.70137,46.82975
2721,6.70147,46.82985
2722,6.70157,46.82995
2723,6.70166,46.79357
2724,6.70176,46.79367
2725,6.70186,46.79377
2726,6.70191,46.77558
2727,6.70196,46.79387
2728,6.70201,46.77568
2729,6.70206,46.79397
2730,6.70211,46.77578
2731,6.70215,46.75759
2732,6.70221,46.77588
2733,6.70225,46.75769
2734,6.70231,46.77598
2735,6.70235,46.75779
2736,6.7024,46.7396
2737,6.70245,46.75789
2738,6.7025,46.7397
2739,6.70255,46.75799
2740,6.7026,46.7398
2741,6.70265,46.72161
2742,6.7027,46.7399
2743,6.70275,46.72171
2744,6.7028,46.74
2745,6.70285,46.72181
2746,6.70289,46.70362
2747,6.70295,46.72191
2748,6.70299,46.70372
2749,6.70305,46.72201
2750,6.70309,46.70382
2751,6.70314,46.68563
2752,6.70319,46.70392
2753,6.70324,46.68573
2754,6.70329,46.70402
2755,6.70334,46.68583
2756,6.70338,46.66764
2757,6.70344,46.68593
2758,6.70348,46.66774
2759,6.70354,46.68603
2760,6.70358,46.66784
2761,6.70363,46.64965
2762,6.70368,46.66794
2763,6.70373,46.64975
2764,6.70378,46.66804
2765,6.70383,46.64985
2766,6.70387,46.63166
2767,6.70393,46.64995
2768,6.70397,46.63176
2769,6.70403,46.65005
2770,6.70407,46.63186
2771,6.70412,46.61367
2772,6.70417,46.63196
2773,6.70422,46.61377
2774,6.70427,46.63206
2775,6.70432,46.61387
2776,6.70436,46.59568
2777,6.70442,46.61397
2778,6.70446,46.59578
2779,6.70452,46.61407
2780,6.70456,46.59588
2781,6.70461,46.57769
2782,6.70466,46.59598
2783,6.70471,46.57779
2784,6.70476,46.59608
2785,6.70481,46.57789
2786,6.70485,46.55969
2787,6.70491,46.57799
2788,6.70495,46.55979
2789,6.70501,46.57809
2790,6.70505,46.55989
2791,6.7051,46.5417
2792,6.70515,46.55999
2793,6.7052,46.5418
2794,6.70525,46.56009
2795,6.7053,46.5419
2796,6.70534,46.52371
2797,6.7054,46.542
2798,6.70544,46.52381
2799,6.7055,46.5421
2800,6.70554,46.52391
2801,6.70558,46.50572
2802,6.70564,46.52401
2803,6.70568,46.50582
2804,6.70574,46.52411
2805,6.70578,46.50592
2806,6.70583,46.48773
2807,6.70588,46.50602
2808,6.70593,46.48783
2809,6.70598,46.50612
2810,6.70603,46.48793
2811,6.70613,46.48803
2812,6.70623,46.48813
2813,6.72403,47.08157
2814,6.72413,47.08167
2815,6.72423,47.08177
2816,6.72427,47.06358
2817,6.72433,47.08187
2818,6.72437,47.06368
2819,6.72443,47.08197
2820,6.72447,47.06378
2821,6.72451,47.04559
2822,6.72457,47.06388
2823,6.72461,47.04569
2824,6.72467,47.06398
2825,6.72471,47.04579
2826,6.72475,47.0276
2827,6.72481,47.04589
2828,6.72485,47.0277
2829,6.72491,47.04599
2830,6.72495,47.0278
2831,6.72499,47.00961
2832,6.72505,47.0279
2833,6.72509,47.00971
2834,6.72515,47.028
2835,6.72519,47.00981
2836,6.72523,46.99162
2837,6.72529,47.00991
2838,6.72533,46.99172
2839,6.72539,47.01001
2840,6.72543,46.99182
2841,6.72547,46.97363
2842,6.72553,46.99192
2843,6.72557,46.97373
2844,6.72563,46.99202
2845,6.72567,46.97383
2846,6.72571,46.95564
2847,6.72577,46.97393
2848,6.72581,46.95574
2849,6.72587,46.97403
2850,6.72591,46.95584
2851,6.72595,46.93765
2852,6.72601,46.95594
2853,6.72605,46.93775
2854,6.72611,46.95604
2855,6.72615,46.93785
2856,6.72619,46.91966
2857,6.72625,46.93795
2858,6.72629,46.91976
2859,6.72635,46.93805
2860,6.72639,46.91986
2861,6.72643,46.90167
2862,6.72649,46.91996
2863,6.72653,46.90177
2864,6.72659,46.92006
2865,6.72663,46.90187
2866,6.72666,46.88368
2867,6.72673,46.90197
2868,6.72676,46.88378
2869,6.72683,46.90207
2870,6.72686,46.88388
2871,6.7269,46.86569
2872,6.72696,46.88398
2873,6.727,46.86579
2874,6.72706,46.88408
2875,6.7271,46.86589
2876,6.72714,46.8477
2877,6.7272,46.86599
2878,6.72724,46.8478
2879,6.7273,46.86609
2880,6.72734,46.8479
2881,6.72744,46.848
2882,6.72754,46.8481
2883,6.72762,46.81172
2884,6.72772,46.81182
2885,6.72782,46.81192
2886,6.72785,46.79373
2887,6.72792,46.81202
2888,6.72795,46.79383
2889,6.72802,46.81212
2890,6.72805,46.79393
2891,6.72809,46.77574
2892,6.72815,46.79403
2893,6.72819,46.77584
2894,6.72825,46.79413
2895,6.72829,46.77594
2896,6.72833,46.75775
2897,6.72839,46.77604
2898,6.72843,46.75785
2899,6.72849,46.77614
2900,6.72853,46.75795
2901,6.72857,46.73976
2902,6.72863,46.75805
2903,6.72867,46.73986
2904,6.72873,46.75815
2905,6.72877,46.73996
2906,6.7288,46.72177
2907,6.72887,46.74006
2908,6.7289,46.72187
2909,6.72897,46.74016
2910,6.729,46.72197
2911,6.72904,46.70378
2912,6.7291,46.72207
2913,6.72914,46.70388
2914,6.7292,46.72217
2915,6.72924,46.70398
2916,6.72928,46.68579
2917,6.72934,46.70408
2918,6.72938,46.68589
2919,6.72944,46.70418
2920,6.72948,46.68599
2921,6.72952,46.6678
2922,6.72958,46.68609
2923,6.72962,46.6679
2924,6.72968,46.68619
2925,6.72972,46.668
2926,6.72975,46.64981
2927,6.72982,46.6681
2928,6.72985,46.64991
2929,6.72992,46.6682
2930,6.72995,46.65001
2931,6.72999,46.63182
2932,6.73005,46.65011
2933,6.73009,46.63192
2934,6.73015,46.65021
2935,6.73019,46.63202
2936,6.73022,46.61383
2937,6.73029,46.63212
2938,6.73032,46.61393
2939,6.73039,46.63222
2940,6.73042,46.61403
2941,6.73046,46.59584
2942,6.73052,46.61413
2943,6.73056,46.59594
2944,6.73062,46.61423
2945,6.73066,46.59604
2946,6.7307,46.57785
2947,6.73076,46.59614
2948,6.7308,46.57795
2949,6.73086,46.59624
2950,6.7309,46.57805
2951,6.73093,46.55986
2952,6.731,46.57815
2953,6.73103,46.55996
2954,6.7311,46.57825
2955,6.73113,46.56006
2956,6.73117,46.54187
2957,6.73123,46.56016
2958,6.73127,46.54197
2959,6.73133,46.56026
2960,6.73137,46.54207
2961,6.7314,46.52388
2962,6.73147,46.54217
2963,6.7315,46.52398
2964,6.73157,46.54227
2965,6.7316,46.52408
2966,6.73164,46.50589
2967,6.7317,46.52418
2968,6.73174,46.50599
2969,6.7318,46.52428
2970,6.73184,46.50609
2971,6.73187,46.4879
2972,6.73194,46.50619
2973,6.73197,46.488
2974,6.73204,46.50629
2975,6.73207,46.4881
2976,6.73217,46.4882
2977,6.73227,46.4883
2978,6.7499,47.11771
2979,6.75,47.11781
2980,6.7501,47.11791
2981,6.75013,47.09972
2982,6.7502,47.11801
2983,6.75023,47.09982
2984,6.7503,47.11811
2985,6.75033,47.09992
2986,6.75037,47.08173
2987,6.75043,47.10002
2988,6.75047,47.08183
2989,6.75053,47.10012
2990,6.75057,47.08193
2991,6.7506,47.06374
2992,6.75067,47.08203
2993,6.7507,47.06384
2994,6.75077,47.08213
2995,6.7508,47.06394
2996,6.75083,47.04575
2997,6.7509,47.06404
2998,6.75093,47.04585
2999,6.751,47.06414
3000,6.75103,47.04595
3001,6.75106,47.02776
3002,6.75113,47.04605
3003,6.75116,47.02786
3004,6.75123,47.04615
3005,6.75126,47.02796
3006,6.75129,47.00977
3007,6.75136,47.02806
3008,6.75139,47.00987
3009,6.75146,47.02816
3010,6.75149,47.00997
3011,6.75152,46.99178
3012,6.75159,47.01007
3013,6.75162,46.99188
3014,6.75169,47.01017
3015,6.75172,46.99198
3016,6.75175,46.97379
3017,6.75182,46.99208
3018,6.75185,46.97389
3019,6.75192,46.99218
3020,6.75195,46.97399
3021,6.75198,46.9558
3022,6.75205,46.97409
3023,6.75208,46.9559
3024,6.75215,46.97419
3025,6.75218,46.956
3026,6.75221,46.93781
3027,6.75228,46.9561
3028,6.75231,46.93791
3029,6.75238,46.9562
3030,6.75241,46.93801
3031,6.75244,46.91982
3032,6.75251,46.93811
3033,6.75254,46.91992
3034,6.75261,46.93821
3035,6.75264,46.92002
3036,6.75267,46.90183
3037,6.75274,46.92012
3038,6.75277,46.90193
3039,6.75284,46.92022
3040,6.75287,46.90203
3041,6.7529,46.88384
3042,6.75297,46.90213
3043,6.753,46.88394
3044,6.75307,46.90223
3045,6.7531,46.88404
3046,6.75313,46.86585
3047,6.7532,46.88414
3048,6.75323,46.86595
3049,6.7533,46.88424
3050,6.75333,46.86605
3051,6.75343,46.86615
3052,6.75353,46.86625
3053,6.75382,46.81188
3054,6.75392,46.81198
3055,6.75402,46.81208
3056,6.75405,46.79389
3057,6.75415,46.79399
3058,6.75425,46.79409
3059,6.75428,46.7759
3060,6.75435,46.79419
3061,6.75438,46.776
3062,6.75445,46.79429
3063,6.75448,46.7761
3064,6.75451,46.75791
3065,6.75458,46.7762
3066,6.75461,46.75801
3067,6.75468,46.7763
3068,6.75471,46.75811
3069,6.75474,46.73992
3070,6.75481,46.75821
3071,6.75484,46.74002
3072,6.75491,46.75831
3073,6.75494,46.74012
3074,6.75496,46.72193
3075,6.75504,46.74022
3076,6.75506,46.72203
3077,6.75514,46.74032
3078,6.75516,46.72213
3079,6.75519,46.70394
3080,6.75526,46.72223
3081,6.75529,46.70404
3082,6.75536,46.72233
3083,6.75539,46.70414
3084,6.75542,46.68595
3085,6.75549,46.70424
3086,6.75552,46.68605
3087,6.75559,46.70434
3088,6.75562,46.68615
3089,6.75565,46.66796
3090,6.75572,46.68625
3091,6.75575,46.66806
3092,6.75582,46.68635
3093,6.75585,46.66816
3094,6.75588,46.64997
3095,6.75595,46.66826
3096,6.75598,46.65007
3097,6.75605,46.66836
3098,6.75608,46.65017
3099,6.7561,46.63198
3100,6.75618,46.65027
3101,6.7562,46.63208
3102,6.75628,46.65037
3103,6.7563,46.63218
3104,6.75633,46.61399
3105,6.7564,46.63228
3106,6.75643,46.61409
3107,6.7565,46.63238
3108,6.75653,46.61419
3109,6.75656,46.596
3110,6.75663,46.61429
3111,6.75666,46.5961
3112,6.75673,46.61439
3113,6.75676,46.5962
3114,6.75679,46.57801
3115,6.75686,46.5963
3116,6.75689,46.57811
3117,6.75696,46.5964
3118,6.75699,46.57821
3119,6.75701,46.56002
3120,6.75709,46.57831
3121,6.75711,46.56012
3122,6.75719,46.57841
3123,6.75721,46.56022
3124,6.75724,46.54203
3125,6.75731,46.56032
3126,6.75734,46.54213
3127,6.75741,46.56042
3128,6.75744,46.54223
3129,6.75747,46.52404
3130,6.75754,46.54233
3131,6.75757,46.52414
3132,6.75764,46.54243
3133,6.75767,46.52424
3134,6.75769,46.50605
3135,6.75777,46.52434
3136,6.75779,46.50615
3137,6.75787,46.52444
3138,6.75789,46.50625
3139,6.75792,46.48806
3140,6.75799,46.50635
3141,6.75802,46.48816
3142,6.75809,46.50645
3143,6.75812,46.48826
3144,6.75822,46.48836
3145,6.75832,46.48846
3146,6.77626,47.11786
3147,6.77636,47.11796
3148,6.77646,47.11806
3149,6.77648,47.09987
3150,6.77656,47.11816
3151,6.77658,47.09997
3152,6.77666,47.11826
3153,6.77668,47.10007
3154,6.7767,47.08188
3155,6.77678,47.10017
3156,6.7768,47.08198
3157,6.77688,47.10027
3158,6.7769,47.08208
3159,6.77692,47.06389
3160,6.777,47.08218
3161,6.77702,47.06399
3162,6.7771,47.08228
3163,6.77712,47.06409
3164,6.77715,47.04591
3165,6.77722,47.06419
3166,6.77725,47.04601
3167,6.77732,47.06429
3168,6.77735,47.04611
3169,6.77737,47.02792
3170,6.77745,47.04621
3171,6.77747,47.02802
3172,6.77755,47.04631
3173,6.77757,47.02812
3174,6.77759,47.00993
3175,6.77767,47.02822
3176,6.77769,47.01003
3177,6.77777,47.02832
3178,6.77779,47.01013
3179,6.77781,46.99194
3180,6.77789,47.01023
3181,6.77791,46.99204
3182,6.77799,47.01033
3183,6.77801,46.99214
3184,6.77803,46.97395
3185,6.77811,46.99224
3186,6.77813,46.97405
3187,6.77821,46.99234
3188,6.77823,46.97415
3189,6.77826,46.95596
3190,6.77833,46.97425
3191,6.77836,46.95606
3192,6.77843,46.97435
3193,6.77846,46.95616
3194,6.77848,46.93797
3195,6.77856,46.95626
3196,6.77858,46.93807
3197,6.77866,46.95636
3198,6.77868,46.93817
3199,6.7787,46.91998
3200,6.77878,46.93827
3201,6.7788,46.92008
3202,6.77888,46.93837
3203,6.7789,46.92018
3204,6.77892,46.90199
3205,6.779,46.92028
3206,6.77902,46.90209
3207,6.7791,46.92038
3208,6.77912,46.90219
3209,6.77914,46.884
3210,6.77922,46.90229
3211,6.77924,46.8841
3212,6.77932,46.90239
3213,6.77934,46.8842
3214,6.77944,46.8843
3215,6.77954,46.8844
3216,6.7798,46.83003
3217,6.7799,46.83013
3218,6.78,46.83023
3219,6.78002,46.81204
3220,6.7801,46.83033
3221,6.78012,46.81214
3222,6.7802,46.83043
3223,6.78022,46.81224
3224,6.78024,46.79405
3225,6.78032,46.81234
3226,6.78034,46.79415
3227,6.78042,46.81244
3228,6.78044,46.79425
3229,6.78046,46.77606
3230,6.78054,46.79435
3231,6.78056,46.77616
3232,6.78064,46.79445
3233,6.78066,46.77626
3234,6.78068,46.75807
3235,6.78076,46.77636
3236,6.78078,46.75817
3237,6.78086,46.77646
3238,6.78088,46.75827
3239,6.7809,46.74008
3240,6.78098,46.75837
3241,6.781,46.74018
3242,6.78108,46.75847
3243,6.7811,46.74028
3244,6.78112,46.72209
3245,6.7812,46.74038
3246,6.78122,46.72219
3247,6.7813,46.74048
3248,6.78132,46.72229
3249,6.78134,46.7041
3250,6.78142,46.72239
3251,6.78144,46.7042
3252,6.78152,46.72249
3253,6.78154,46.7043
3254,6.78156,46.68611
3255,6.78164,46.7044
3256,6.78166,46.68621
3257,6.78174,46.7045
3258,6.78176,46.68631
3259,6.78178,46.66812
3260,6.78186,46.68641
3261,6.78188,46.66822
3262,6.78196,46.68651
3263,6.78198,46.66832
3264,6.782,46.65013
3265,6.78208,46.66842
3266,6.7821,46.65023
3267,6.78218,46.66852
3268,6.7822,46.65033
3269,6.78222,46.63214
3270,6.7823,46.65043
3271,6.78232,46.63224
3272,6.7824,46.65053
3273,6.78242,46.63234
3274,6.78244,46.61415
3275,6.78252,46.63244
3276,6.78254,46.61425
3277,6.78262,46.63254
3278,6.78264,46.61435
3279,6.78266,46.59615
3280,6.78274,46.61445
3281,6.78276,46.59625
3282,6.78284,46.61455
3283,6.78286,46.59635
3284,6.78288,46.57816
3285,6.78296,46.59645
3286,6.78298,46.57826
3287,6.78306,46.59655
3288,6.78308,46.57836
3289,6.78309,46.56017
3290,6.78318,46.57846
3291,6.78319,46.56027
3292,6.78328,46.57856
3293,6.78329,46.56037
3294,6.78331,46.54218
3295,6.78339,46.56047
3296,6.78341,46.54228
3297,6.78349,46.56057
3298,6.78351,46.54238
3299,6.78353,46.52419
3300,6.78361,46.54248
3301,6.78363,46.52429
3302,6.78371,46.54258
3303,6.78373,46.52439
3304,6.78375,46.5062
3305,6.78383,46.52449
3306,6.78385,46.5063
3307,6.78393,46.52459
3308,6.78395,46.5064
3309,6.78397,46.48821
3310,6.78405,46.5065
3311,6.78407,46.48831
3312,6.78415,46.5066
3313,6.78417,46.48841
3314,6.78418,46.47022
3315,6.78427,46.48851
3316,6.78428,46.47032
3317,6.78437,46.48861
3318,6.78438,46.47042
3319,6.78448,46.47052
3320,6.78458,46.47062
3321,6.78527,46.38027
3322,6.78537,46.38037
3323,6.78547,46.38047
3324,6.78549,46.36228
3325,6.78557,46.38057
3326,6.78559,46.36238
3327,6.78567,46.38067
3328,6.78569,46.36248
3329,6.7857,46.34429
3330,6.78579,46.36258
3331,6.7858,46.34439
3332,6.78589,46.36268
3333,6.7859,46.34449
3334,6.78808,46.14639
3335,6.8024,47.136
3336,6.8025,47.1361
3337,6.8026,47.1362
3338,6.80261,47.11801
3339,6.80271,47.11811
3340,6.80281,47.11821
3341,6.80282,47.10002
3342,6.80291,47.11831
3343,6.80292,47.10012
3344,6.80301,47.11841
3345,6.80302,47.10022
3346,6.80304,47.08203
3347,6.80312,47.10032
3348,6.80314,47.08213
3349,6.80322,47.10042
3350,6.80324,47.08223
3351,6.80325,47.06404
3352,6.80334,47.08233
3353,6.80335,47.06414
3354,6.80344,47.08243
3355,6.80345,47.06424
3356,6.80346,47.04605
3357,6.80355,47.06434
3358,6.80356,47.04615
3359,6.80365,47.06444
3360,6.80366,47.04625
3361,6.80368,47.02806
3362,6.80376,47.04635
3363,6.80378,47.02816
3364,6.80386,47.04645
3365,6.80388,47.02826
3366,6.80389,47.01008
3367,6.80398,47.02836
3368,6.80399,47.01018
3369,6.80408,47.02846
3370,6.80409,47.01028
3371,6.8041,46.99209
3372,6.80419,47.01038
3373,6.8042,46.99219
3374,6.80429,47.01048
3375,6.8043,46.99229
3376,6.80432,46.9741
3377,6.8044,46.99239
3378,6.80442,46.9742
3379,6.8045,46.99249
3380,6.80452,46.9743
3381,6.80453,46.95611
3382,6.80462,46.9744
3383,6.80463,46.95621
3384,6.80472,46.9745
3385,6.80473,46.95631
3386,6.80474,46.93812
3387,6.80483,46.95641
3388,6.80484,46.93822
3389,6.80493,46.95651
3390,6.80494,46.93832
3391,6.80496,46.92013
3392,6.80504,46.93842
3393,6.80506,46.92023
3394,6.80514,46.93852
3395,6.80516,46.92033
3396,6.80517,46.90214
3397,6.80526,46.92043
3398,6.80527,46.90224
3399,6.80536,46.92053
3400,6.80537,46.90234
3401,6.80547,46.90244
3402,6.80557,46.90254
3403,6.8058,46.84817
3404,6.80602,46.83018
3405,6.80612,46.83028
3406,6.80622,46.83038
3407,6.80623,46.81219
3408,6.80632,46.83048
3409,6.80633,46.81229
3410,6.80642,46.83058
3411,6.80643,46.81239
3412,6.80644,46.7942
3413,6.80653,46.81249
3414,6.80654,46.7943
3415,6.80663,46.81259
3416,6.80664,46.7944
3417,6.80665,46.77621
3418,6.80674,46.7945
3419,6.80675,46.77631
3420,6.80684,46.7946
3421,6.80685,46.77641
3422,6.80686,46.75822
3423,6.80695,46.77651
3424,6.80696,46.75832
3425,6.80705,46.77661
3426,6.80706,46.75842
3427,6.80707,46.74023
3428,6.80716,46.75852
3429,6.80717,46.74033
3430,6.80726,46.75862
3431,6.80727,46.74043
3432,6.80728,46.72224
3433,6.80737,46.74053
3434,6.80738,46.72234
3435,6.80747,46.74063
3436,6.80748,46.72244
3437,6.80749,46.70425
3438,6.80758,46.72254
3439,6.80759,46.70435
3440,6.80768,46.72264
3441,6.80769,46.70445
3442,6.80771,46.68625
3443,6.80779,46.70455
3444,6.80781,46.68635
3445,6.80789,46.70465
3446,6.80791,46.68645
3447,6.80792,46.66826
3448,6.80801,46.68655
3449,6.80802,46.66836
3450,6.80811,46.68665
3451,6.80812,46.66846
3452,6.80813,46.65027
3453,6.80822,46.66856
3454,6.80823,46.65037
3455,6.80832,46.66866
3456,6.80833,46.65047
3457,6.80834,46.63228
3458,6.80843,46.65057
3459,6.80844,46.63238
3460,6.80853,46.65067
3461,6.80854,46.63248
3462,6.80855,46.61429
3463,6.80864,46.63258
3464,6.80865,46.61439
3465,6.80874,46.63268
3466,6.80875,46.61449
3467,6.80876,46.5963
3468,6.80885,46.61459
3469,6.80886,46.5964
3470,6.80895,46.61469
3471,6.80896,46.5965
3472,6.80897,46.57831
3473,6.80906,46.5966
3474,6.80907,46.57841
3475,6.80916,46.5967
3476,6.80917,46.57851
3477,6.80918,46.56032
3478,6.80927,46.57861
3479,6.80928,46.56042
3480,6.80937,46.57871
3481,6.80938,46.56052
3482,6.80939,46.54233
3483,6.80948,46.56062
3484,6.80949,46.54243
3485,6.80958,46.56072
3486,6.80959,46.54253
3487,6.8096,46.52434
3488,6.80969,46.54263
3489,6.8097,46.52444
3490,6.80979,46.54273
3491,6.8098,46.50635
3492,6.8098,46.52454
3493,6.8099,46.50645
3494,6.8099,46.52464
3495,6.81,46.50655
3496,6.81,46.52474
3497,6.81001,46.48836
3498,6.8101,46.50665
3499,6.81011,46.48846
3500,6.8102,46.50675
3501,6.81021,46.48856
3502,6.81022,46.47037
3503,6.81031,46.48866
3504,6.81032,46.47047
3505,6.81041,46.48876
3506,6.81042,46.47057
3507,6.81052,46.47067
3508,6.81062,46.47077
3509,6.81106,46.39841
3510,6.81116,46.39851
3511,6.81126,46.39861
3512,6.81127,46.38041
3513,6.81136,46.39871
3514,6.81137,46.38051
3515,6.81146,46.39881
3516,6.81147,46.36242
3517,6.81147,46.38061
3518,6.81157,46.38071
3519,6.81167,46.38081
3520,6.81168,46.34443
3521,6.81178,46.34453
3522,6.81189,46.32644
3523,6.81199,46.32654
3524,6.81209,46.32664
3525,6.81313,46.2185
3526,6.81323,46.2186
3527,6.81334,46.20051
3528,6.81344,46.20061
3529,6.81354,46.20071
3530,6.81355,46.18252
3531,6.81364,46.20081
3532,6.81365,46.18262
3533,6.81374,46.20091
3534,6.81375,46.18272
3535,6.81376,46.16453
3536,6.81385,46.18282
3537,6.81386,46.16463
3538,6.81395,46.18292
3539,6.81396,46.14654
3540,6.81396,46.16473
3541,6.81406,46.14664
3542,6.81406,46.16483
3543,6.81416,46.14674
3544,6.81416,46.16493
3545,6.81426,46.14684
3546,6.81436,46.14694
3547,6.82855,47.15413
3548,6.82865,47.15423
3549,6.82875,47.15433
3550,6.82876,47.13614
3551,6.82885,47.15443
3552,6.82886,47.13624
3553,6.82895,47.15453
3554,6.82896,47.11815
3555,6.82896,47.13634
3556,6.82906,47.11825
3557,6.82906,47.13644
3558,6.82916,47.11835
3559,6.82916,47.13654
3560,6.82917,47.10017
3561,6.82926,47.11845
3562,6.82927,47.10027
3563,6.82936,47.11855
3564,6.82937,47.08218
3565,6.82937,47.10037
3566,6.82947,47.08228
3567,6.82947,47.10047
3568,6.82957,47.08238
3569,6.82957,47.10057
3570,6.82958,47.06419
3571,6.82967,47.08248
3572,6.82968,47.06429
3573,6.82977,47.08258
3574,6.82978,47.0462
3575,6.82978,47.06439
3576,6.82988,47.0463
3577,6.82988,47.06449
3578,6.82998,47.0464
3579,6.82998,47.06459
3580,6.82999,47.02821
3581,6.83008,47.0465
3582,6.83009,47.02831
3583,6.83018,47.0466
3584,6.83019,47.01022
3585,6.83019,47.02841
3586,6.83029,47.01032
3587,6.83029,47.02851
3588,6.83039,47.01042
3589,6.83039,47.02861
3590,6.8304,46.99223
3591,6.83049,47.01052
3592,6.8305,46.99233
3593,6.83059,47.01062
3594,6.8306,46.97424
3595,6.8306,46.99243
3596,6.8307,46.97434
3597,6.8307,46.99253
3598,6.8308,46.95625
3599,6.8308,46.97444
3600,6.8308,46.99263
3601,6.8309,46.95635
3602,6.8309,46.97454
3603,6.831,46.95645
3604,6.831,46.97464
3605,6.83101,46.93826
3606,6.8311,46.95655
3607,6.83111,46.93836
3608,6.8312,46.95665
3609,6.83121,46.92027
3610,6.83121,46.93846
3611,6.83131,46.92037
3612,6.83131,46.93856
3613,6.83141,46.92047
3614,6.83141,46.93866
3615,6.83151,46.92057
3616,6.83161,46.92067
3617,6.83203,46.84831
3618,6.83213,46.84841
3619,6.83223,46.83032
3620,6.83223,46.84851
3621,6.83233,46.83042
3622,6.83233,46.84861
3623,6.83243,46.81233
3624,6.83243,46.83052
3625,6.83243,46.84871
3626,6.83253,46.81243
3627,6.83253,46.83062
3628,6.83263,46.79434
3629,6.83263,46.81253
3630,6.83263,46.83072
3631,6.83273,46.79444
3632,6.83273,46.81263
3633,6.83283,46.79454
3634,6.83283,46.81273
3635,6.83284,46.77635
3636,6.83293,46.79464
3637,6.83294,46.77645
3638,6.83303,46.79474
3639,6.83304,46.75836
3640,6.83304,46.77655
3641,6.83314,46.75846
3642,6.83314,46.77665
3643,6.83324,46.74037
3644,6.83324,46.75856
3645,6.83324,46.77675
3646,6.83334,46.74047
3647,6.83334,46.75866
3648,6.83344,46.72238
3649,6.83344,46.74057
3650,6.83344,46.75876
3651,6.83354,46.72248
3652,6.83354,46.74067
3653,6.83364,46.72258
3654,6.83364,46.74077
3655,6.83365,46.70439
3656,6.83374,46.72268
3657,6.83375,46.70449
3658,6.83384,46.72278
3659,6.83385,46.6864
3660,6.83385,46.70459
3661,6.83395,46.6865
3662,6.83395,46.70469
3663,6.83405,46.66841
3664,6.83405,46.6866
3665,6.83405,46.70479
3666,6.83415,46.66851
3667,6.83415,46.6867
3668,6.83425,46.65042
3669,6.83425,46.66861
3670,6.83425,46.6868
3671,6.83435,46.65052
3672,6.83435,46.66871
3673,6.83445,46.63243
3674,6.83445,46.65062
3675,6.83445,46.66881
3676,6.83455,46.63253
3677,6.83455,46.65072
3678,6.83465,46.61443
3679,6.83465,46.63263
3680,6.83465,46.65082
3681,6.83475,46.61453
3682,6.83475,46.63273
3683,6.83485,46.61463
3684,6.83485,46.63283
3685,6.83486,46.59644
3686,6.83495,46.61473
3687,6.83496,46.59654
3688,6.83505,46.61483
3689,6.83506,46.57845
3690,6.83506,46.59664
3691,6.83516,46.57855
3692,6.83516,46.59674
3693,6.83526,46.56046
3694,6.83526,46.57865
3695,6.83526,46.59684
3696,6.83536,46.56056
3697,6.83536,46.57875
3698,6.83546,46.54247
3699,6.83546,46.56066
3700,6.83546,46.57885
3701,6.83556,46.54257
3702,6.83556,46.56076
3703,6.83566,46.52448
3704,6.83566,46.54267
3705,6.83566,46.56086
3706,6.83576,46.52458
3707,6.83576,46.54277
3708,6.83586,46.50649
3709,6.83586,46.52468
3710,6.83586,46.54287
3711,6.83596,46.50659
3712,6.83596,46.52478
3713,6.83606,46.4885
3714,6.83606,46.50669
3715,6.83606,46.52488
3716,6.83616,46.4886
3717,6.83616,46.50679
3718,6.83626,46.47051
3719,6.83626,46.4887
3720,6.83626,46.50689
3721,6.83636,46.47061
3722,6.83636,46.4888
3723,6.83646,46.45252
3724,6.83646,46.47071
3725,6.83646,46.4889
3726,6.83656,46.45262
3727,6.83656,46.47081
3728,6.83666,46.45272
3729,6.83666,46.47091
3730,6.83676,46.45282
3731,6.83686,46.45292
3732,6.83726,46.38056
3733,6.83736,46.38066
3734,6.83746,46.36257
3735,6.83746,46.38076
3736,6.83756,46.38086
3737,6.83766,46.34457
3738,6.83766,46.38096
3739,6.83776,46.34467
3740,6.83786,46.32658
3741,6.83786,46.34477
3742,6.83796,46.32668
3743,6.83796,46.34487
3744,6.83806,46.30859
3745,6.83806,46.32678
3746,6.83806,46.34497
3747,6.83816,46.30869
3748,6.83816,46.32688
3749,6.83826,46.2906
3750,6.83826,46.30879
3751,6.83826,46.32698
3752,6.83836,46.30889
3753,6.83846,46.30899
3754,6.83866,46.25462
3755,6.83885,46.23663
3756,6.83895,46.23673
3757,6.83905,46.21864
3758,6.83905,46.23683
3759,6.83915,46.21874
3760,6.83915,46.23693
3761,6.83925,46.20065
3762,6.83925,46.21884
3763,6.83925,46.23703
3764,6.83935,46.20075
3765,6.83935,46.21894
3766,6.83945,46.18266
3767,6.83945,46.20085
3768,6.83945,46.21904
3769,6.83955,46.18276
3770,6.83955,46.20095
3771,6.83965,46.16467
3772,6.83965,46.18286
3773,6.83965,46.20105
3774,6.83975,46.16477
3775,6.83975,46.18296
3776,6.83985,46.14668
3777,6.83985,46.16487
3778,6.83985,46.18306
3779,6.83995,46.14678
3780,6.83995,46.16497
3781,6.84005,46.14688
3782,6.84005,46.16507
3783,6.84015,46.14698
3784,6.84025,46.14708
3785,6.85473,47.17226
3786,6.85483,47.17236
3787,6.85492,47.15427
3788,6.85493,47.17246
3789,6.85502,47.15437
3790,6.85503,47.17256
3791,6.85512,47.13628
3792,6.85512,47.15447
3793,6.85513,47.17266
3794,6.85522,47.13638
3795,6.85522,47.15457
3796,6.85532,47.11829
3797,6.85532,47.13648
3798,6.85532,47.15467
3799,6.85542,47.11839
3800,6.85542,47.13658
3801,6.85551,47.1003
3802,6.85552,47.11849
3803,6.85552,47.13668
3804,6.85561,47.1004
3805,6.85562,47.11859
3806,6.85571,47.08231
3807,6.85571,47.1005
3808,6.85572,47.11869
3809,6.85581,47.08241
3810,6.85581,47.1006
3811,6.85591,47.06432
3812,6.85591,47.08251
3813,6.85591,47.1007
3814,6.85601,47.06442
3815,6.85601,47.08261
3816,6.8561,47.04633
3817,6.85611,47.06452
3818,6.85611,47.08271
3819,6.8562,47.04643
3820,6.85621,47.06462
3821,6.8563,47.02834
3822,6.8563,47.04653
3823,6.85631,47.06472
3824,6.8564,47.02844
3825,6.8564,47.04663
3826,6.85649,47.01035
3827,6.8565,47.02854
3828,6.8565,47.04673
3829,6.85659,47.01045
3830,6.8566,47.02864
3831,6.85669,46.99236
3832,6.85669,47.01055
3833,6.8567,47.02874
3834,6.85679,46.99246
3835,6.85679,47.01065
3836,6.85688,46.97438
3837,6.85689,46.99256
3838,6.85689,47.01075
3839,6.85698,46.97448
3840,6.85699,46.99266
3841,6.85708,46.95639
3842,6.85708,46.97458
3843,6.85709,46.99276
3844,6.85718,46.95649
3845,6.85718,46.97468
3846,6.85727,46.9384
3847,6.85728,46.95659
3848,6.85728,46.97478
3849,6.85737,46.9385
3850,6.85738,46.95669
3851,6.85747,46.9386
3852,6.85748,46.95679
3853,6.85757,46.9387
3854,6.85767,46.9388
3855,6.85805,46.86644
3856,6.85815,46.86654
3857,6.85825,46.84845
3858,6.85825,46.86664
3859,6.85835,46.84855
3860,6.85835,46.86674
3861,6.85844,46.83046
3862,6.85845,46.84865
3863,6.85845,46.86684
3864,6.85854,46.83056
3865,6.85855,46.84875
3866,6.85864,46.81247
3867,6.85864,46.83066
3868,6.85865,46.84885
3869,6.85874,46.81257
3870,6.85874,46.83076
3871,6.85883,46.79447
3872,6.85884,46.81267
3873,6.85884,46.83086
3874,6.85893,46.79457
3875,6.85894,46.81277
3876,6.85902,46.77648
3877,6.85903,46.79467
3878,6.85904,46.81287
3879,6.85912,46.77658
3880,6.85913,46.79477
3881,6.85922,46.75849
3882,6.85922,46.77668
3883,6.85923,46.79487
3884,6.85932,46.75859
3885,6.85932,46.77678
3886,6.85941,46.7405
3887,6.85942,46.75869
3888,6.85942,46.77688
3889,6.85951,46.7406
3890,6.85952,46.75879
3891,6.8596,46.72251
3892,6.85961,46.7407
3893,6.85962,46.75889
3894,6.8597,46.72261
3895,6.85971,46.7408
3896,6.8598,46.70452
3897,6.8598,46.72271
3898,6.85981,46.7409
3899,6.8599,46.70462
3900,6.8599,46.72281
3901,6.85999,46.68653
3902,6.86,46.70472
3903,6.86,46.72291
3904,6.86009,46.68663
3905,6.8601,46.70482
3906,6.86018,46.66854
3907,6.86019,46.68673
3908,6.8602,46.70492
3909,6.86028,46.66864
3910,6.86029,46.68683
3911,6.86038,46.65055
3912,6.86038,46.66874
3913,6.86039,46.68693
3914,6.86048,46.65065
3915,6.86048,46.66884
3916,6.86057,46.63256
3917,6.86058,46.65075
3918,6.86058,46.66894
3919,6.86067,46.63266
3920,6.86068,46.65085
3921,6.86076,46.61457
3922,6.86077,46.63276
3923,6.86078,46.65095
3924,6.86086,46.61467
3925,6.86087,46.63286
3926,6.86096,46.59658
3927,6.86096,46.61477
3928,6.86097,46.63296
3929,6.86106,46.59668
3930,6.86106,46.61487
3931,6.86115,46.57859
3932,6.86116,46.59678
3933,6.86116,46.61497
3934,6.86125,46.57869
3935,6.86126,46.59688
3936,6.86134,46.5606
3937,6.86135,46.57879
3938,6.86136,46.59698
3939,6.86144,46.5607
3940,6.86145,46.57889
3941,6.86153,46.54261
3942,6.86154,46.5608
3943,6.86155,46.57899
3944,6.86163,46.54271
3945,6.86164,46.5609
3946,6.86172,46.52462
3947,6.86173,46.54281
3948,6.86174,46.561
3949,6.86182,46.52472
3950,6.86183,46.54291
3951,6.86192,46.50663
3952,6.86192,46.52482
3953,6.86193,46.54301
3954,6.86202,46.50673
3955,6.86202,46.52492
3956,6.86211,46.48864
3957,6.86212,46.50683
3958,6.86212,46.52502
3959,6.86221,46.48874
3960,6.86222,46.50693
3961,6.8623,46.47064
3962,6.86231,46.48884
3963,6.86232,46.50703
3964,6.8624,46.47074
3965,6.86241,46.48894
3966,6.86249,46.45265
3967,6.8625,46.47084
3968,6.86251,46.48904
3969,6.86259,46.45275
3970,6.8626,46.47094
3971,6.86269,46.45285
3972,6.8627,46.47104
3973,6.86279,46.45295
3974,6.86289,46.45305
3975,6.86307,46.39868
3976,6.86317,46.39878
3977,6.86326,46.38069
3978,6.86327,46.39888
3979,6.86336,46.38079
3980,6.86337,46.39898
3981,6.86345,46.3627
3982,6.86346,46.38089
3983,6.86347,46.39908
3984,6.86355,46.3628
3985,6.86356,46.38099
3986,6.86364,46.34471
3987,6.86365,46.3629
3988,6.86366,46.38109
3989,6.86374,46.34481
3990,6.86375,46.363
3991,6.86383,46.32672
3992,6.86384,46.34491
3993,6.86385,46.3631
3994,6.86393,46.32682
3995,6.86394,46.34501
3996,6.86402,46.30873
3997,6.86403,46.32692
3998,6.86404,46.34511
3999,6.86412,46.30883
4000,6.86413,46.32702
4001,6.86421,46.29074
4002,6.86422,46.30893
4003,6.86423,46.32712
4004,6.86432,46.30903
4005,6.8644,46.27275
4006,6.86442,46.30913
4007,6.8645,46.27285
4008,6.86459,46.25476
4009,6.8646,46.27295
4010,6.86469,46.25486
4011,6.8647,46.27305
4012,6.86478,46.23677
4013,6.86479,46.25496
4014,6.86488,46.23687
4015,6.86489,46.25506
4016,6.86497,46.21877
4017,6.86498,46.23697
4018,6.86499,46.25516
4019,6.86507,46.21887
4020,6.86508,46.23707
4021,6.86516,46.20078
4022,6.86517,46.21897
4023,6.86518,46.23717
4024,6.86526,46.20088
4025,6.86527,46.21907
4026,6.86535,46.18279
4027,6.86536,46.20098
4028,6.86537,46.21917
4029,6.86545,46.18289
4030,6.86546,46.20108
4031,6.86554,46.1648
4032,6.86555,46.18299
4033,6.86556,46.20118
4034,6.86564,46.1649
4035,6.86565,46.18309
4036,6.86573,46.14681
4037,6.86574,46.165
4038,6.86575,46.18319
4039,6.86583,46.14691
4040,6.86584,46.1651
4041,6.86592,46.12882
4042,6.86593,46.14701
4043,6.86594,46.1652
4044,6.86603,46.14711
4045,6.86613,46.14721
4046,6.87903,47.37026
4047,6.87913,47.37036
4048,6.87922,47.35228
4049,6.87923,47.37046
4050,6.87933,47.37056
4051,6.87943,47.37066
4052,6.88092,47.19038
4053,6.88102,47.19048
4054,6.88111,47.17239
4055,6.88112,47.19058
4056,6.88121,47.17249
4057,6.88122,47.19068
4058,6.8813,47.1544
4059,6.88131,47.17259
4060,6.88132,47.19078
4061,6.8814,47.1545
4062,6.88141,47.17269
4063,6.88148,47.13641
4064,6.8815,47.1546
4065,6.88151,47.17279
4066,6.88158,47.13651
4067,6.8816,47.1547
4068,6.88167,47.11842
4069,6.88168,47.13661
4070,6.8817,47.1548
4071,6.88177,47.11852
4072,6.88178,47.13671
4073,6.88186,47.10043
4074,6.88187,47.11862
4075,6.88188,47.13681
4076,6.88196,47.10053
4077,6.88197,47.11872
4078,6.88205,47.08244
4079,6.88206,47.10063
4080,6.88207,47.11882
4081,6.88215,47.08254
4082,6.88216,47.10073
4083,6.88223,47.06445
4084,6.88225,47.08264
4085,6.88226,47.10083
4086,6.88233,47.06455
4087,6.88235,47.08274
4088,6.88242,47.04646
4089,6.88243,47.06465
4090,6.88245,47.08284
4091,6.88252,47.04656
4092,6.88253,47.06475
4093,6.88261,47.02848
4094,6.88262,47.04666
4095,6.88263,47.06485
4096,6.88271,47.02858
4097,6.88272,47.04676
4098,6.88279,47.01049
4099,6.88281,47.02868
4100,6.88282,47.04686
4101,6.88289,47.01059
4102,6.88291,47.02878
4103,6.88298,46.9925
4104,6.88299,47.01069
4105,6.88301,47.02888
4106,6.88308,46.9926
4107,6.88309,47.01079
4108,6.88317,46.97451
4109,6.88318,46.9927
4110,6.88319,47.01089
4111,6.88327,46.97461
4112,6.88328,46.9928
4113,6.88335,46.95652
4114,6.88337,46.97471
4115,6.88338,46.9929
4116,6.88345,46.95662
4117,6.88347,46.97481
4118,6.88354,46.93853
4119,6.88355,46.95672
4120,6.88357,46.97491
4121,6.88365,46.95682
4122,6.88375,46.95692
4123,6.88391,46.90255
4124,6.8841,46.88456
4125,6.8842,46.88466
4126,6.88428,46.86657
4127,6.8843,46.88476
4128,6.88438,46.86667
4129,6.8844,46.88486
4130,6.88447,46.84858
4131,6.88448,46.86677
4132,6.8845,46.88496
4133,6.88457,46.84868
4134,6.88458,46.86687
4135,6.88465,46.83059
4136,6.88467,46.84878
4137,6.88468,46.86697
4138,6.88475,46.83069
4139,6.88477,46.84888
4140,6.88484,46.8126
4141,6.88485,46.83079
4142,6.88487,46.84898
4143,6.88494,46.8127
4144,6.88495,46.83089
4145,6.88502,46.79461
4146,6.88504,46.8128
4147,6.88505,46.83099
4148,6.88512,46.79471
4149,6.88514,46.8129
4150,6.88521,46.77661
4151,6.88522,46.79481
4152,6.88524,46.813
4153,6.88531,46.77671
4154,6.88532,46.79491
4155,6.88539,46.75862
4156,6.88541,46.77681
4157,6.88542,46.79501
4158,6.88549,46.75872
4159,6.88551,46.77691
4160,6.88558,46.74063
4161,6.88559,46.75882
4162,6.88561,46.77701
4163,6.88568,46.74073
4164,6.88569,46.75892
4165,6.88576,46.72264
4166,6.88578,46.74083
4167,6.88579,46.75902
4168,6.88586,46.72274
4169,6.88588,46.74093
4170,6.88595,46.70465
4171,6.88596,46.72284
4172,6.88598,46.74103
4173,6.88605,46.70475
4174,6.88606,46.72294
4175,6.88613,46.68666
4176,6.88615,46.70485
4177,6.88616,46.72304
4178,6.88623,46.68676
4179,6.88625,46.70495
4180,6.88632,46.66867
4181,6.88633,46.68686
4182,6.88635,46.70505
4183,6.88642,46.66877
4184,6.88643,46.68696
4185,6.8865,46.65068
4186,6.88652,46.66887
4187,6.88653,46.68706
4188,6.8866,46.65078
4189,6.88662,46.66897
4190,6.88669,46.63269
4191,6.8867,46.65088
4192,6.88672,46.66907
4193,6.88679,46.63279
4194,6.8868,46.65098
4195,6.88687,46.6147
4196,6.88689,46.63289
4197,6.8869,46.65108
4198,6.88697,46.6148
4199,6.88699,46.63299
4200,6.88705,46.59671
4201,6.88707,46.6149
4202,6.88709,46.63309
4203,6.88715,46.59681
4204,6.88717,46.615
4205,6.88724,46.57872
4206,6.88725,46.59691
4207,6.88727,46.6151
4208,6.88734,46.57882
4209,6.88735,46.59701
4210,6.88742,46.56073
4211,6.88744,46.57892
4212,6.88745,46.59711
4213,6.88752,46.56083
4214,6.88754,46.57902
4215,6.88761,46.54274
4216,6.88762,46.56093
4217,6.88764,46.57912
4218,6.88771,46.54284
4219,6.88772,46.56103
4220,6.88779,46.52475
4221,6.88781,46.54294
4222,6.88782,46.56113
4223,6.88789,46.52485
4224,6.88791,46.54304
4225,6.88797,46.50676
4226,6.88799,46.52495
4227,6.88801,46.54314
4228,6.88807,46.50686
4229,6.88809,46.52505
4230,6.88816,46.48877
4231,6.88817,46.50696
4232,6.88819,46.52515
4233,6.88826,46.48887
4234,6.88827,46.50706
4235,6.88834,46.47077
4236,6.88836,46.48897
4237,6.88837,46.50716
4238,6.88844,46.47087
4239,6.88846,46.48907
4240,6.88852,46.45278
4241,6.88854,46.47097
4242,6.88856,46.48917
4243,6.88862,46.45288
4244,6.88864,46.47107
4245,6.8887,46.43479
4246,6.88872,46.45298
4247,6.88874,46.47117
4248,6.8888,46.43489
4249,6.88882,46.45308
4250,6.8889,46.43499
4251,6.88892,46.45318
4252,6.889,46.43509
4253,6.88907,46.39881
4254,6.8891,46.43519
4255,6.88917,46.39891
4256,6.88925,46.38082
4257,6.88927,46.39901
4258,6.88935,46.38092
4259,6.88943,46.36283
4260,6.88945,46.38102
4261,6.88953,46.36293
4262,6.88955,46.38112
4263,6.88962,46.34484
4264,6.88963,46.36303
4265,6.88965,46.38122
4266,6.88972,46.34494
4267,6.88973,46.36313
4268,6.8898,46.32685
4269,6.88982,46.34504
4270,6.88983,46.36323
4271,6.8899,46.32695
4272,6.88992,46.34514
4273,6.88998,46.30886
4274,6.89,46.32705
4275,6.89002,46.34524
4276,6.89008,46.30896
4277,6.8901,46.32715
4278,6.89016,46.29087
4279,6.89018,46.30906
4280,6.8902,46.32725
4281,6.89026,46.29097
4282,6.89028,46.30916
4283,6.89034,46.27288
4284,6.89036,46.29107
4285,6.89038,46.30926
4286,6.89044,46.27298
4287,6.89053,46.25488
4288,6.89054,46.27308
4289,6.89063,46.25498
4290,6.89064,46.27318
4291,6.89071,46.23689
4292,6.89073,46.25508
4293,6.89081,46.23699
4294,6.89083,46.25518
4295,6.89089,46.2189
4296,6.89091,46.23709
4297,6.89093,46.25528
4298,6.89099,46.219
4299,6.89101,46.23719
4300,6.89107,46.20091
4301,6.89109,46.2191
4302,6.89111,46.23729
4303,6.89117,46.20101
4304,6.89119,46.2192
4305,6.89125,46.18292
4306,6.89127,46.20111
4307,6.89129,46.2193
4308,6.89135,46.18302
4309,6.89137,46.20121
4310,6.89143,46.16493
4311,6.89145,46.18312
4312,6.89147,46.20131
4313,6.89153,46.16503
4314,6.89155,46.18322
4315,6.89161,46.14694
4316,6.89163,46.16513
4317,6.89165,46.18332
4318,6.89171,46.14704
4319,6.89173,46.16523
4320,6.89179,46.12895
4321,6.89181,46.14714
4322,6.89183,46.16533
4323,6.89189,46.12905
4324,6.89191,46.14724
4325,6.89201,46.14734
4326,6.89252,46.05699
4327,6.90515,47.40637
4328,6.90533,47.38838
4329,6.90551,47.37039
4330,6.90561,47.37049
4331,6.90569,47.3524
4332,6.90571,47.37059
4333,6.90579,47.3525
4334,6.90581,47.37069
4335,6.90589,47.3526
4336,6.90591,47.37079
4337,6.90599,47.3527
4338,6.90609,47.3528
4339,6.90713,47.20849
4340,6.90723,47.20859
4341,6.90731,47.1905
4342,6.90733,47.20869
4343,6.90741,47.1906
4344,6.90743,47.20879
4345,6.90749,47.17251
4346,6.90751,47.1907
4347,6.90753,47.20889
4348,6.90759,47.17261
4349,6.90761,47.1908
4350,6.90767,47.15453
4351,6.90769,47.17271
4352,6.90771,47.1909
4353,6.90777,47.15463
4354,6.90779,47.17281
4355,6.90785,47.13654
4356,6.90787,47.15473
4357,6.90789,47.17291
4358,6.90795,47.13664
4359,6.90797,47.15483
4360,6.90802,47.11855
4361,6.90805,47.13674
4362,6.90807,47.15493
4363,6.90812,47.11865
4364,6.90815,47.13684
4365,6.9082,47.10056
4366,6.90822,47.11875
4367,6.90825,47.13694
4368,6.9083,47.10066
4369,6.90832,47.11885
4370,6.90838,47.08257
4371,6.9084,47.10076
4372,6.90842,47.11895
4373,6.90848,47.08267
4374,6.9085,47.10086
4375,6.90856,47.06458
4376,6.90858,47.08277
4377,6.9086,47.10096
4378,6.90866,47.06468
4379,6.90868,47.08287
4380,6.90874,47.04659
4381,6.90876,47.06478
4382,6.90878,47.08297
4383,6.90884,47.04669
4384,6.90886,47.06488
4385,6.90892,47.0286
4386,6.90894,47.04679
4387,6.90896,47.06498
4388,6.90902,47.0287
4389,6.90904,47.04689
4390,6.90909,47.01061
4391,6.90912,47.0288
4392,6.90914,47.04699
4393,6.90919,47.01071
4394,6.90922,47.0289
4395,6.90927,46.99262
4396,6.90929,47.01081
4397,6.90932,47.029
4398,6.90937,46.99272
4399,6.90939,47.01091
4400,6.90945,46.97463
4401,6.90947,46.99282
4402,6.90949,47.01101
4403,6.90955,46.97473
4404,6.90957,46.99292
4405,6.90965,46.97483
4406,6.90967,46.99302
4407,6.90975,46.97493
4408,6.90985,46.97503
4409,6.91016,46.90267
4410,6.91026,46.90277
4411,6.91034,46.88468
4412,6.91044,46.88478
4413,6.91051,46.86669
4414,6.91054,46.88488
4415,6.91061,46.86679
4416,6.91064,46.88498
4417,6.91069,46.8487
4418,6.91071,46.86689
4419,6.91074,46.88508
4420,6.91079,46.8488
4421,6.91081,46.86699
4422,6.91087,46.83071
4423,6.91089,46.8489
4424,6.91091,46.86709
4425,6.91097,46.83081
4426,6.91099,46.849
4427,6.91104,46.81272
4428,6.91107,46.83091
4429,6.91109,46.8491
4430,6.91114,46.81282
4431,6.91117,46.83101
4432,6.91122,46.79473
4433,6.91124,46.81292
4434,6.91127,46.83111
4435,6.91132,46.79483
4436,6.91134,46.81302
4437,6.9114,46.77674
4438,6.91142,46.79493
4439,6.91144,46.81312
4440,6.9115,46.77684
4441,6.91152,46.79503
4442,6.91157,46.75875
4443,6.9116,46.77694
4444,6.91162,46.79513
4445,6.91167,46.75885
4446,6.9117,46.77704
4447,6.91175,46.74076
4448,6.91177,46.75895
4449,6.9118,46.77714
4450,6.91185,46.74086
4451,6.91187,46.75905
4452,6.91192,46.72277
4453,6.91195,46.74096
4454,6.91197,46.75915
4455,6.91202,46.72287
4456,6.91205,46.74106
4457,6.9121,46.70478
4458,6.91212,46.72297
4459,6.91215,46.74116
4460,6.9122,46.70488
4461,6.91222,46.72307
4462,6.91228,46.68679
4463,6.9123,46.70498
4464,6.91232,46.72317
4465,6.91238,46.68689
4466,6.9124,46.70508
4467,6.91245,46.6688
4468,6.91248,46.68699
4469,6.9125,46.70518
4470,6.91255,46.6689
4471,6.91258,46.68709
4472,6.91263,46.65081
4473,6.91265,46.669
4474,6.91268,46.68719
4475,6.91273,46.65091
4476,6.91275,46.6691
4477,6.9128,46.63281
4478,6.91283,46.65101
4479,6.91285,46.6692
4480,6.9129,46.63291
4481,6.91293,46.65111
4482,6.91298,46.61482
4483,6.913,46.63301
4484,6.91303,46.65121
4485,6.91308,46.61492
4486,6.9131,46.63311
4487,6.91315,46.59683
4488,6.91318,46.61502
4489,6.9132,46.63321
4490,6.91325,46.59693
4491,6.91328,46.61512
4492,6.91333,46.57884
4493,6.91335,46.59703
4494,6.91338,46.61522
4495,6.91343,46.57894
4496,6.91345,46.59713
4497,6.9135,46.56085
4498,6.91353,46.57904
4499,6.91355,46.59723
4500,6.9136,46.56095
4501,6.91363,46.57914
4502,6.91368,46.54286
4503,6.9137,46.56105
4504,6.91373,46.57924
4505,6.91378,46.54296
4506,6.9138,46.56115
4507,6.91385,46.52487
4508,6.91388,46.54306
4509,6.9139,46.56125
4510,6.91395,46.52497
4511,6.91398,46.54316
4512,6.91403,46.50688
4513,6.91405,46.52507
4514,6.91408,46.54326
4515,6.91413,46.50698
4516,6.91415,46.52517
4517,6.9142,46.48889
4518,6.91423,46.50708
4519,6.91425,46.52527
4520,6.9143,46.48899
4521,6.91433,46.50718
4522,6.91438,46.4709
4523,6.9144,46.48909
4524,6.91443,46.50728
4525,6.91448,46.471
4526,6.9145,46.48919
4527,6.91455,46.45291
4528,6.91458,46.4711
4529,6.9146,46.48929
4530,6.91465,46.45301
4531,6.91468,46.4712
4532,6.91473,46.43492
4533,6.91475,46.45311
4534,6.91478,46.4713
4535,6.91483,46.43502
4536,6.91485,46.45321
4537,6.9149,46.41693
4538,6.91493,46.43512
4539,6.91495,46.45331
4540,6.915,46.41703
4541,6.91503,46.43522
4542,6.91507,46.39893
4543,6.9151,46.41713
4544,6.91513,46.43532
4545,6.91517,46.39903
4546,6.9152,46.41723
4547,6.91525,46.38094
4548,6.91527,46.39913
4549,6.9153,46.41733
4550,6.91535,46.38104
4551,6.91537,46.39923
4552,6.91542,46.36295
4553,6.91545,46.38114
4554,6.91547,46.39933
4555,6.91552,46.36305
4556,6.91555,46.38124
4557,6.9156,46.34496
4558,6.91562,46.36315
4559,6.91565,46.38134
4560,6.9157,46.34506
4561,6.91572,46.36325
4562,6.91577,46.32697
4563,6.9158,46.34516
4564,6.91582,46.36335
4565,6.91587,46.32707
4566,6.9159,46.34526
4567,6.91594,46.30898
4568,6.91597,46.32717
4569,6.916,46.34536
4570,6.91604,46.30908
4571,6.91607,46.32727
4572,6.91612,46.29099
4573,6.91614,46.30918
4574,6.91617,46.32737
4575,6.91622,46.29109
4576,6.91624,46.30928
4577,6.91629,46.273
4578,6.91632,46.29119
4579,6.91634,46.30938
4580,6.91639,46.2731
4581,6.91642,46.29129
4582,6.91646,46.25501
4583,6.91649,46.2732
4584,6.91652,46.29139
4585,6.91656,46.25511
4586,6.91659,46.2733
4587,6.91663,46.23702
4588,6.91666,46.25521
4589,6.91669,46.2734
4590,6.91673,46.23712
4591,6.91676,46.25531
4592,6.91681,46.21903
4593,6.91683,46.23722
4594,6.91686,46.25541
4595,6.91691,46.21913
4596,6.91693,46.23732
4597,6.91698,46.20104
4598,6.91701,46.21923
4599,6.91703,46.23742
4600,6.91708,46.20114
4601,6.91711,46.21933
4602,6.91715,46.18304
4603,6.91718,46.20124
4604,6.91721,46.21943
4605,6.91725,46.18314
4606,6.91728,46.20134
4607,6.91733,46.16505
4608,6.91735,46.18324
4609,6.91738,46.20144
4610,6.91745,46.18334
4611,6.91755,46.18344
4612,6.91801,46.09309
4613,6.91811,46.09319
4614,6.93148,47.42447
4615,6.93158,47.42457
4616,6.93165,47.40649
4617,6.93168,47.42467
4618,6.93175,47.40659
4619,6.93178,47.42477
4620,6.93182,47.3885
4621,6.93185,47.40669
4622,6.93188,47.42487
4623,6.93192,47.3886
4624,6.93195,47.40679
4625,6.93199,47.37051
4626,6.93202,47.3887
4627,6.93205,47.40689
4628,6.93209,47.37061
4629,6.93212,47.3888
4630,6.93216,47.35252
4631,6.93219,47.37071
4632,6.93222,47.3889
4633,6.93226,47.35262
4634,6.93229,47.37081
4635,6.93236,47.35272
4636,6.93239,47.37091
4637,6.93246,47.35282
4638,6.93256,47.35292
4639,6.93285,47.28057
4640,6.93336,47.2266
4641,6.93346,47.2267
4642,6.93353,47.20861
4643,6.93356,47.2268
4644,6.93363,47.20871
4645,6.93366,47.2269
4646,6.9337,47.19062
4647,6.93373,47.20881
4648,6.93376,47.227
4649,6.9338,47.19072
4650,6.93383,47.20891
4651,6.93387,47.17263
4652,6.9339,47.19082
4653,6.93393,47.20901
4654,6.93397,47.17273
4655,6.934,47.19092
4656,6.93404,47.15464
4657,6.93407,47.17283
4658,6.9341,47.19102
4659,6.93414,47.15474
4660,6.93417,47.17293
4661,6.93421,47.13666
4662,6.93424,47.15484
4663,6.93427,47.17303
4664,6.93431,47.13676
4665,6.93434,47.15494
4666,6.93438,47.11867
4667,6.93441,47.13686
4668,6.93444,47.15504
4669,6.93448,47.11877
4670,6.93451,47.13696
4671,6.93455,47.10068
4672,6.93458,47.11887
4673,6.93461,47.13706
4674,6.93465,47.10078
4675,6.93468,47.11897
4676,6.93472,47.08269
4677,6.93475,47.10088
4678,6.93478,47.11907
4679,6.93482,47.08279
4680,6.93485,47.10098
4681,6.93489,47.0647
4682,6.93492,47.08289
4683,6.93495,47.10108
4684,6.93499,47.0648
4685,6.93502,47.08299
4686,6.93506,47.04671
4687,6.93509,47.0649
4688,6.93512,47.08309
4689,6.93516,47.04681
4690,6.93519,47.065
4691,6.93523,47.02872
4692,6.93526,47.04691
4693,6.93529,47.0651
4694,6.93533,47.02882
4695,6.93536,47.04701
4696,6.93539,47.01073
4697,6.93543,47.02892
4698,6.93546,47.04711
4699,6.93549,47.01083
4700,6.93553,47.02902
4701,6.93556,46.99274
4702,6.93559,47.01093
4703,6.93563,47.02912
4704,6.93566,46.99284
4705,6.93569,47.01103
4706,6.93576,46.99294
4707,6.93579,47.01113
4708,6.93586,46.99304
4709,6.93596,46.99314
4710,6.93624,46.92078
4711,6.93634,46.92088
4712,6.93641,46.90279
4713,6.93644,46.92098
4714,6.93651,46.90289
4715,6.93654,46.92108
4716,6.93658,46.8848
4717,6.93661,46.90299
4718,6.93668,46.8849
4719,6.93671,46.90309
4720,6.93674,46.86681
4721,6.93678,46.885
4722,6.93681,46.90319
4723,6.93684,46.86691
4724,6.93688,46.8851
4725,6.93691,46.84882
4726,6.93694,46.86701
4727,6.93698,46.8852
4728,6.93701,46.84892
4729,6.93704,46.86711
4730,6.93708,46.83083
4731,6.93711,46.84902
4732,6.93714,46.86721
4733,6.93718,46.83093
4734,6.93721,46.84912
4735,6.93725,46.81284
4736,6.93728,46.83103
4737,6.93731,46.84922
4738,6.93735,46.81294
4739,6.93738,46.83113
4740,6.93742,46.79485
4741,6.93745,46.81304
4742,6.93748,46.83123
4743,6.93752,46.79495
4744,6.93755,46.81314
4745,6.93758,46.77686
4746,6.93762,46.79505
4747,6.93765,46.81324
4748,6.93768,46.77696
4749,6.93772,46.79515
4750,6.93775,46.75887
4751,6.93778,46.77706
4752,6.93782,46.79525
4753,6.93785,46.75897
4754,6.93788,46.77716
4755,6.93792,46.74088
4756,6.93795,46.75907
4757,6.93798,46.77726
4758,6.93802,46.74098
4759,6.93805,46.75917
4760,6.93809,46.72289
4761,6.93812,46.74108
4762,6.93815,46.75927
4763,6.93819,46.72299
4764,6.93822,46.74118
4765,6.93825,46.70489
4766,6.93829,46.72309
4767,6.93832,46.74128
4768,6.93835,46.70499
4769,6.93839,46.72319
4770,6.93842,46.6869
4771,6.93845,46.70509
4772,6.93849,46.72329
4773,6.93852,46.687
4774,6.93855,46.70519
4775,6.93859,46.66891
4776,6.93862,46.6871
4777,6.93865,46.70529
4778,6.93869,46.66901
4779,6.93872,46.6872
4780,6.93875,46.65092
4781,6.93879,46.66911
4782,6.93882,46.6873
4783,6.93885,46.65102
4784,6.93889,46.66921
4785,6.93892,46.63293
4786,6.93895,46.65112
4787,6.93899,46.66931
4788,6.93902,46.63303
4789,6.93905,46.65122
4790,6.93909,46.61494
4791,6.93912,46.63313
4792,6.93915,46.65132
4793,6.93919,46.61504
4794,6.93922,46.63323
4795,6.93925,46.59695
4796,6.93929,46.61514
4797,6.93932,46.63333
4798,6.93935,46.59705
4799,6.93939,46.61524
4800,6.93942,46.57896
4801,6.93945,46.59715
4802,6.93949,46.61534
4803,6.93952,46.57906
4804,6.93955,46.59725
4805,6.93959,46.56097
4806,6.93962,46.57916
4807,6.93965,46.59735
4808,6.93969,46.56107
4809,6.93972,46.57926
4810,6.93975,46.54298
4811,6.93979,46.56117
4812,6.93982,46.57936
4813,6.93985,46.54308
4814,6.93989,46.56127
4815,6.93992,46.52499
4816,6.93995,46.54318
4817,6.93999,46.56137
4818,6.94002,46.52509
4819,6.94005,46.54328
4820,6.94008,46.507
4821,6.94012,46.52519
4822,6.94015,46.54338
4823,6.94018,46.5071
4824,6.94022,46.52529
4825,6.94025,46.48901
4826,6.94028,46.5072
4827,6.94032,46.52539
4828,6.94035,46.48911
4829,6.94038,46.5073
4830,6.94042,46.47102
4831,6.94045,46.48921
4832,6.94048,46.5074
4833,6.94052,46.47112
4834,6.94055,46.48931
4835,6.94058,46.45302
4836,6.94062,46.47122
4837,6.94065,46.48941
4838,6.94068,46.45312
4839,6.94072,46.47132
4840,6.94075,46.43503
4841,6.94078,46.45322
4842,6.94082,46.47142
4843,6.94085,46.43513
4844,6.94088,46.45332
4845,6.94091,46.41704
4846,6.94095,46.43523
4847,6.94098,46.45342
4848,6.94101,46.41714
4849,6.94105,46.43533
4850,6.94108,46.39905
4851,6.94111,46.41724
4852,6.94115,46.43543
4853,6.94118,46.39915
4854,6.94121,46.41734
4855,6.94124,46.38106
4856,6.94128,46.39925
4857,6.94131,46.41744
4858,6.94134,46.38116
4859,6.94138,46.39935
4860,6.94141,46.36307
4861,6.94144,46.38126
4862,6.94148,46.39945
4863,6.94151,46.36317
4864,6.94154,46.38136
4865,6.94157,46.34508
4866,6.94161,46.36327
4867,6.94164,46.38146
4868,6.94167,46.34518
4869,6.94171,46.36337
4870,6.94174,46.32709
4871,6.94177,46.34528
4872,6.94181,46.36347
4873,6.94184,46.32719
4874,6.94187,46.34538
4875,6.9419,46.3091
4876,6.94194,46.32729
4877,6.94197,46.34548
4878,6.942,46.3092
4879,6.94204,46.32739
4880,6.94207,46.29111
4881,6.9421,46.3093
4882,6.94214,46.32749
4883,6.94217,46.29121
4884,6.9422,46.3094
4885,6.94223,46.27312
4886,6.94227,46.29131
4887,6.9423,46.3095
4888,6.94233,46.27322
4889,6.94237,46.29141
4890,6.9424,46.25512
4891,6.94243,46.27332
4892,6.94247,46.29151
4893,6.9425,46.25522
4894,6.94253,46.27342
4895,6.94256,46.23713
4896,6.9426,46.25532
4897,6.94263,46.27352
4898,6.94266,46.23723
4899,6.9427,46.25542
4900,6.94273,46.21914
4901,6.94276,46.23733
4902,6.9428,46.25552
4903,6.94283,46.21924
4904,6.94286,46.23743
4905,6.94289,46.20115
4906,6.94293,46.21934
4907,6.94296,46.23753
4908,6.94299,46.20125
4909,6.94303,46.21944
4910,6.94305,46.18316
4911,6.94309,46.20135
4912,6.94313,46.21954
4913,6.94319,46.20145
4914,6.94371,46.1112
4915,6.94387,46.09321
4916,6.94404,46.07522
4917,6.94414,46.07532
4918,6.9442,46.05723
4919,6.94424,46.07542
4920,6.9443,46.05733
4921,6.94434,46.07552
4922,6.94436,46.03924
4923,6.9444,46.05743
4924,6.94444,46.07562
4925,6.9445,46.05753
4926,6.9446,46.05763
4927,6.95782,47.44257
4928,6.95792,47.44267
4929,6.95798,47.42459
4930,6.95808,47.42469
4931,6.95814,47.4066
4932,6.95818,47.42479
4933,6.95824,47.4067
4934,6.95828,47.42489
4935,6.95831,47.38861
4936,6.95834,47.4068
4937,6.95838,47.42499
4938,6.95841,47.38871
4939,6.95844,47.4069
4940,6.95847,47.37062
4941,6.95851,47.38881
4942,6.95857,47.37072
4943,6.95861,47.38891
4944,6.95863,47.35263
4945,6.95867,47.37082
4946,6.95871,47.38901
4947,6.95873,47.35273
4948,6.95877,47.37092
4949,6.95883,47.35283
4950,6.95887,47.37102
4951,6.95928,47.28068
4952,6.95938,47.28078
4953,6.95944,47.26269
4954,6.95948,47.28088
4955,6.95954,47.26279
4956,6.95958,47.28098
4957,6.9596,47.2447
4958,6.95964,47.26289
4959,6.95968,47.28108
4960,6.9597,47.2448
4961,6.95974,47.26299
4962,6.95977,47.22671
4963,6.9598,47.2449
4964,6.95984,47.26309
4965,6.95987,47.22681
4966,6.9599,47.245
4967,6.95993,47.20873
4968,6.95997,47.22691
4969,6.96,47.2451
4970,6.96003,47.20883
4971,6.96007,47.22701
4972,6.96009,47.19074
4973,6.96013,47.20893
4974,6.96017,47.22711
4975,6.96019,47.19084
4976,6.96023,47.20903
4977,6.96025,47.17275
4978,6.96029,47.19094
4979,6.96033,47.20913
4980,6.96035,47.17285
4981,6.96039,47.19104
4982,6.96041,47.15476
4983,6.96045,47.17295
4984,6.96049,47.19114
4985,6.96051,47.15486
4986,6.96055,47.17305
4987,6.96057,47.13677
4988,6.96061,47.15496
4989,6.96065,47.17315
4990,6.96067,47.13687
4991,6.96071,47.15506
4992,6.96073,47.11878
4993,6.96077,47.13697
4994,6.96081,47.15516
4995,6.96083,47.11888
4996,6.96087,47.13707
4997,6.96089,47.10079
4998,6.96093,47.11898
4999,6.96097,47.13717
5000,6.96099,47.10089
5001,6.96103,47.11908
5002,6.96105,47.0828
5003,6.96109,47.10099
5004,6.96113,47.11918
5005,6.96115,47.0829
5006,6.96119,47.10109
5007,6.96121,47.06481
5008,6.96125,47.083
5009,6.96129,47.10119
5010,6.96131,47.06491
5011,6.96135,47.0831
5012,6.96138,47.04682
5013,6.96141,47.06501
5014,6.96145,47.0832
5015,6.96148,47.04692
5016,6.96151,47.06511
5017,6.96154,47.02883
5018,6.96158,47.04702
5019,6.96161,47.06521
5020,6.96164,47.02893
5021,6.96168,47.04712
5022,6.9617,47.01084
5023,6.96174,47.02903
5024,6.96178,47.04722
5025,6.9618,47.01094
5026,6.96184,47.02913
5027,6.96186,46.99285
5028,6.9619,47.01104
5029,6.96194,47.02923
5030,6.96196,46.99295
5031,6.962,47.01114
5032,6.96206,46.99305
5033,6.9621,47.01124
5034,6.96216,46.99315
5035,6.96226,46.99325
5036,6.96234,46.93888
5037,6.9625,46.92089
5038,6.9626,46.92099
5039,6.96266,46.9029
5040,6.9627,46.92109
5041,6.96276,46.903
5042,6.9628,46.92119
5043,6.96281,46.88491
5044,6.96286,46.9031
5045,6.9629,46.92129
5046,6.96291,46.88501
5047,6.96296,46.9032
5048,6.96297,46.86692
5049,6.96301,46.88511
5050,6.96306,46.9033
5051,6.96307,46.86702
5052,6.96311,46.88521
5053,6.96313,46.84893
5054,6.96317,46.86712
5055,6.96321,46.88531
5056,6.96323,46.84903
5057,6.96327,46.86722
5058,6.96329,46.83094
5059,6.96333,46.84913
5060,6.96337,46.86732
5061,6.96339,46.83104
5062,6.96343,46.84923
5063,6.96345,46.81295
5064,6.96349,46.83114
5065,6.96353,46.84933
5066,6.96355,46.81305
5067,6.96359,46.83124
5068,6.96361,46.79496
5069,6.96365,46.81315
5070,6.96369,46.83134
5071,6.96371,46.79506
5072,6.96375,46.81325
5073,6.96377,46.77697
5074,6.96381,46.79516
5075,6.96385,46.81335
5076,6.96387,46.77707
5077,6.96391,46.79526
5078,6.96393,46.75898
5079,6.96397,46.77717
5080,6.96401,46.79536
5081,6.96403,46.75908
5082,6.96407,46.77727
5083,6.96409,46.74099
5084,6.96413,46.75918
5085,6.96417,46.77737
5086,6.96419,46.74109
5087,6.96423,46.75928
5088,6.96425,46.723
5089,6.96429,46.74119
5090,6.96433,46.75938
5091,6.96435,46.7231
5092,6.96439,46.74129
5093,6.9644,46.70501
5094,6.96445,46.7232
5095,6.96449,46.74139
5096,6.9645,46.70511
5097,6.96455,46.7233
5098,6.96456,46.68702
5099,6.9646,46.70521
5100,6.96465,46.7234
5101,6.96466,46.68712
5102,6.9647,46.70531
5103,6.96472,46.66903
5104,6.96476,46.68722
5105,6.9648,46.70541
5106,6.96482,46.66913
5107,6.96486,46.68732
5108,6.96488,46.65103
5109,6.96492,46.66923
5110,6.96496,46.68742
5111,6.96498,46.65113
5112,6.96502,46.66933
5113,6.96504,46.63304
5114,6.96508,46.65123
5115,6.96512,46.66943
5116,6.96514,46.63314
5117,6.96518,46.65133
5118,6.9652,46.61505
5119,6.96524,46.63324
5120,6.96528,46.65143
5121,6.9653,46.61515
5122,6.96534,46.63334
5123,6.96535,46.59706
5124,6.9654,46.61525
5125,6.96544,46.63344
5126,6.96545,46.59716
5127,6.9655,46.61535
5128,6.96551,46.57907
5129,6.96555,46.59726
5130,6.9656,46.61545
5131,6.96561,46.57917
5132,6.96565,46.59736
5133,6.96567,46.56108
5134,6.96571,46.57927
5135,6.96575,46.59746
5136,6.96577,46.56118
5137,6.96581,46.57937
5138,6.96583,46.54309
5139,6.96587,46.56128
5140,6.96591,46.57947
5141,6.96593,46.54319
5142,6.96598,46.5251
5143,6.96603,46.54329
5144,6.96608,46.5252
5145,6.96613,46.54339
5146,6.96614,46.50711
5147,6.96618,46.5253
5148,6.96623,46.54349
5149,6.96624,46.50721
5150,6.96628,46.5254
5151,6.9663,46.48912
5152,6.96634,46.50731
5153,6.96638,46.5255
5154,6.9664,46.48922
5155,6.96644,46.50741
5156,6.96646,46.47113
5157,6.9665,46.48932
5158,6.96654,46.50751
5159,6.96656,46.47123
5160,6.9666,46.48942
5161,6.96661,46.45314
5162,6.96666,46.47133
5163,6.9667,46.48952
5164,6.96671,46.45324
5165,6.96676,46.47143
5166,6.96677,46.43514
5167,6.96681,46.45334
5168,6.96686,46.47153
5169,6.96687,46.43524
5170,6.96691,46.45344
5171,6.96693,46.41715
5172,6.96697,46.43534
5173,6.96701,46.45354
5174,6.96703,46.41725
5175,6.96707,46.43544
5176,6.96708,46.39916
5177,6.96713,46.41735
5178,6.96717,46.43554
5179,6.96718,46.39926
5180,6.96723,46.41745
5181,6.96724,46.38117
5182,6.96728,46.39936
5183,6.96733,46.41755
5184,6.96734,46.38127
5185,6.96738,46.39946
5186,6.9674,46.36318
5187,6.96744,46.38137
5188,6.96748,46.39956
5189,6.9675,46.36328
5190,6.96754,46.38147
5191,6.96755,46.34519
5192,6.9676,46.36338
5193,6.96765,46.34529
5194,6.9677,46.36348
5195,6.96771,46.3272
5196,6.96775,46.34539
5197,6.9678,46.36358
5198,6.96781,46.3273
5199,6.96785,46.34549
5200,6.96786,46.30921
5201,6.96791,46.3274
5202,6.96795,46.34559
5203,6.96796,46.30931
5204,6.96801,46.3275
5205,6.96802,46.29122
5206,6.96806,46.30941
5207,6.96811,46.3276
5208,6.96812,46.29132
5209,6.96816,46.30951
5210,6.96818,46.27323
5211,6.96822,46.29142
5212,6.96826,46.30961
5213,6.96828,46.27333
5214,6.96832,46.29152
5215,6.96833,46.25524
5216,6.96838,46.27343
5217,6.96842,46.29162
5218,6.96843,46.25534
5219,6.96848,46.27353
5220,6.96849,46.23724
5221,6.96853,46.25544
5222,6.96858,46.27363
5223,6.96859,46.23734
5224,6.96863,46.25554
5225,6.96864,46.21925
5226,6.96869,46.23744
5227,6.96873,46.25564
5228,6.96874,46.21935
5229,6.96879,46.23754
5230,6.9688,46.20126
5231,6.96884,46.21945
5232,6.96889,46.23764
5233,6.9689,46.20136
5234,6.96894,46.21955
5235,6.96896,46.18327
5236,6.969,46.20146
5237,6.96904,46.21965
5238,6.96906,46.18337
5239,6.9691,46.20156
5240,6.96911,46.16528
5241,6.9692,46.20166
5242,6.96921,46.16538
5243,6.96927,46.14729
5244,6.96931,46.16548
5245,6.96937,46.14739
5246,6.96941,46.16558
5247,6.96947,46.14749
5248,6.96957,46.14759
5249,6.96958,46.11131
5250,6.96967,46.14769
5251,6.96968,46.11141
5252,6.96973,46.09332
5253,6.96978,46.11151
5254,6.96983,46.09342
5255,6.96988,46.11161
5256,6.96989,46.07533
5257,6.96993,46.09352
5258,6.96999,46.07543
5259,6.97003,46.09362
5260,6.97004,46.05734
5261,6.97009,46.07553
5262,6.97013,46.09372
5263,6.97014,46.05744
5264,6.97019,46.07563
5265,6.9702,46.03935
5266,6.97024,46.05754
5267,6.97029,46.07573
5268,6.9703,46.03945
5269,6.97034,46.05764
5270,6.97035,46.02136
5271,6.9704,46.03955
5272,6.97044,46.05774
5273,6.97045,46.02146
5274,6.9705,46.03965
5275,6.97055,46.02156
5276,6.9706,46.03975
5277,6.98387,47.49665
5278,6.98397,47.49675
5279,6.98403,47.47866
5280,6.98407,47.49685
5281,6.98413,47.47876
5282,6.98433,47.44268
5283,6.98443,47.44278
5284,6.98449,47.42469
5285,6.98453,47.44288
5286,6.98459,47.42479
5287,6.98463,47.44298
5288,6.98464,47.40671
5289,6.98469,47.42489
5290,6.98473,47.44308
5291,6.98474,47.40681
5292,6.98479,47.38872
5293,6.98479,47.42499
5294,6.98484,47.40691
5295,6.98489,47.38882
5296,6.98489,47.42509
5297,6.98494,47.40701
5298,6.98495,47.37073
5299,6.98499,47.38892
5300,6.98504,47.40711
5301,6.98505,47.37083
5302,6.98509,47.38902
5303,6.98519,47.38912
5304,6.98556,47.29878
5305,6.98566,47.29888
5306,6.98571,47.28079
5307,6.98576,47.29898
5308,6.98581,47.28089
5309,6.98586,47.29908
5310,6.98587,47.2628
5311,6.98591,47.28099
5312,6.98597,47.2629
5313,6.98601,47.28109
5314,6.98602,47.24481
5315,6.98607,47.263
5316,6.98611,47.28119
5317,6.98612,47.24491
5318,6.98617,47.22682
5319,6.98617,47.2631
5320,6.98622,47.24501
5321,6.98627,47.22692
5322,6.98627,47.2632
5323,6.98632,47.24511
5324,6.98633,47.20883
5325,6.98637,47.22702
5326,6.98642,47.24521
5327,6.98643,47.20893
5328,6.98647,47.22712
5329,6.98648,47.19084
5330,6.98653,47.20903
5331,6.98657,47.22722
5332,6.98658,47.19094
5333,6.98663,47.17285
5334,6.98663,47.20913
5335,6.98668,47.19104
5336,6.98673,47.17295
5337,6.98673,47.20923
5338,6.98678,47.15486
5339,6.98678,47.19114
5340,6.98683,47.17305
5341,6.98688,47.15496
5342,6.98688,47.19124
5343,6.98693,47.13688
5344,6.98693,47.17315
5345,6.98698,47.15506
5346,6.98703,47.13698
5347,6.98703,47.17325
5348,6.98708,47.15516
5349,6.98709,47.11889
5350,6.98713,47.13708
5351,6.98718,47.15526
5352,6.98719,47.11899
5353,6.98723,47.13718
5354,6.98724,47.1009
5355,6.98729,47.11909
5356,6.98733,47.13728
5357,6.98734,47.101
5358,6.98739,47.08291
5359,6.98739,47.11919
5360,6.98744,47.1011
5361,6.98749,47.08301
5362,6.98749,47.11929
5363,6.98754,47.06492
5364,6.98754,47.1012
5365,6.98759,47.08311
5366,6.98764,47.06502
5367,6.98764,47.1013
5368,6.98769,47.04693
5369,6.98769,47.08321
5370,6.98774,47.06512
5371,6.98779,47.04703
5372,6.98779,47.08331
5373,6.98784,47.06522
5374,6.98785,47.02894
5375,6.98789,47.04713
5376,6.98794,47.06532
5377,6.98795,47.02904
5378,6.98799,47.04723
5379,6.988,47.01095
5380,6.98805,47.02914
5381,6.98809,47.04733
5382,6.9881,47.01105
5383,6.98815,47.02924
5384,6.9882,47.01115
5385,6.98825,47.02934
5386,6.9883,47.01125
5387,6.9884,47.01135
5388,6.98845,46.95698
5389,6.98855,46.95708
5390,6.9886,46.93899
5391,6.98865,46.95718
5392,6.9887,46.93909
5393,6.98875,46.921
5394,6.98875,46.95728
5395,6.9888,46.93919
5396,6.98885,46.9211
5397,6.98885,46.95738
5398,6.9889,46.90301
5399,6.9889,46.93929
5400,6.98895,46.9212
5401,6.989,46.90311
5402,6.989,46.93939
5403,6.98905,46.88502
5404,6.98905,46.9213
5405,6.9891,46.90321
5406,6.98915,46.88512
5407,6.98915,46.9214
5408,6.9892,46.90331
5409,6.98921,46.86703
5410,6.98925,46.88522
5411,6.9893,46.90341
5412,6.98931,46.86713
5413,6.98935,46.88532
5414,6.98936,46.84904
5415,6.98941,46.86723
5416,6.98945,46.88542
5417,6.98946,46.84914
5418,6.98951,46.83105
5419,6.98951,46.86733
5420,6.98956,46.84924
5421,6.98961,46.83115
5422,6.98961,46.86743
5423,6.98966,46.81306
5424,6.98966,46.84934
5425,6.98971,46.83125
5426,6.98976,46.81316
5427,6.98976,46.84944
5428,6.98981,46.79507
5429,6.98981,46.83135
5430,6.98986,46.81326
5431,6.98991,46.79517
5432,6.98991,46.83145
5433,6.98996,46.77708
5434,6.98996,46.81336
5435,6.99001,46.79527
5436,6.99006,46.77718
5437,6.99006,46.81346
5438,6.99011,46.75908
5439,6.99011,46.79537
5440,6.99016,46.77728
5441,6.99021,46.75918
5442,6.99021,46.79547
5443,6.99026,46.74109
5444,6.99026,46.77738
5445,6.99031,46.75928
5446,6.99036,46.74119
5447,6.99036,46.77748
5448,6.99041,46.7231
5449,6.99041,46.75938
5450,6.99046,46.74129
5451,6.99051,46.7232
5452,6.99051,46.75948
5453,6.99056,46.70511
5454,6.99056,46.74139
5455,6.99061,46.7233
5456,6.99066,46.70521
5457,6.99066,46.74149
5458,6.99071,46.68712
5459,6.99071,46.7234
5460,6.99076,46.70531
5461,6.99081,46.68722
5462,6.99081,46.7235
5463,6.99086,46.66913
5464,6.99086,46.70541
5465,6.99091,46.68732
5466,6.99096,46.66923
5467,6.99096,46.70551
5468,6.99101,46.65114
5469,6.99101,46.68742
5470,6.99106,46.66933
5471,6.99111,46.65124
5472,6.99111,46.68752
5473,6.99115,46.63315
5474,6.99116,46.66943
5475,6.99121,46.65134
5476,6.99125,46.63325
5477,6.99126,46.66953
5478,6.9913,46.61516
5479,6.99131,46.65144
5480,6.99135,46.63335
5481,6.9914,46.61526
5482,6.99141,46.65154
5483,6.99145,46.59717
5484,6.99145,46.63345
5485,6.9915,46.61536
5486,6.99155,46.59727
5487,6.99155,46.63355
5488,6.9916,46.57918
5489,6.9916,46.61546
5490,6.99165,46.59737
5491,6.9917,46.57928
5492,6.9917,46.61556
5493,6.99175,46.56119
5494,6.99175,46.59747
5495,6.9918,46.57938
5496,6.99185,46.56129
5497,6.99185,46.59757
5498,6.9919,46.5432
5499,6.9919,46.57948
5500,6.99195,46.56139
5501,6.992,46.5433
5502,6.99205,46.52521
5503,6.99205,46.56149
5504,6.9921,46.5434
5505,6.99215,46.52531
5506,6.99215,46.56159
5507,6.9922,46.50721
5508,6.9922,46.5435
5509,6.99225,46.52541
5510,6.9923,46.50731
5511,6.9923,46.5436
5512,6.99235,46.48922
5513,6.99235,46.52551
5514,6.9924,46.50741
5515,6.99245,46.48932
5516,6.99245,46.52561
5517,6.99249,46.47123
5518,6.9925,46.50751
5519,6.99259,46.47133
5520,6.9926,46.50761
5521,6.99264,46.45324
5522,6.99269,46.47143
5523,6.99274,46.45334
5524,6.99279,46.43525
5525,6.99279,46.47153
5526,6.99284,46.45344
5527,6.99289,46.43535
5528,6.99289,46.47163
5529,6.99294,46.41726
5530,6.99294,46.45354
5531,6.99299,46.43545
5532,6.99304,46.41736
5533,6.99304,46.45364
5534,6.99309,46.39927
5535,6.99309,46.43555
5536,6.99314,46.41746
5537,6.99319,46.39937
5538,6.99319,46.43565
5539,6.99324,46.38128
5540,6.99324,46.41756
5541,6.99329,46.39947
5542,6.99334,46.38138
5543,6.99334,46.41766
5544,6.99338,46.36329
5545,6.99339,46.39957
5546,6.99344,46.38148
5547,6.99348,46.36339
5548,6.99353,46.3453
5549,6.99354,46.38158
5550,6.99358,46.36349
5551,6.99363,46.3454
5552,6.99368,46.3273
5553,6.99373,46.3455
5554,6.99378,46.3274
5555,6.99383,46.30931
5556,6.99383,46.3456
5557,6.99388,46.3275
5558,6.99393,46.30941
5559,6.99393,46.3457
5560,6.99397,46.29132
5561,6.99398,46.3276
5562,6.99403,46.30951
5563,6.99407,46.29142
5564,6.99408,46.3277
5565,6.99412,46.27333
5566,6.99413,46.30961
5567,6.99417,46.29152
5568,6.99422,46.27343
5569,6.99423,46.30971
5570,6.99427,46.25534
5571,6.99427,46.29162
5572,6.99432,46.27353
5573,6.99437,46.25544
5574,6.99437,46.29172
5575,6.99442,46.23735
5576,6.99442,46.27363
5577,6.99447,46.25554
5578,6.99452,46.23745
5579,6.99452,46.27373
5580,6.99456,46.21936
5581,6.99457,46.25564
5582,6.99462,46.23755
5583,6.99466,46.21946
5584,6.99467,46.25574
5585,6.99471,46.20137
5586,6.99472,46.23765
5587,6.99476,46.21956
5588,6.99481,46.20147
5589,6.99482,46.23775
5590,6.99486,46.18338
5591,6.99486,46.21966
5592,6.99491,46.20157
5593,6.99496,46.18348
5594,6.99496,46.21976
5595,6.995,46.16539
5596,6.99501,46.20167
5597,6.99506,46.18358
5598,6.9951,46.16549
5599,6.99511,46.20177
5600,6.99515,46.1474
5601,6.99516,46.18368
5602,6.9952,46.16559
5603,6.99525,46.1475
5604,6.99526,46.18378
5605,6.99535,46.1476
5606,6.99544,46.11141
5607,6.99545,46.1477
5608,6.99554,46.11151
5609,6.99555,46.1478
5610,6.99559,46.09342
5611,6.99564,46.11161
5612,6.99569,46.09352
5613,6.99574,46.07543
5614,6.99574,46.11171
5615,6.99579,46.09362
5616,6.99584,46.07553
5617,6.99584,46.11181
5618,6.99588,46.05744
5619,6.99589,46.09372
5620,6.99594,46.07563
5621,6.99598,46.05754
5622,6.99599,46.09382
5623,6.99603,46.03945
5624,6.99608,46.05764
5625,6.99613,46.03955
5626,6.99617,46.02146
5627,6.99618,46.05774
5628,6.99623,46.03965
5629,6.99627,46.02156
5630,6.99628,46.05784
5631,6.99633,46.03975
5632,6.99643,46.03985
5633,7.01041,47.49675
5634,7.01051,47.49685
5635,7.01056,47.47876
5636,7.01061,47.49695
5637,7.01066,47.47886
5638,7.0107,47.46077
5639,7.01071,47.49705
5640,7.01076,47.47896
5641,7.0108,47.46087
5642,7.01081,47.49715
5643,7.01085,47.44278
5644,7.01086,47.47906
5645,7.0109,47.46097
5646,7.01095,47.44288
5647,7.01096,47.47916
5648,7.01099,47.4248
5649,7.011,47.46107
5650,7.01105,47.44298
5651,7.01109,47.4249
5652,7.0111,47.46117
5653,7.01114,47.40681
5654,7.01115,47.44308
5655,7.01119,47.425
5656,7.01124,47.40691
5657,7.01125,47.44318
5658,7.01128,47.38882
5659,7.01129,47.4251
5660,7.01134,47.40701
5661,7.01138,47.38892
5662,7.01139,47.4252
5663,7.01143,47.37083
5664,7.01144,47.40711
5665,7.01148,47.38902
5666,7.01153,47.37093
5667,7.01154,47.40721
5668,7.01158,47.38912
5669,7.01163,47.37103
5670,7.01168,47.38922
5671,7.01186,47.31687
5672,7.01196,47.31697
5673,7.012,47.29888
5674,7.01206,47.31707
5675,7.0121,47.29898
5676,7.01215,47.28089
5677,7.01216,47.31717
5678,7.0122,47.29908
5679,7.01225,47.28099
5680,7.01226,47.31727
5681,7.01229,47.2629
5682,7.0123,47.29918
5683,7.01235,47.28109
5684,7.01239,47.263
5685,7.0124,47.29928
5686,7.01244,47.24491
5687,7.01245,47.28119
5688,7.01249,47.2631
5689,7.01254,47.24501
5690,7.01255,47.28129
5691,7.01258,47.22692
5692,7.01259,47.2632
5693,7.01264,47.24511
5694,7.01268,47.22702
5695,7.01269,47.2633
5696,7.01272,47.20893
5697,7.01274,47.24521
5698,7.01278,47.22712
5699,7.01282,47.20903
5700,7.01284,47.24531
5701,7.01287,47.19094
5702,7.01288,47.22722
5703,7.01292,47.20913
5704,7.01297,47.19104
5705,7.01298,47.22732
5706,7.01301,47.17295
5707,7.01302,47.20923
5708,7.01307,47.19114
5709,7.01311,47.17305
5710,7.01312,47.20933
5711,7.01315,47.15497
5712,7.01317,47.19124
5713,7.01321,47.17315
5714,7.01325,47.15507
5715,7.01327,47.19134
5716,7.0133,47.13698
5717,7.01331,47.17325
5718,7.01335,47.15517
5719,7.0134,47.13708
5720,7.01341,47.17335
5721,7.01344,47.11899
5722,7.01345,47.15527
5723,7.0135,47.13718
5724,7.01354,47.11909
5725,7.01355,47.15537
5726,7.01358,47.101
5727,7.0136,47.13728
5728,7.01364,47.11919
5729,7.01368,47.1011
5730,7.0137,47.13738
5731,7.01373,47.08301
5732,7.01374,47.11929
5733,7.01378,47.1012
5734,7.01383,47.08311
5735,7.01384,47.11939
5736,7.01387,47.06502
5737,7.01388,47.1013
5738,7.01393,47.08321
5739,7.01397,47.06512
5740,7.01398,47.1014
5741,7.01401,47.04703
5742,7.01403,47.08331
5743,7.01407,47.06522
5744,7.01411,47.04713
5745,7.01413,47.08341
5746,7.01416,47.02904
5747,7.01417,47.06532
5748,7.01421,47.04723
5749,7.01426,47.02914
5750,7.01427,47.06542
5751,7.0143,47.01105
5752,7.01431,47.04733
5753,7.01436,47.02924
5754,7.0144,47.01115
5755,7.01441,47.04743
5756,7.01446,47.02934
5757,7.0145,47.01125
5758,7.01456,47.02944
5759,7.0146,47.01135
5760,7.0147,47.01145
5761,7.01473,46.95708
5762,7.01483,46.95718
5763,7.01487,46.93909
5764,7.01493,46.95728
5765,7.01497,46.93919
5766,7.01501,46.9211
5767,7.01503,46.95738
5768,7.01507,46.93929
5769,7.01511,46.9212
5770,7.01513,46.95748
5771,7.01515,46.90311
5772,7.01517,46.93939
5773,7.01521,46.9213
5774,7.01525,46.90321
5775,7.01527,46.93949
5776,7.01529,46.88512
5777,7.01531,46.9214
5778,7.01535,46.90331
5779,7.01539,46.88522
5780,7.01541,46.9215
5781,7.01544,46.86713
5782,7.01549,46.88532
5783,7.01554,46.86723
5784,7.01558,46.84914
5785,7.01559,46.88542
5786,7.01564,46.86733
5787,7.01568,46.84924
5788,7.01569,46.88552
5789,7.01572,46.83115
5790,7.01574,46.86743
5791,7.01578,46.84934
5792,7.01582,46.83125
5793,7.01584,46.86753
5794,7.01586,46.81316
5795,7.01588,46.84944
5796,7.01592,46.83135
5797,7.01596,46.81326
5798,7.01598,46.84954
5799,7.016,46.79517
5800,7.01602,46.83145
5801,7.01606,46.81336
5802,7.0161,46.79527
5803,7.01612,46.83155
5804,7.01614,46.77718
5805,7.01616,46.81346
5806,7.0162,46.79537
5807,7.01624,46.77728
5808,7.01626,46.81356
5809,7.01629,46.75918
5810,7.0163,46.79547
5811,7.01634,46.77738
5812,7.01639,46.75928
5813,7.0164,46.79557
5814,7.01643,46.74119
5815,7.01644,46.77748
5816,7.01649,46.75938
5817,7.01653,46.74129
5818,7.01654,46.77758
5819,7.01657,46.7232
5820,7.01659,46.75948
5821,7.01663,46.74139
5822,7.01667,46.7233
5823,7.01669,46.75958
5824,7.01671,46.70521
5825,7.01673,46.74149
5826,7.01677,46.7234
5827,7.01681,46.70531
5828,7.01683,46.74159
5829,7.01685,46.68722
5830,7.01687,46.7235
5831,7.01691,46.70541
5832,7.01695,46.68732
5833,7.01697,46.7236
5834,7.01699,46.66923
5835,7.01701,46.70551
5836,7.01705,46.68742
5837,7.01709,46.66933
5838,7.01711,46.70561
5839,7.01713,46.65124
5840,7.01715,46.68752
5841,7.01719,46.66943
5842,7.01723,46.65134
5843,7.01725,46.68762
5844,7.01727,46.63325
5845,7.01729,46.66953
5846,7.01733,46.65144
5847,7.01737,46.63335
5848,7.01739,46.66963
5849,7.01741,46.61526
5850,7.01743,46.65154
5851,7.01747,46.63345
5852,7.01751,46.61536
5853,7.01753,46.65164
5854,7.01755,46.59727
5855,7.01757,46.63355
5856,7.01761,46.61546
5857,7.01765,46.59737
5858,7.01767,46.63365
5859,7.01769,46.57928
5860,7.01771,46.61556
5861,7.01775,46.59747
5862,7.01779,46.57938
5863,7.01781,46.61566
5864,7.01783,46.56129
5865,7.01785,46.59757
5866,7.01789,46.57948
5867,7.01793,46.56139
5868,7.01795,46.59767
5869,7.01797,46.5433
5870,7.01799,46.57958
5871,7.01803,46.56149
5872,7.01807,46.5434
5873,7.01809,46.57968
5874,7.01813,46.56159
5875,7.01817,46.5435
5876,7.01823,46.56169
5877,7.01825,46.50731
5878,7.01835,46.50741
5879,7.01839,46.48932
5880,7.01845,46.50751
5881,7.01849,46.48942
5882,7.01853,46.47133
5883,7.01855,46.50761
5884,7.01859,46.48952
5885,7.01863,46.47143
5886,7.01865,46.50771
5887,7.01867,46.45334
5888,7.01869,46.48962
5889,7.01873,46.47153
5890,7.01877,46.45344
5891,7.01879,46.48972
5892,7.01881,46.43535
5893,7.01883,46.47163
5894,7.01887,46.45354
5895,7.01891,46.43545
5896,7.01893,46.47173
5897,7.01895,46.41736
5898,7.01897,46.45364
5899,7.01901,46.43555
5900,7.01905,46.41746
5901,7.01907,46.45374
5902,7.01909,46.39937
5903,7.01911,46.43565
5904,7.01915,46.41756
5905,7.01919,46.39947
5906,7.01921,46.43575
5907,7.01923,46.38138
5908,7.01925,46.41766
5909,7.01929,46.39957
5910,7.01933,46.38148
5911,7.01935,46.41776
5912,7.01937,46.36339
5913,7.01939,46.39967
5914,7.01943,46.38158
5915,7.01947,46.36349
5916,7.01949,46.39977
5917,7.01951,46.34539
5918,7.01953,46.38168
5919,7.01957,46.36359
5920,7.01961,46.34549
5921,7.01965,46.3274
5922,7.01967,46.36369
5923,7.01971,46.34559
5924,7.01975,46.3275
5925,7.01977,46.36379
5926,7.01979,46.30941
5927,7.01981,46.34569
5928,7.01985,46.3276
5929,7.01989,46.30951
5930,7.01991,46.34579
5931,7.01993,46.29142
5932,7.01995,46.3277
5933,7.01999,46.30961
5934,7.02003,46.29152
5935,7.02005,46.3278
5936,7.02007,46.27343
5937,7.02009,46.30971
5938,7.02013,46.29162
5939,7.02017,46.27353
5940,7.02019,46.30981
5941,7.0202,46.25544
5942,7.02023,46.29172
5943,7.02027,46.27363
5944,7.0203,46.25554
5945,7.02033,46.29182
5946,7.02034,46.23745
5947,7.02037,46.27373
5948,7.0204,46.25564
5949,7.02044,46.23755
5950,7.02047,46.27383
5951,7.02048,46.21946
5952,7.0205,46.25574
5953,7.02054,46.23765
5954,7.02058,46.21956
5955,7.0206,46.25584
5956,7.02062,46.20147
5957,7.02064,46.23775
5958,7.02068,46.21966
5959,7.02072,46.20157
5960,7.02074,46.23785
5961,7.02076,46.18348
5962,7.02078,46.21976
5963,7.02082,46.20167
5964,7.02086,46.18358
5965,7.02088,46.21986
5966,7.0209,46.16549
5967,7.02092,46.20177
5968,7.02096,46.18368
5969,7.021,46.16559
5970,7.02102,46.20187
5971,7.02103,46.14749
5972,7.02106,46.18378
5973,7.0211,46.16569
5974,7.02113,46.14759
5975,7.02116,46.18388
5976,7.02117,46.1295
5977,7.0212,46.16579
5978,7.02123,46.14769
5979,7.02127,46.1296
5980,7.0213,46.16589
5981,7.02131,46.11151
5982,7.02133,46.14779
5983,7.02137,46.1297
5984,7.02141,46.11161
5985,7.02143,46.14789
5986,7.02145,46.09352
5987,7.02147,46.1298
5988,7.02151,46.11171
5989,7.02155,46.09362
5990,7.02157,46.1299
5991,7.02159,46.07553
5992,7.02161,46.11181
5993,7.02165,46.09372
5994,7.02169,46.07563
5995,7.02171,46.11191
5996,7.02172,46.05754
5997,7.02175,46.09382
5998,7.02179,46.07573
5999,7.02182,46.05764
6000,7.02185,46.09392
6001,7.02186,46.03955
6002,7.02189,46.07583
6003,7.02192,46.05774
6004,7.02199,46.07593
6005,7.022,46.02156
6006,7.02202,46.05784
6007,7.02212,46.05794
6008,7.03695,47.49684
6009,7.03705,47.49694
6010,7.03709,47.47885
6011,7.03715,47.49704
6012,7.03719,47.47895
6013,7.03723,47.46087
6014,7.03725,47.49714
6015,7.03729,47.47905
6016,7.03733,47.46097
6017,7.03735,47.49724
6018,7.03736,47.44288
6019,7.03739,47.47915
6020,7.03743,47.46107
6021,7.03746,47.44298
6022,7.03749,47.47925
6023,7.0375,47.42489
6024,7.03753,47.46117
6025,7.03756,47.44308
6026,7.0376,47.42499
6027,7.03763,47.4069
6028,7.03763,47.46127
6029,7.03766,47.44318
6030,7.0377,47.42509
6031,7.03773,47.407
6032,7.03776,47.44328
6033,7.03777,47.38891
6034,7.0378,47.42519
6035,7.03783,47.4071
6036,7.03787,47.38901
6037,7.0379,47.42529
6038,7.03791,47.37093
6039,7.03793,47.4072
6040,7.03797,47.38911
6041,7.03801,47.37103
6042,7.03803,47.4073
6043,7.03804,47.35294
6044,7.03807,47.38921
6045,7.03811,47.37113
6046,7.03814,47.35304
6047,7.03817,47.38931
6048,7.03818,47.33495
6049,7.03831,47.31696
6050,7.03841,47.31706
6051,7.03845,47.29897
6052,7.03851,47.31716
6053,7.03855,47.29907
6054,7.03858,47.28098
6055,7.03861,47.31726
6056,7.03865,47.29917
6057,7.03868,47.28108
6058,7.03871,47.31736
6059,7.03872,47.26299
6060,7.03875,47.29927
6061,7.03878,47.28118
6062,7.03882,47.26309
6063,7.03885,47.24501
6064,7.03885,47.29937
6065,7.03888,47.28128
6066,7.03892,47.26319
6067,7.03895,47.24511
6068,7.03898,47.28138
6069,7.03899,47.22702
6070,7.03902,47.26329
6071,7.03905,47.24521
6072,7.03909,47.22712
6073,7.03912,47.20903
6074,7.03912,47.26339
6075,7.03915,47.24531
6076,7.03919,47.22722
6077,7.03922,47.20913
6078,7.03925,47.24541
6079,7.03926,47.19104
6080,7.03929,47.22732
6081,7.03932,47.20923
6082,7.03936,47.19114
6083,7.03939,47.17305
6084,7.03939,47.22742
6085,7.03942,47.20933
6086,7.03946,47.19124
6087,7.03949,47.17315
6088,7.03952,47.20943
6089,7.03953,47.15506
6090,7.03956,47.19134
6091,7.03959,47.17325
6092,7.03963,47.15516
6093,7.03966,47.13707
6094,7.03966,47.19144
6095,7.03969,47.17335
6096,7.03973,47.15526
6097,7.03976,47.13717
6098,7.03979,47.17345
6099,7.0398,47.11908
6100,7.03983,47.15536
6101,7.03986,47.13727
6102,7.0399,47.11918
6103,7.03993,47.10109
6104,7.03993,47.15546
6105,7.04,47.11928
6106,7.04003,47.10119
6107,7.04006,47.0831
6108,7.0401,47.11938
6109,7.04013,47.10129
6110,7.04016,47.0832
6111,7.0402,47.06511
6112,7.0402,47.11948
6113,7.04023,47.10139
6114,7.04026,47.0833
6115,7.0403,47.06521
6116,7.04033,47.04712
6117,7.04033,47.10149
6118,7.04036,47.0834
6119,7.0404,47.06531
6120,7.04043,47.04722
6121,7.04046,47.0835
6122,7.04047,47.02913
6123,7.0405,47.06541
6124,7.04053,47.04732
6125,7.04057,47.02923
6126,7.0406,47.01114
6127,7.0406,47.06551
6128,7.04063,47.04742
6129,7.04067,47.02933
6130,7.0407,47.01124
6131,7.04073,46.99315
6132,7.04073,47.04752
6133,7.04077,47.02943
6134,7.0408,47.01134
6135,7.04083,46.99325
6136,7.04087,46.97516
6137,7.04087,47.02953
6138,7.0409,47.01144
6139,7.04093,46.99335
6140,7.04097,46.97526
6141,7.041,46.95717
6142,7.041,47.01154
6143,7.04103,46.99345
6144,7.04107,46.97536
6145,7.0411,46.95727
6146,7.04113,46.93918
6147,7.04117,46.97546
6148,7.0412,46.95737
6149,7.04123,46.93928
6150,7.04127,46.92119
6151,7.04127,46.97556
6152,7.0413,46.95747
6153,7.04133,46.93938
6154,7.04137,46.92129
6155,7.0414,46.9032
6156,7.0414,46.95757
6157,7.04143,46.93948
6158,7.04147,46.92139
6159,7.0415,46.9033
6160,7.04153,46.88521
6161,7.04153,46.93958
6162,7.04157,46.92149
6163,7.0416,46.9034
6164,7.04163,46.88531
6165,7.04167,46.86722
6166,7.04167,46.92159
6167,7.0417,46.9035
6168,7.04173,46.88541
6169,7.04177,46.86732
6170,7.0418,46.84923
6171,7.0418,46.9036
6172,7.04183,46.88551
6173,7.04187,46.86742
6174,7.0419,46.84933
6175,7.04193,46.83124
6176,7.04193,46.88561
6177,7.04197,46.86752
6178,7.042,46.84943
6179,7.04203,46.83134
6180,7.04207,46.81325
6181,7.04207,46.86762
6182,7.0421,46.84953
6183,7.04213,46.83144
6184,7.04217,46.81335
6185,7.0422,46.79526
6186,7.0422,46.84963
6187,7.04223,46.83154
6188,7.04227,46.81345
6189,7.0423,46.79536
6190,7.04233,46.77727
6191,7.04233,46.83164
6192,7.04237,46.81355
6193,7.0424,46.79546
6194,7.04243,46.77737
6195,7.04246,46.75928
6196,7.04247,46.81365
6197,7.0425,46.79556
6198,7.04253,46.77747
6199,7.04256,46.75938
6200,7.0426,46.74129
6201,7.0426,46.79566
6202,7.04263,46.77757
6203,7.04266,46.75948
6204,7.0427,46.74139
6205,7.04273,46.7233
6206,7.04273,46.77767
6207,7.04276,46.75958
6208,7.0428,46.74149
6209,7.04283,46.7234
6210,7.04286,46.70531
6211,7.04286,46.75968
6212,7.0429,46.74159
6213,7.04293,46.7235
6214,7.04296,46.70541
6215,7.04299,46.68732
6216,7.043,46.74169
6217,7.04303,46.7236
6218,7.04306,46.70551
6219,7.04309,46.68742
6220,7.04313,46.66933
6221,7.04313,46.7237
6222,7.04316,46.70561
6223,7.04319,46.68752
6224,7.04323,46.66943
6225,7.04326,46.65133
6226,7.04326,46.70571
6227,7.04329,46.68762
6228,7.04333,46.66953
6229,7.04336,46.65143
6230,7.04339,46.63334
6231,7.04339,46.68772
6232,7.04343,46.66963
6233,7.04346,46.65153
6234,7.04349,46.63344
6235,7.04352,46.61535
6236,7.04353,46.66973
6237,7.04356,46.65163
6238,7.04359,46.63354
6239,7.04362,46.61545
6240,7.04365,46.59736
6241,7.04366,46.65173
6242,7.04369,46.63364
6243,7.04372,46.61555
6244,7.04375,46.59746
6245,7.04378,46.57937
6246,7.04379,46.63374
6247,7.04382,46.61565
6248,7.04385,46.59756
6249,7.04388,46.57947
6250,7.04392,46.56138
6251,7.04392,46.61575
6252,7.04395,46.59766
6253,7.04398,46.57957
6254,7.04402,46.56148
6255,7.04405,46.54339
6256,7.04405,46.59776
6257,7.04408,46.57967
6258,7.04412,46.56158
6259,7.04415,46.54349
6260,7.04418,46.5254
6261,7.04418,46.57977
6262,7.04422,46.56168
6263,7.04425,46.54359
6264,7.04428,46.5255
6265,7.04431,46.50741
6266,7.04432,46.56178
6267,7.04435,46.54369
6268,7.04438,46.5256
6269,7.04441,46.50751
6270,7.04444,46.48942
6271,7.04445,46.54379
6272,7.04448,46.5257
6273,7.04451,46.50761
6274,7.04454,46.48952
6275,7.04457,46.47143
6276,7.04458,46.5258
6277,7.04461,46.50771
6278,7.04464,46.48962
6279,7.04467,46.47153
6280,7.0447,46.45343
6281,7.04471,46.50781
6282,7.04474,46.48972
6283,7.04477,46.47163
6284,7.0448,46.45353
6285,7.04484,46.43544
6286,7.04484,46.48982
6287,7.04487,46.47173
6288,7.0449,46.45363
6289,7.04494,46.43554
6290,7.04497,46.41745
6291,7.04497,46.47183
6292,7.045,46.45373
6293,7.04504,46.43564
6294,7.04507,46.41755
6295,7.0451,46.39946
6296,7.0451,46.45383
6297,7.04514,46.43574
6298,7.04517,46.41765
6299,7.0452,46.39956
6300,7.04523,46.38147
6301,7.04524,46.43584
6302,7.0453,46.39966
6303,7.04533,46.38157
6304,7.04536,46.36348
6305,7.0454,46.39976
6306,7.04543,46.38167
6307,7.04546,46.36358
6308,7.04549,46.34549
6309,7.0455,46.39986
6310,7.04553,46.38177
6311,7.04556,46.36368
6312,7.04559,46.34559
6313,7.04562,46.3275
6314,7.04563,46.38187
6315,7.04566,46.36378
6316,7.04569,46.34569
6317,7.04572,46.3276
6318,7.04575,46.30951
6319,7.04576,46.36388
6320,7.04579,46.34579
6321,7.04582,46.3277
6322,7.04585,46.30961
6323,7.04588,46.29152
6324,7.04589,46.34589
6325,7.04592,46.3278
6326,7.04595,46.30971
6327,7.04598,46.29162
6328,7.04601,46.27352
6329,7.04602,46.3279
6330,7.04605,46.30981
6331,7.04608,46.29172
6332,7.04611,46.27362
6333,7.04614,46.25553
6334,7.04615,46.30991
6335,7.04618,46.29182
6336,7.04621,46.27372
6337,7.04624,46.25563
6338,7.04627,46.23754
6339,7.04628,46.29192
6340,7.04631,46.27382
6341,7.04634,46.25573
6342,7.04637,46.23764
6343,7.0464,46.21955
6344,7.04641,46.27392
6345,7.04644,46.25583
6346,7.04647,46.23774
6347,7.0465,46.21965
6348,7.04653,46.20156
6349,7.04654,46.25593
6350,7.04657,46.23784
6351,7.0466,46.21975
6352,7.04663,46.20166
6353,7.04666,46.18357
6354,7.04667,46.23794
6355,7.0467,46.21985
6356,7.04673,46.20176
6357,7.04676,46.18367
6358,7.04679,46.16558
6359,7.0468,46.21995
6360,7.04683,46.20186
6361,7.04686,46.18377
6362,7.04689,46.16568
6363,7.04692,46.14759
6364,7.04693,46.20196
6365,7.04696,46.18387
6366,7.04699,46.16578
6367,7.04702,46.14769
6368,7.04705,46.1296
6369,7.04706,46.18397
6370,7.04709,46.16588
6371,7.04712,46.14779
6372,7.04715,46.1297
6373,7.04718,46.11161
6374,7.04719,46.16598
6375,7.04722,46.14789
6376,7.04725,46.1298
6377,7.04728,46.11171
6378,7.04731,46.09362
6379,7.04732,46.14799
6380,7.04735,46.1299
6381,7.04738,46.11181
6382,7.04741,46.09372
6383,7.04744,46.07562
6384,7.04745,46.13
6385,7.04748,46.11191
6386,7.04751,46.09382
6387,7.04754,46.07572
6388,7.04758,46.11201
6389,7.04761,46.09392
6390,7.04764,46.07582
6391,7.04771,46.09402
6392,7.04774,46.07592
6393,7.04784,46.07602
6394,7.04795,46.00366
6395,7.0635,47.49693
6396,7.0636,47.49703
6397,7.06362,47.47894
6398,7.0637,47.49713
6399,7.06372,47.47904
6400,7.06375,47.46096
6401,7.0638,47.49723
6402,7.06382,47.47914
6403,7.06385,47.46106
6404,7.06388,47.44297
6405,7.0639,47.49733
6406,7.06392,47.47924
6407,7.06395,47.46116
6408,7.06398,47.44307
6409,7.064,47.42498
6410,7.06402,47.47934
6411,7.06405,47.46126
6412,7.06408,47.44317
6413,7.0641,47.42508
6414,7.06413,47.40699
6415,7.06415,47.46136
6416,7.06418,47.44327
6417,7.0642,47.42518
6418,7.06423,47.40709
6419,7.06426,47.389
6420,7.06428,47.44337
6421,7.0643,47.42528
6422,7.06433,47.40719
6423,7.06436,47.3891
6424,7.06439,47.37102
6425,7.0644,47.42538
6426,7.06443,47.40729
6427,7.06446,47.3892
6428,7.06449,47.37112
6429,7.06451,47.35303
6430,7.06453,47.40739
6431,7.06456,47.3893
6432,7.06459,47.37122
6433,7.06461,47.35313
6434,7.06464,47.33504
6435,7.06466,47.3894
6436,7.06469,47.37132
6437,7.06471,47.35323
6438,7.06474,47.33514
6439,7.06476,47.31705
6440,7.06479,47.37142
6441,7.06481,47.35333
6442,7.06484,47.33524
6443,7.06486,47.31715
6444,7.06489,47.29906
6445,7.06491,47.35343
6446,7.06494,47.33534
6447,7.06496,47.31725
6448,7.06499,47.29916
6449,7.06502,47.28107
6450,7.06504,47.33544
6451,7.06506,47.31735
6452,7.06509,47.29926
6453,7.06512,47.28117
6454,7.06514,47.26308
6455,7.06516,47.31745
6456,7.06519,47.29936
6457,7.06522,47.28127
6458,7.06524,47.26318
6459,7.06527,47.24509
6460,7.06529,47.29946
6461,7.06532,47.28137
6462,7.06534,47.26328
6463,7.06537,47.24519
6464,7.0654,47.22711
6465,7.06542,47.28147
6466,7.06544,47.26338
6467,7.06547,47.24529
6468,7.0655,47.22721
6469,7.06552,47.20912
6470,7.06554,47.26348
6471,7.06557,47.24539
6472,7.0656,47.22731
6473,7.06562,47.20922
6474,7.06565,47.19113
6475,7.06567,47.24549
6476,7.0657,47.22741
6477,7.06572,47.20932
6478,7.06575,47.19123
6479,7.06577,47.17314
6480,7.0658,47.22751
6481,7.06582,47.20942
6482,7.06585,47.19133
6483,7.06587,47.17324
6484,7.0659,47.15515
6485,7.06592,47.20952
6486,7.06595,47.19143
6487,7.06597,47.17334
6488,7.066,47.15525
6489,7.06602,47.13716
6490,7.06605,47.19153
6491,7.06607,47.17344
6492,7.0661,47.15535
6493,7.06612,47.13726
6494,7.06615,47.11917
6495,7.06617,47.17354
6496,7.0662,47.15545
6497,7.06622,47.13736
6498,7.06625,47.11927
6499,7.06628,47.10118
6500,7.0663,47.15555
6501,7.06632,47.13746
6502,7.06635,47.11937
6503,7.06638,47.10128
6504,7.0664,47.08319
6505,7.06642,47.13756
6506,7.06645,47.11947
6507,7.06648,47.10138
6508,7.0665,47.08329
6509,7.06653,47.0652
6510,7.06655,47.11957
6511,7.06658,47.10148
6512,7.0666,47.08339
6513,7.06663,47.0653
6514,7.06665,47.04721
6515,7.06668,47.10158
6516,7.0667,47.08349
6517,7.06673,47.0654
6518,7.06675,47.04731
6519,7.06678,47.02922
6520,7.0668,47.08359
6521,7.06683,47.0655
6522,7.06685,47.04741
6523,7.06688,47.02932
6524,7.0669,47.01123
6525,7.06693,47.0656
6526,7.06695,47.04751
6527,7.06698,47.02942
6528,7.067,47.01133
6529,7.06703,46.99324
6530,7.06705,47.04761
6531,7.06708,47.02952
6532,7.0671,47.01143
6533,7.06713,46.99334
6534,7.06715,46.97525
6535,7.06718,47.02962
6536,7.0672,47.01153
6537,7.06723,46.99344
6538,7.06725,46.97535
6539,7.06728,46.95726
6540,7.0673,47.01163
6541,7.06733,46.99354
6542,7.06735,46.97545
6543,7.06738,46.95736
6544,7.0674,46.93927
6545,7.06745,46.97555
6546,7.06748,46.95746
6547,7.0675,46.93937
6548,7.06755,46.97565
6549,7.06758,46.95756
6550,7.0676,46.93947
6551,7.06765,46.90329
6552,7.06768,46.95766
6553,7.0677,46.93957
6554,7.06775,46.90339
6555,7.06777,46.8853
6556,7.0678,46.93967
6557,7.06785,46.90349
6558,7.06787,46.8854
6559,7.0679,46.86731
6560,7.06795,46.90359
6561,7.06797,46.8855
6562,7.068,46.86741
6563,7.06802,46.84932
6564,7.06805,46.90369
6565,7.06807,46.8856
6566,7.0681,46.86751
6567,7.06812,46.84942
6568,7.06815,46.83133
6569,7.06817,46.8857
6570,7.0682,46.86761
6571,7.06822,46.84952
6572,7.06825,46.83143
6573,7.06827,46.81334
6574,7.0683,46.86771
6575,7.06832,46.84962
6576,7.06835,46.83153
6577,7.06837,46.81344
6578,7.06839,46.79535
6579,7.06842,46.84972
6580,7.06845,46.83163
6581,7.06847,46.81354
6582,7.06849,46.79545
6583,7.06852,46.77736
6584,7.06855,46.83173
6585,7.06857,46.81364
6586,7.06859,46.79555
6587,7.06862,46.77746
6588,7.06864,46.75937
6589,7.06867,46.81374
6590,7.06869,46.79565
6591,7.06872,46.77756
6592,7.06874,46.75947
6593,7.06877,46.74138
6594,7.06879,46.79575
6595,7.06882,46.77766
6596,7.06884,46.75957
6597,7.06887,46.74148
6598,7.06889,46.72339
6599,7.06892,46.77776
6600,7.06894,46.75967
6601,7.06897,46.74158
6602,7.06899,46.72349
6603,7.06901,46.70539
6604,7.06904,46.75977
6605,7.06907,46.74168
6606,7.06909,46.72359
6607,7.06911,46.70549
6608,7.06914,46.6874
6609,7.06917,46.74178
6610,7.06919,46.72369
6611,7.06921,46.70559
6612,7.06924,46.6875
6613,7.06926,46.66941
6614,7.06929,46.72379
6615,7.06931,46.70569
6616,7.06934,46.6876
6617,7.06936,46.66951
6618,7.06938,46.65142
6619,7.06941,46.70579
6620,7.06944,46.6877
6621,7.06946,46.66961
6622,7.06948,46.65152
6623,7.06951,46.63343
6624,7.06954,46.6878
6625,7.06956,46.66971
6626,7.06958,46.65162
6627,7.06961,46.63353
6628,7.06963,46.61544
6629,7.06966,46.66981
6630,7.06968,46.65172
6631,7.06971,46.63363
6632,7.06973,46.61554
6633,7.06975,46.59745
6634,7.06978,46.65182
6635,7.06981,46.63373
6636,7.06983,46.61564
6637,7.06985,46.59755
6638,7.06988,46.57946
6639,7.06991,46.63383
6640,7.06993,46.61574
6641,7.06995,46.59765
6642,7.06998,46.57956
6643,7.07,46.56147
6644,7.07003,46.61584
6645,7.07005,46.59775
6646,7.07008,46.57966
6647,7.0701,46.56157
6648,7.07012,46.54348
6649,7.07015,46.59785
6650,7.07018,46.57976
6651,7.0702,46.56167
6652,7.07022,46.54358
6653,7.07024,46.52549
6654,7.07028,46.57986
6655,7.0703,46.56177
6656,7.07032,46.54368
6657,7.07034,46.52559
6658,7.07037,46.5075
6659,7.0704,46.56187
6660,7.07042,46.54378
6661,7.07044,46.52569
6662,7.07047,46.5076
6663,7.07049,46.4895
6664,7.07052,46.54388
6665,7.07054,46.52579
6666,7.07057,46.5077
6667,7.07059,46.4896
6668,7.07061,46.47151
6669,7.07064,46.52589
6670,7.07067,46.5078
6671,7.07069,46.4897
6672,7.07071,46.47161
6673,7.07073,46.45352
6674,7.07077,46.5079
6675,7.07079,46.4898
6676,7.07081,46.47171
6677,7.07083,46.45362
6678,7.07086,46.43553
6679,7.07089,46.4899
6680,7.07091,46.47181
6681,7.07093,46.45372
6682,7.07096,46.43563
6683,7.07098,46.41754
6684,7.07101,46.47191
6685,7.07103,46.45382
6686,7.07106,46.43573
6687,7.07108,46.41764
6688,7.0711,46.39955
6689,7.07113,46.45392
6690,7.07116,46.43583
6691,7.07118,46.41774
6692,7.0712,46.39965
6693,7.07122,46.38156
6694,7.07126,46.43593
6695,7.07128,46.41784
6696,7.0713,46.39975
6697,7.07132,46.38166
6698,7.07135,46.36357
6699,7.07138,46.41794
6700,7.0714,46.39985
6701,7.07142,46.38176
6702,7.07145,46.36367
6703,7.07147,46.34558
6704,7.0715,46.39995
6705,7.07152,46.38186
6706,7.07155,46.36377
6707,7.07157,46.34568
6708,7.07159,46.32758
6709,7.07162,46.38196
6710,7.07165,46.36387
6711,7.07167,46.34578
6712,7.07169,46.32768
6713,7.07171,46.30959
6714,7.07175,46.36397
6715,7.07177,46.34588
6716,7.07179,46.32778
6717,7.07181,46.30969
6718,7.07183,46.2916
6719,7.07187,46.34598
6720,7.07189,46.32788
6721,7.07191,46.30979
6722,7.07193,46.2917
6723,7.07195,46.27361
6724,7.07199,46.32798
6725,7.07201,46.30989
6726,7.07203,46.2918
6727,7.07205,46.27371
6728,7.07208,46.25562
6729,7.07211,46.30999
6730,7.07213,46.2919
6731,7.07215,46.27381
6732,7.07218,46.25572
6733,7.0722,46.23763
6734,7.07223,46.292
6735,7.07225,46.27391
6736,7.07228,46.25582
6737,7.0723,46.23773
6738,7.07232,46.21964
6739,7.07235,46.27401
6740,7.07238,46.25592
6741,7.0724,46.23783
6742,7.07248,46.25602
6743,7.0725,46.23793
6744,7.07256,46.18366
6745,7.0726,46.23803
6746,7.07268,46.16567
6747,7.07278,46.16577
6748,7.0728,46.14767
6749,7.07288,46.16587
6750,7.0729,46.14777
6751,7.07293,46.12968
6752,7.07298,46.16597
6753,7.073,46.14787
6754,7.07303,46.12978
6755,7.07305,46.11169
6756,7.07308,46.16607
6757,7.0731,46.14797
6758,7.07313,46.12988
6759,7.07315,46.11179
6760,7.07317,46.0937
6761,7.0732,46.14807
6762,7.07323,46.12998
6763,7.07325,46.11189
6764,7.07327,46.0938
6765,7.07329,46.07571
6766,7.07333,46.13008
6767,7.07335,46.11199
6768,7.07337,46.0939
6769,7.07339,46.07581
6770,7.07341,46.05772
6771,7.07345,46.11209
6772,7.07347,46.094
6773,7.07349,46.07591
6774,7.07351,46.05782
6775,7.07353,46.03973
6776,7.07357,46.0941
6777,7.07359,46.07601
6778,7.07361,46.05792
6779,7.07369,46.07611
6780,7.07371,46.05802
6781,7.07377,46.00375
6782,7.07381,46.05812
6783,7.07401,45.96777
6784,7.07413,45.94978
6785,7.07425,45.93179
6786,7.09004,47.49701
6787,7.09014,47.49711
6788,7.09016,47.47903
6789,7.09024,47.49721
6790,7.09026,47.47913
6791,7.09027,47.46104
6792,7.09034,47.49731
6793,7.09036,47.47923
6794,7.09037,47.46114
6795,7.09039,47.44305
6796,7.09046,47.47933
6797,7.09047,47.46124
6798,7.09049,47.44315
6799,7.09051,47.42506
6800,7.09056,47.47943
6801,7.09057,47.46134
6802,7.09059,47.44325
6803,7.09061,47.42516
6804,7.09063,47.40707
6805,7.09067,47.46144
6806,7.09069,47.44335
6807,7.09071,47.42526
6808,7.09073,47.40717
6809,7.09075,47.38909
6810,7.09079,47.44345
6811,7.09081,47.42536
6812,7.09083,47.40727
6813,7.09085,47.38919
6814,7.09086,47.3711
6815,7.09091,47.42546
6816,7.09093,47.40737
6817,7.09095,47.38929
6818,7.09096,47.3712
6819,7.09098,47.35311
6820,7.09103,47.40747
6821,7.09105,47.38939
6822,7.09106,47.3713
6823,7.09108,47.35321
6824,7.0911,47.33512
6825,7.09115,47.38949
6826,7.09116,47.3714
6827,7.09118,47.35331
6828,7.0912,47.33522
6829,7.09122,47.31713
6830,7.09126,47.3715
6831,7.09128,47.35341
6832,7.0913,47.33532
6833,7.09132,47.31723
6834,7.09133,47.29914
6835,7.09138,47.35351
6836,7.0914,47.33542
6837,7.09142,47.31733
6838,7.09143,47.29924
6839,7.09145,47.28116
6840,7.0915,47.33552
6841,7.09152,47.31743
6842,7.09153,47.29934
6843,7.09155,47.28126
6844,7.09157,47.26317
6845,7.09162,47.31753
6846,7.09163,47.29944
6847,7.09165,47.28136
6848,7.09167,47.26327
6849,7.09169,47.24518
6850,7.09173,47.29954
6851,7.09175,47.28146
6852,7.09177,47.26337
6853,7.09179,47.24528
6854,7.0918,47.22719
6855,7.09185,47.28156
6856,7.09187,47.26347
6857,7.09189,47.24538
6858,7.0919,47.22729
6859,7.09192,47.2092
6860,7.09197,47.26357
6861,7.09199,47.24548
6862,7.092,47.22739
6863,7.09202,47.2093
6864,7.09204,47.19121
6865,7.09209,47.24558
6866,7.0921,47.22749
6867,7.09212,47.2094
6868,7.09214,47.19131
6869,7.09215,47.17322
6870,7.0922,47.22759
6871,7.09222,47.2095
6872,7.09224,47.19141
6873,7.09225,47.17332
6874,7.09227,47.15523
6875,7.09232,47.2096
6876,7.09234,47.19151
6877,7.09235,47.17342
6878,7.09237,47.15533
6879,7.09239,47.13724
6880,7.09244,47.19161
6881,7.09245,47.17352
6882,7.09247,47.15543
6883,7.09249,47.13734
6884,7.0925,47.11925
6885,7.09255,47.17362
6886,7.09257,47.15553
6887,7.09259,47.13744
6888,7.0926,47.11935
6889,7.09262,47.10126
6890,7.09267,47.15563
6891,7.09269,47.13754
6892,7.0927,47.11945
6893,7.09272,47.10136
6894,7.09274,47.08327
6895,7.09279,47.13764
6896,7.0928,47.11955
6897,7.09282,47.10146
6898,7.09284,47.08337
6899,7.09285,47.06528
6900,7.0929,47.11965
6901,7.09292,47.10156
6902,7.09294,47.08347
6903,7.09295,47.06538
6904,7.09297,47.04729
6905,7.09302,47.10166
6906,7.09304,47.08357
6907,7.09305,47.06548
6908,7.09307,47.04739
6909,7.09309,47.0293
6910,7.09314,47.08367
6911,7.09315,47.06558
6912,7.09317,47.04749
6913,7.09319,47.0294
6914,7.0932,47.01131
6915,7.09325,47.06568
6916,7.09327,47.04759
6917,7.09329,47.0295
6918,7.0933,47.01141
6919,7.09332,46.99332
6920,7.09337,47.04769
6921,7.09339,47.0296
6922,7.0934,47.01151
6923,7.09342,46.99342
6924,7.09343,46.97533
6925,7.09349,47.0297
6926,7.0935,47.01161
6927,7.09352,46.99352
6928,7.09353,46.97543
6929,7.09355,46.95734
6930,7.0936,47.01171
6931,7.09362,46.99362
6932,7.09363,46.97553
6933,7.09365,46.95744
6934,7.09367,46.93935
6935,7.09372,46.99372
6936,7.09373,46.97563
6937,7.09375,46.95754
6938,7.09377,46.93945
6939,7.09378,46.92136
6940,7.09383,46.97573
6941,7.09385,46.95764
6942,7.09387,46.93955
6943,7.09388,46.92146
6944,7.0939,46.90337
6945,7.09395,46.95774
6946,7.09397,46.93965
6947,7.09398,46.92156
6948,7.094,46.90347
6949,7.09401,46.88538
6950,7.09407,46.93975
6951,7.09408,46.92166
6952,7.0941,46.90357
6953,7.09411,46.88548
6954,7.09413,46.86739
6955,7.09418,46.92176
6956,7.0942,46.90367
6957,7.09421,46.88558
6958,7.09423,46.86749
6959,7.09424,46.8494
6960,7.0943,46.90377
6961,7.09431,46.88568
6962,7.09433,46.86759
6963,7.09434,46.8495
6964,7.09436,46.83141
6965,7.09441,46.88578
6966,7.09443,46.86769
6967,7.09444,46.8496
6968,7.09446,46.83151
6969,7.09448,46.81342
6970,7.09453,46.86779
6971,7.09454,46.8497
6972,7.09456,46.83161
6973,7.09458,46.81352
6974,7.09459,46.79543
6975,7.09464,46.8498
6976,7.09466,46.83171
6977,7.09468,46.81362
6978,7.09469,46.79553
6979,7.09471,46.77744
6980,7.09476,46.83181
6981,7.09478,46.81372
6982,7.09479,46.79563
6983,7.09481,46.77754
6984,7.09482,46.75945
6985,7.09488,46.81382
6986,7.09489,46.79573
6987,7.09491,46.77764
6988,7.09492,46.75955
6989,7.09494,46.74146
6990,7.09499,46.79583
6991,7.09501,46.77774
6992,7.09502,46.75965
6993,7.09504,46.74156
6994,7.09505,46.72347
6995,7.09511,46.77784
6996,7.09512,46.75975
6997,7.09514,46.74166
6998,7.09515,46.72357
6999,7.09517,46.70548
7000,7.09522,46.75985
7001,7.09524,46.74176
7002,7.09525,46.72367
7003,7.09527,46.70558
7004,7.09528,46.68749
7005,7.09534,46.74186
7006,7.09535,46.72377
7007,7.09537,46.70568
7008,7.09538,46.68759
7009,7.0954,46.6695
7010,7.09545,46.72387
7011,7.09547,46.70578
7012,7.09548,46.68769
7013,7.0955,46.6696
7014,7.09551,46.6515
7015,7.09557,46.70588
7016,7.09558,46.68779
7017,7.0956,46.6697
7018,7.09561,46.6516
7019,7.09562,46.63351
7020,7.09568,46.68789
7021,7.0957,46.6698
7022,7.09571,46.6517
7023,7.09572,46.63361
7024,7.09574,46.61552
7025,7.0958,46.6699
7026,7.09581,46.6518
7027,7.09582,46.63371
7028,7.09584,46.61562
7029,7.09585,46.59753
7030,7.09591,46.6519
7031,7.09592,46.63381
7032,7.09594,46.61572
7033,7.09595,46.59763
7034,7.09597,46.57954
7035,7.09602,46.63391
7036,7.09604,46.61582
7037,7.09605,46.59773
7038,7.09607,46.57964
7039,7.09608,46.56155
7040,7.09614,46.61592
7041,7.09615,46.59783
7042,7.09617,46.57974
7043,7.09618,46.56165
7044,7.0962,46.54356
7045,7.09625,46.59793
7046,7.09627,46.57984
7047,7.09628,46.56175
7048,7.0963,46.54366
7049,7.09631,46.52557
7050,7.09637,46.57994
7051,7.09638,46.56185
7052,7.0964,46.54376
7053,7.09641,46.52567
7054,7.09642,46.50758
7055,7.09648,46.56195
7056,7.0965,46.54386
7057,7.09651,46.52577
7058,7.09652,46.50768
7059,7.09654,46.48959
7060,7.0966,46.54396
7061,7.09661,46.52587
7062,7.09662,46.50778
7063,7.09665,46.47159
7064,7.09671,46.52597
7065,7.09672,46.50788
7066,7.09675,46.47169
7067,7.09677,46.4536
7068,7.09682,46.50798
7069,7.09685,46.47179
7070,7.09687,46.4537
7071,7.09688,46.43561
7072,7.09695,46.47189
7073,7.09697,46.4538
7074,7.09698,46.43571
7075,7.09699,46.41762
7076,7.09705,46.47199
7077,7.09707,46.4539
7078,7.09708,46.43581
7079,7.09709,46.41772
7080,7.09711,46.39963
7081,7.09717,46.454
7082,7.09718,46.43591
7083,7.09719,46.41782
7084,7.09721,46.39973
7085,7.09722,46.38164
7086,7.09728,46.43601
7087,7.09729,46.41792
7088,7.09731,46.39983
7089,7.09732,46.38174
7090,7.09733,46.36365
7091,7.09739,46.41802
7092,7.09741,46.39993
7093,7.09742,46.38184
7094,7.09743,46.36375
7095,7.09745,46.34566
7096,7.09751,46.40003
7097,7.09752,46.38194
7098,7.09753,46.36385
7099,7.09755,46.34576
7100,7.09756,46.32767
7101,7.09762,46.38204
7102,7.09763,46.36395
7103,7.09765,46.34586
7104,7.09766,46.32777
7105,7.09767,46.30968
7106,7.09773,46.36405
7107,7.09775,46.34596
7108,7.09776,46.32787
7109,7.09777,46.30978
7110,7.09779,46.29168
7111,7.09785,46.34606
7112,7.09786,46.32797
7113,7.09787,46.30988
7114,7.09789,46.29178
7115,7.0979,46.27369
7116,7.09796,46.32807
7117,7.09797,46.30998
7118,7.09799,46.29188
7119,7.098,46.27379
7120,7.09801,46.2557
7121,7.09807,46.31008
7122,7.09809,46.29198
7123,7.0981,46.27389
7124,7.09811,46.2558
7125,7.09819,46.29208
7126,7.0982,46.27399
7127,7.09821,46.2559
7128,7.09824,46.21972
7129,7.0983,46.27409
7130,7.09831,46.256
7131,7.09841,46.2561
7132,7.09846,46.18374
7133,7.09856,46.18384
7134,7.09858,46.16575
7135,7.09866,46.18394
7136,7.09868,46.16585
7137,7.09869,46.14776
7138,7.09878,46.16595
7139,7.09879,46.14786
7140,7.0988,46.12976
7141,7.09888,46.16605
7142,7.09889,46.14796
7143,7.0989,46.12986
7144,7.09891,46.11177
7145,7.09898,46.16615
7146,7.09899,46.14806
7147,7.099,46.12996
7148,7.09901,46.11187
7149,7.09903,46.09378
7150,7.09909,46.14816
7151,7.0991,46.13006
7152,7.09911,46.11197
7153,7.09913,46.09388
7154,7.09914,46.07579
7155,7.0992,46.13016
7156,7.09921,46.11207
7157,7.09923,46.09398
7158,7.09924,46.07589
7159,7.09925,46.0578
7160,7.09931,46.11217
7161,7.09933,46.09408
7162,7.09934,46.07599
7163,7.09936,46.03981
7164,7.09943,46.09418
7165,7.09944,46.07609
7166,7.09946,46.03991
7167,7.09947,46.02182
7168,7.09954,46.07619
7169,7.09956,46.04001
7170,7.09957,46.02192
7171,7.09966,46.04011
7172,7.09967,46.02202
7173,7.0997,45.98584
7174,7.09976,46.04021
7175,7.09977,46.02212
7176,7.0998,45.98594
7177,7.09981,45.96785
7178,7.09987,46.02222
7179,7.0999,45.98604
7180,7.09991,45.96795
7181,7.09992,45.94986
7182,7.1,45.98614
7183,7.10001,45.96805
7184,7.10002,45.94996
7185,7.10003,45.93187
7186,7.1001,45.98624
7187,7.10011,45.96815
7188,7.10012,45.95006
7189,7.10013,45.93197
7190,7.10014,45.91388
7191,7.10021,45.96825
7192,7.10022,45.95016
7193,7.10023,45.93207
7194,7.10024,45.91398
7195,7.10026,45.89589
7196,7.10032,45.95026
7197,7.10033,45.93217
7198,7.10034,45.91408
7199,7.10043,45.93227
7200,7.10044,45.91418
7201,7.10054,45.91428
7202,7.11658,47.49709
7203,7.11668,47.49719
7204,7.11669,47.4791
7205,7.11678,47.49729
7206,7.11679,47.4792
7207,7.1168,47.46112
7208,7.11688,47.49739
7209,7.11689,47.4793
7210,7.1169,47.46122
7211,7.11691,47.44313
7212,7.11698,47.49749
7213,7.11699,47.4794
7214,7.117,47.46132
7215,7.11701,47.44323
7216,7.11702,47.42514
7217,7.11709,47.4795
7218,7.1171,47.46142
7219,7.11711,47.44333
7220,7.11712,47.42524
7221,7.11713,47.40715
7222,7.1172,47.46152
7223,7.11721,47.44343
7224,7.11722,47.42534
7225,7.11723,47.38916
7226,7.11723,47.40725
7227,7.11731,47.44353
7228,7.11732,47.42544
7229,7.11733,47.38926
7230,7.11733,47.40735
7231,7.11734,47.37118
7232,7.11742,47.42554
7233,7.11743,47.38936
7234,7.11743,47.40745
7235,7.11744,47.37128
7236,7.11745,47.35319
7237,7.11753,47.38946
7238,7.11753,47.40755
7239,7.11754,47.37138
7240,7.11755,47.35329
7241,7.11756,47.3352
7242,7.11763,47.38956
7243,7.11764,47.37148
7244,7.11765,47.35339
7245,7.11766,47.3353
7246,7.11767,47.31721
7247,7.11774,47.37158
7248,7.11775,47.35349
7249,7.11776,47.3354
7250,7.11777,47.31731
7251,7.11778,47.29922
7252,7.11785,47.35359
7253,7.11786,47.3355
7254,7.11787,47.31741
7255,7.11788,47.29932
7256,7.11789,47.28123
7257,7.11796,47.3356
7258,7.11797,47.31751
7259,7.11798,47.29942
7260,7.11799,47.26324
7261,7.11799,47.28133
7262,7.11807,47.31761
7263,7.11808,47.29952
7264,7.11809,47.26334
7265,7.11809,47.28143
7266,7.1181,47.24525
7267,7.11818,47.29962
7268,7.11819,47.26344
7269,7.11819,47.28153
7270,7.1182,47.24535
7271,7.11821,47.22727
7272,7.11829,47.26354
7273,7.11829,47.28163
7274,7.1183,47.24545
7275,7.11831,47.22737
7276,7.11832,47.20928
7277,7.11839,47.26364
7278,7.1184,47.24555
7279,7.11841,47.22747
7280,7.11842,47.20938
7281,7.11843,47.19129
7282,7.1185,47.24565
7283,7.11851,47.22757
7284,7.11852,47.20948
7285,7.11853,47.19139
7286,7.11854,47.1733
7287,7.11861,47.22767
7288,7.11862,47.20958
7289,7.11863,47.19149
7290,7.11864,47.15531
7291,7.11864,47.1734
7292,7.11872,47.20968
7293,7.11873,47.19159
7294,7.11874,47.15541
7295,7.11874,47.1735
7296,7.11875,47.13732
7297,7.11883,47.19169
7298,7.11884,47.15551
7299,7.11884,47.1736
7300,7.11885,47.13742
7301,7.11886,47.11933
7302,7.11894,47.15561
7303,7.11894,47.1737
7304,7.11895,47.13752
7305,7.11896,47.11943
7306,7.11897,47.10134
7307,7.11904,47.15571
7308,7.11905,47.13762
7309,7.11906,47.11953
7310,7.11907,47.08335
7311,7.11907,47.10144
7312,7.11915,47.13772
7313,7.11916,47.11963
7314,7.11917,47.08345
7315,7.11917,47.10154
7316,7.11918,47.06536
7317,7.11926,47.11973
7318,7.11927,47.08355
7319,7.11927,47.10164
7320,7.11928,47.06546
7321,7.11929,47.04737
7322,7.11937,47.08365
7323,7.11937,47.10174
7324,7.11938,47.06556
7325,7.11939,47.04747
7326,7.1194,47.02938
7327,7.11947,47.08375
7328,7.11948,47.06566
7329,7.11949,47.04757
7330,7.1195,47.01139
7331,7.1195,47.02948
7332,7.11958,47.06576
7333,7.11959,47.04767
7334,7.1196,47.01149
7335,7.1196,47.02958
7336,7.11961,46.9934
7337,7.11969,47.04777
7338,7.1197,47.01159
7339,7.1197,47.02968
7340,7.11971,46.9935
7341,7.11972,46.97541
7342,7.1198,47.01169
7343,7.1198,47.02978
7344,7.11981,46.9936
7345,7.11982,46.97551
7346,7.11983,46.95742
7347,7.1199,47.01179
7348,7.11991,46.9937
7349,7.11992,46.97561
7350,7.11993,46.93943
7351,7.11993,46.95752
7352,7.12001,46.9938
7353,7.12002,46.97571
7354,7.12003,46.93953
7355,7.12003,46.95762
7356,7.12004,46.92144
7357,7.12012,46.97581
7358,7.12013,46.93963
7359,7.12013,46.95772
7360,7.12014,46.92154
7361,7.12015,46.90345
7362,7.12023,46.93973
7363,7.12023,46.95782
7364,7.12024,46.92164
7365,7.12025,46.88546
7366,7.12025,46.90355
7367,7.12033,46.93983
7368,7.12034,46.92174
7369,7.12035,46.88556
7370,7.12035,46.90365
7371,7.12036,46.86747
7372,7.12044,46.92184
7373,7.12045,46.88566
7374,7.12045,46.90375
7375,7.12046,46.86757
7376,7.12047,46.84948
7377,7.12055,46.88576
7378,7.12055,46.90385
7379,7.12056,46.86767
7380,7.12057,46.83149
7381,7.12057,46.84958
7382,7.12065,46.88586
7383,7.12066,46.86777
7384,7.12067,46.83159
7385,7.12067,46.84968
7386,7.12068,46.8135
7387,7.12076,46.86787
7388,7.12077,46.83169
7389,7.12077,46.84978
7390,7.12078,46.8136
7391,7.12079,46.79551
7392,7.12087,46.83179
7393,7.12087,46.84988
7394,7.12088,46.8137
7395,7.12089,46.77752
7396,7.12089,46.79561
7397,7.12097,46.83189
7398,7.12098,46.8138
7399,7.12099,46.77762
7400,7.12099,46.79571
7401,7.121,46.75953
7402,7.12108,46.8139
7403,7.12109,46.77772
7404,7.12109,46.79581
7405,7.1211,46.75963
7406,7.12111,46.74153
7407,7.12119,46.77782
7408,7.12119,46.79591
7409,7.1212,46.75973
7410,7.12121,46.72354
7411,7.12121,46.74163
7412,7.12129,46.77792
7413,7.1213,46.75983
7414,7.12131,46.72364
7415,7.12131,46.74173
7416,7.12132,46.70555
7417,7.1214,46.75993
7418,7.12141,46.72374
7419,7.12141,46.74183
7420,7.12142,46.68756
7421,7.12142,46.70565
7422,7.12151,46.72384
7423,7.12151,46.74193
7424,7.12152,46.68766
7425,7.12152,46.70575
7426,7.12153,46.66957
7427,7.12161,46.72394
7428,7.12162,46.68776
7429,7.12162,46.70585
7430,7.12163,46.66967
7431,7.12164,46.65158
7432,7.12172,46.68786
7433,7.12172,46.70595
7434,7.12173,46.66977
7435,7.12174,46.63359
7436,7.12174,46.65168
7437,7.12182,46.68796
7438,7.12183,46.66987
7439,7.12184,46.63369
7440,7.12184,46.65178
7441,7.12185,46.6156
7442,7.12193,46.66997
7443,7.12194,46.63379
7444,7.12194,46.65188
7445,7.12195,46.59761
7446,7.12195,46.6157
7447,7.12204,46.63389
7448,7.12204,46.65198
7449,7.12205,46.59771
7450,7.12205,46.6158
7451,7.12206,46.57962
7452,7.12214,46.63399
7453,7.12215,46.59781
7454,7.12215,46.6159
7455,7.12216,46.56163
7456,7.12216,46.57972
7457,7.12225,46.59791
7458,7.12225,46.616
7459,7.12226,46.56173
7460,7.12226,46.57982
7461,7.12227,46.54363
7462,7.12235,46.59801
7463,7.12236,46.56183
7464,7.12236,46.57992
7465,7.12237,46.54373
7466,7.12238,46.52564
7467,7.12246,46.56193
7468,7.12246,46.58002
7469,7.12247,46.54383
7470,7.12248,46.50765
7471,7.12248,46.52574
7472,7.12256,46.56203
7473,7.12257,46.54393
7474,7.12258,46.50775
7475,7.12258,46.52584
7476,7.12259,46.48966
7477,7.12267,46.54403
7478,7.12268,46.50785
7479,7.12268,46.52594
7480,7.12269,46.47167
7481,7.12269,46.48976
7482,7.12278,46.50795
7483,7.12278,46.52604
7484,7.12279,46.47177
7485,7.12279,46.48986
7486,7.1228,46.45368
7487,7.12289,46.47187
7488,7.12289,46.48996
7489,7.1229,46.43569
7490,7.1229,46.45378
7491,7.12299,46.47197
7492,7.12299,46.49006
7493,7.123,46.43579
7494,7.123,46.45388
7495,7.12301,46.4177
7496,7.12309,46.47207
7497,7.1231,46.43589
7498,7.1231,46.45398
7499,7.12311,46.39971
7500,7.12311,46.4178
7501,7.1232,46.43599
7502,7.1232,46.45408
7503,7.12321,46.39981
7504,7.12321,46.4179
7505,7.12322,46.38171
7506,7.1233,46.43609
7507,7.12331,46.39991
7508,7.12331,46.418
7509,7.12332,46.36372
7510,7.12332,46.38181
7511,7.12341,46.40001
7512,7.12341,46.4181
7513,7.12342,46.36382
7514,7.12343,46.34573
7515,7.12351,46.40011
7516,7.12352,46.36392
7517,7.12353,46.32774
7518,7.12353,46.34583
7519,7.12362,46.36402
7520,7.12363,46.32784
7521,7.12363,46.34593
7522,7.12364,46.30975
7523,7.12372,46.36412
7524,7.12373,46.32794
7525,7.12373,46.34603
7526,7.12374,46.29176
7527,7.12374,46.30985
7528,7.12383,46.32804
7529,7.12383,46.34613
7530,7.12384,46.27377
7531,7.12384,46.29186
7532,7.12384,46.30995
7533,7.12393,46.32814
7534,7.12394,46.27387
7535,7.12394,46.29196
7536,7.12394,46.31005
7537,7.12395,46.25578
7538,7.12404,46.27397
7539,7.12404,46.29206
7540,7.12404,46.31015
7541,7.12405,46.23779
7542,7.12405,46.25588
7543,7.12414,46.29216
7544,7.12415,46.25598
7545,7.12426,46.2018
7546,7.12436,46.2019
7547,7.12437,46.18381
7548,7.12447,46.16582
7549,7.12457,46.14783
7550,7.12457,46.16592
7551,7.12467,46.14793
7552,7.12467,46.16602
7553,7.12468,46.12984
7554,7.12477,46.14803
7555,7.12478,46.11185
7556,7.12478,46.12994
7557,7.12487,46.14813
7558,7.12488,46.11195
7559,7.12488,46.13004
7560,7.12489,46.09386
7561,7.12497,46.14823
7562,7.12498,46.11205
7563,7.12498,46.13014
7564,7.12499,46.07587
7565,7.12499,46.09396
7566,7.12508,46.11215
7567,7.12508,46.13024
7568,7.12509,46.05788
7569,7.12509,46.07597
7570,7.12509,46.09406
7571,7.12518,46.11225
7572,7.12519,46.07607
7573,7.12519,46.09416
7574,7.1252,46.03989
7575,7.12529,46.09426
7576,7.1253,46.02189
7577,7.1253,46.03999
7578,7.1254,46.0039
7579,7.1254,46.02199
7580,7.1254,46.04009
7581,7.1255,46.004
7582,7.1255,46.02209
7583,7.1255,46.04019
7584,7.12551,45.98591
7585,7.1256,46.0041
7586,7.1256,46.02219
7587,7.1256,46.04029
7588,7.12561,45.96792
7589,7.12561,45.98601
7590,7.1257,46.0042
7591,7.1257,46.02229
7592,7.12571,45.94993
7593,7.12571,45.96802
7594,7.12571,45.98611
7595,7.1258,46.0043
7596,7.12581,45.95003
7597,7.12581,45.96812
7598,7.12581,45.98621
7599,7.12591,45.96822
7600,7.12591,45.98631
7601,7.12592,45.91395
7602,7.12601,45.96832
7603,7.12602,45.89596
7604,7.12602,45.91405
7605,7.12612,45.89606
7606,7.12613,45.87797
7607,7.12622,45.89616
7608,7.12632,45.89626
7609,7.12642,45.89636
7610,7.14312,47.49716
7611,7.14322,47.47917
7612,7.14322,47.49726
7613,7.14332,47.46119
7614,7.14332,47.47927
7615,7.14332,47.49736
7616,7.14342,47.4432
7617,7.14342,47.46129
7618,7.14342,47.47937
7619,7.14342,47.49746
7620,7.14352,47.42521
7621,7.14352,47.4433
7622,7.14352,47.46139
7623,7.14352,47.47947
7624,7.14352,47.49756
7625,7.14362,47.40722
7626,7.14362,47.42531
7627,7.14362,47.4434
7628,7.14362,47.46149
7629,7.14362,47.47957
7630,7.14372,47.38923
7631,7.14372,47.40732
7632,7.14372,47.42541
7633,7.14372,47.4435
7634,7.14372,47.46159
7635,7.14382,47.37125
7636,7.14382,47.38933
7637,7.14382,47.40742
7638,7.14382,47.42551
7639,7.14382,47.4436
7640,7.14392,47.35326
7641,7.14392,47.37135
7642,7.14392,47.38943
7643,7.14392,47.40752
7644,7.14392,47.42561
7645,7.14402,47.33527
7646,7.14402,47.35336
7647,7.14402,47.37145
7648,7.14402,47.38953
7649,7.14402,47.40762
7650,7.14412,47.31728
7651,7.14412,47.33537
7652,7.14412,47.35346
7653,7.14412,47.37155
7654,7.14412,47.38963
7655,7.14422,47.29929
7656,7.14422,47.31738
7657,7.14422,47.33547
7658,7.14422,47.35356
7659,7.14422,47.37165
7660,7.14432,47.2813
7661,7.14432,47.29939
7662,7.14432,47.31748
7663,7.14432,47.33557
7664,7.14432,47.35366
7665,7.14442,47.26331
7666,7.14442,47.2814
7667,7.14442,47.29949
7668,7.14442,47.31758
7669,7.14442,47.33567
7670,7.14452,47.24533
7671,7.14452,47.26341
7672,7.14452,47.2815
7673,7.14452,47.29959
7674,7.14452,47.31768
7675,7.14462,47.22734
7676,7.14462,47.24543
7677,7.14462,47.26351
7678,7.14462,47.2816
7679,7.14462,47.29969
7680,7.14472,47.20935
7681,7.14472,47.22744
7682,7.14472,47.24553
7683,7.14472,47.26361
7684,7.14472,47.2817
7685,7.14482,47.19136
7686,7.14482,47.20945
7687,7.14482,47.22754
7688,7.14482,47.24563
7689,7.14482,47.26371
7690,7.14492,47.17337
7691,7.14492,47.19146
7692,7.14492,47.20955
7693,7.14492,47.22764
7694,7.14492,47.24573
7695,7.14502,47.15538
7696,7.14502,47.17347
7697,7.14502,47.19156
7698,7.14502,47.20965
7699,7.14502,47.22774
7700,7.14511,47.13739
7701,7.14512,47.15548
7702,7.14512,47.17357
7703,7.14512,47.19166
7704,7.14512,47.20975
7705,7.14521,47.1194
7706,7.14521,47.13749
7707,7.14522,47.15558
7708,7.14522,47.17367
7709,7.14522,47.19176
7710,7.14531,47.10141
7711,7.14531,47.1195
7712,7.14531,47.13759
7713,7.14532,47.15568
7714,7.14532,47.17377
7715,7.14541,47.08342
7716,7.14541,47.10151
7717,7.14541,47.1196
7718,7.14541,47.13769
7719,7.14542,47.15578
7720,7.14551,47.06543
7721,7.14551,47.08352
7722,7.14551,47.10161
7723,7.14551,47.1197
7724,7.14551,47.13779
7725,7.14561,47.04744
7726,7.14561,47.06553
7727,7.14561,47.08362
7728,7.14561,47.10171
7729,7.14561,47.1198
7730,7.14571,47.02945
7731,7.14571,47.04754
7732,7.14571,47.06563
7733,7.14571,47.08372
7734,7.14571,47.10181
7735,7.14581,47.01146
7736,7.14581,47.02955
7737,7.14581,47.04764
7738,7.14581,47.06573
7739,7.14581,47.08382
7740,7.1459,46.99347
7741,7.14591,47.01156
7742,7.14591,47.02965
7743,7.14591,47.04774
7744,7.146,46.97548
7745,7.146,46.99357
7746,7.14601,47.01166
7747,7.14601,47.02975
7748,7.14601,47.04784
7749,7.1461,46.95749
7750,7.1461,46.97558
7751,7.1461,46.99367
7752,7.14611,47.01176
7753,7.14611,47.02985
7754,7.1462,46.9395
7755,7.1462,46.95759
7756,7.1462,46.97568
7757,7.1462,46.99377
7758,7.14621,47.01186
7759,7.1463,46.92151
7760,7.1463,46.9396
7761,7.1463,46.95769
7762,7.1463,46.97578
7763,7.1463,46.99387
7764,7.1464,46.90352
7765,7.1464,46.92161
7766,7.1464,46.9397
7767,7.1464,46.95779
7768,7.1464,46.97588
7769,7.14649,46.88553
7770,7.1465,46.90362
7771,7.1465,46.92171
7772,7.1465,46.9398
7773,7.1465,46.95789
7774,7.14659,46.86754
7775,7.14659,46.88563
7776,7.1466,46.90372
7777,7.1466,46.92181
7778,7.1466,46.9399
7779,7.14669,46.84955
7780,7.14669,46.86764
7781,7.14669,46.88573
7782,7.1467,46.90382
7783,7.1467,46.92191
7784,7.14679,46.83156
7785,7.14679,46.84965
7786,7.14679,46.86774
7787,7.14679,46.88583
7788,7.1468,46.90392
7789,7.14689,46.81357
7790,7.14689,46.83166
7791,7.14689,46.84975
7792,7.14689,46.86784
7793,7.14689,46.88593
7794,7.14698,46.79558
7795,7.14699,46.81367
7796,7.14699,46.83176
7797,7.14699,46.84985
7798,7.14699,46.86794
7799,7.14708,46.77759
7800,7.14708,46.79568
7801,7.14709,46.81377
7802,7.14709,46.83186
7803,7.14709,46.84995
7804,7.14718,46.7596
7805,7.14718,46.77769
7806,7.14718,46.79578
7807,7.14719,46.81387
7808,7.14719,46.83196
7809,7.14728,46.7416
7810,7.14728,46.7597
7811,7.14728,46.77779
7812,7.14728,46.79588
7813,7.14729,46.81397
7814,7.14737,46.72361
7815,7.14738,46.7417
7816,7.14738,46.7598
7817,7.14738,46.77789
7818,7.14738,46.79598
7819,7.14747,46.70562
7820,7.14747,46.72371
7821,7.14748,46.7418
7822,7.14748,46.7599
7823,7.14748,46.77799
7824,7.14757,46.68763
7825,7.14757,46.70572
7826,7.14757,46.72381
7827,7.14758,46.7419
7828,7.14758,46.76
7829,7.14767,46.66964
7830,7.14767,46.68773
7831,7.14767,46.70582
7832,7.14767,46.72391
7833,7.14768,46.742
7834,7.14776,46.65165
7835,7.14777,46.66974
7836,7.14777,46.68783
7837,7.14777,46.70592
7838,7.14777,46.72401
7839,7.14786,46.63366
7840,7.14786,46.65175
7841,7.14787,46.66984
7842,7.14787,46.68793
7843,7.14787,46.70602
7844,7.14796,46.61567
7845,7.14796,46.63376
7846,7.14796,46.65185
7847,7.14797,46.66994
7848,7.14797,46.68803
7849,7.14805,46.59768
7850,7.14806,46.61577
7851,7.14806,46.63386
7852,7.14806,46.65195
7853,7.14807,46.67004
7854,7.14815,46.57969
7855,7.14815,46.59778
7856,7.14816,46.61587
7857,7.14816,46.63396
7858,7.14816,46.65205
7859,7.14825,46.5617
7860,7.14825,46.57979
7861,7.14825,46.59788
7862,7.14826,46.61597
7863,7.14826,46.63406
7864,7.14834,46.5437
7865,7.14835,46.5618
7866,7.14835,46.57989
7867,7.14835,46.59798
7868,7.14836,46.61607
7869,7.14844,46.52571
7870,7.14844,46.5438
7871,7.14845,46.5619
7872,7.14845,46.57999
7873,7.14845,46.59808
7874,7.14854,46.50772
7875,7.14854,46.52581
7876,7.14854,46.5439
7877,7.14855,46.562
7878,7.14855,46.58009
7879,7.14863,46.48973
7880,7.14864,46.50782
7881,7.14864,46.544
7882,7.14865,46.5621
7883,7.14873,46.47174
7884,7.14873,46.48983
7885,7.14883,46.45375
7886,7.14883,46.47184
7887,7.14883,46.48993
7888,7.14892,46.43576
7889,7.14893,46.45385
7890,7.14893,46.47194
7891,7.14893,46.49003
7892,7.14902,46.41777
7893,7.14902,46.43586
7894,7.14903,46.45395
7895,7.14903,46.47204
7896,7.14903,46.49013
7897,7.14912,46.39978
7898,7.14912,46.41787
7899,7.14912,46.43596
7900,7.14913,46.45405
7901,7.14913,46.47214
7902,7.14922,46.39988
7903,7.14922,46.41797
7904,7.14922,46.43606
7905,7.14923,46.45415
7906,7.14931,46.36379
7907,7.14932,46.39998
7908,7.14932,46.41807
7909,7.14932,46.43616
7910,7.14941,46.3458
7911,7.14941,46.36389
7912,7.14942,46.40008
7913,7.14942,46.41817
7914,7.1495,46.32781
7915,7.14951,46.3459
7916,7.14951,46.36399
7917,7.14952,46.40018
7918,7.1496,46.30982
7919,7.1496,46.32791
7920,7.14961,46.346
7921,7.14961,46.36409
7922,7.14969,46.29183
7923,7.1497,46.30992
7924,7.1497,46.32801
7925,7.14971,46.3461
7926,7.14971,46.36419
7927,7.14979,46.29193
7928,7.1498,46.32811
7929,7.14981,46.3462
7930,7.14988,46.25585
7931,7.14989,46.29203
7932,7.1499,46.32821
7933,7.14999,46.29213
7934,7.15008,46.21986
7935,7.15009,46.29223
7936,7.15017,46.20187
7937,7.15018,46.21996
7938,7.15027,46.18388
7939,7.15027,46.20197
7940,7.15028,46.22006
7941,7.15036,46.16589
7942,7.15037,46.18398
7943,7.15037,46.20207
7944,7.15038,46.22016
7945,7.15046,46.1479
7946,7.15046,46.16599
7947,7.15047,46.18408
7948,7.15047,46.20217
7949,7.15055,46.12991
7950,7.15056,46.148
7951,7.15056,46.16609
7952,7.15057,46.18418
7953,7.15057,46.20227
7954,7.15065,46.11192
7955,7.15065,46.13001
7956,7.15066,46.1481
7957,7.15066,46.16619
7958,7.15067,46.18428
7959,7.15074,46.09393
7960,7.15075,46.11202
7961,7.15075,46.13011
7962,7.15076,46.1482
7963,7.15076,46.16629
7964,7.15084,46.07594
7965,7.15084,46.09403
7966,7.15085,46.11212
7967,7.15085,46.13021
7968,7.15086,46.1483
7969,7.15093,46.05795
7970,7.15094,46.07604
7971,7.15094,46.09413
7972,7.15095,46.13031
7973,7.15103,46.03995
7974,7.15103,46.05805
7975,7.15104,46.07614
7976,7.15104,46.09423
7977,7.15112,46.02196
7978,7.15113,46.04005
7979,7.15113,46.05815
7980,7.15114,46.07624
7981,7.15114,46.09433
7982,7.15122,46.00397
7983,7.15122,46.02206
7984,7.15123,46.04015
7985,7.15123,46.05825
7986,7.15124,46.07634
7987,7.15131,45.98598
7988,7.15132,46.00407
7989,7.15132,46.02216
7990,7.15133,46.04025
7991,7.15133,46.05835
7992,7.15141,45.98608
7993,7.15142,46.00417
7994,7.15142,46.02226
7995,7.15143,46.04035
7996,7.15151,45.98618
7997,7.15152,46.00427
7998,7.15152,46.02236
7999,7.15161,45.98628
8000,7.15162,46.00437
8001,7.15171,45.98638
8002,7.16976,47.47924
8003,7.16985,47.46125
8004,7.16986,47.47934
8005,7.16994,47.44326
8006,7.16996,47.47944
8007,7.17003,47.42528
8008,7.17004,47.44336
8009,7.17006,47.47954
8010,7.17012,47.40729
8011,7.17013,47.42538
8012,7.17014,47.44346
8013,7.17016,47.47964
8014,7.17021,47.3893
8015,7.17022,47.40739
8016,7.17023,47.42548
8017,7.17024,47.44356
8018,7.1703,47.37131
8019,7.17031,47.3894
8020,7.17032,47.40749
8021,7.17033,47.42558
8022,7.17034,47.44366
8023,7.17039,47.35332
8024,7.1704,47.37141
8025,7.17041,47.3895
8026,7.17042,47.40759
8027,7.17043,47.42568
8028,7.17048,47.33533
8029,7.17049,47.35342
8030,7.1705,47.37151
8031,7.17051,47.3896
8032,7.17052,47.40769
8033,7.17057,47.31735
8034,7.17058,47.33543
8035,7.17059,47.35352
8036,7.1706,47.37161
8037,7.17061,47.3897
8038,7.17067,47.29936
8039,7.17067,47.31745
8040,7.17068,47.33553
8041,7.17069,47.35362
8042,7.1707,47.37171
8043,7.17076,47.28137
8044,7.17077,47.29946
8045,7.17077,47.31755
8046,7.17078,47.33563
8047,7.17079,47.35372
8048,7.17085,47.26338
8049,7.17086,47.28147
8050,7.17087,47.29956
8051,7.17087,47.31765
8052,7.17088,47.33573
8053,7.17094,47.24539
8054,7.17095,47.26348
8055,7.17096,47.28157
8056,7.17097,47.29966
8057,7.17097,47.31775
8058,7.17103,47.2274
8059,7.17104,47.24549
8060,7.17105,47.26358
8061,7.17106,47.28167
8062,7.17107,47.29976
8063,7.17112,47.20941
8064,7.17113,47.2275
8065,7.17114,47.24559
8066,7.17115,47.26368
8067,7.17116,47.28177
8068,7.17121,47.19142
8069,7.17122,47.20951
8070,7.17123,47.2276
8071,7.17124,47.24569
8072,7.17125,47.26378
8073,7.1713,47.17343
8074,7.17131,47.19152
8075,7.17132,47.20961
8076,7.17133,47.2277
8077,7.17134,47.24579
8078,7.17139,47.15544
8079,7.1714,47.17353
8080,7.17141,47.19162
8081,7.17142,47.20971
8082,7.17143,47.2278
8083,7.17148,47.13745
8084,7.17149,47.15554
8085,7.1715,47.17363
8086,7.17151,47.19172
8087,7.17152,47.20981
8088,7.17157,47.11946
8089,7.17158,47.13755
8090,7.17159,47.15564
8091,7.1716,47.17373
8092,7.17161,47.19182
8093,7.17166,47.10147
8094,7.17167,47.11956
8095,7.17168,47.13765
8096,7.17169,47.15574
8097,7.1717,47.17383
8098,7.17176,47.10157
8099,7.17177,47.11966
8100,7.17178,47.13775
8101,7.17179,47.15584
8102,7.17184,47.06549
8103,7.17186,47.10167
8104,7.17187,47.11976
8105,7.17188,47.13785
8106,7.17193,47.04751
8107,7.17194,47.06559
8108,7.17196,47.10177
8109,7.17197,47.11986
8110,7.17202,47.02952
8111,7.17203,47.04761
8112,7.17204,47.06569
8113,7.17206,47.10187
8114,7.17211,47.01153
8115,7.17212,47.02962
8116,7.17213,47.04771
8117,7.17214,47.06579
8118,7.1722,46.99354
8119,7.17221,47.01163
8120,7.17222,47.02972
8121,7.17223,47.04781
8122,7.17224,47.06589
8123,7.17229,46.97554
8124,7.1723,46.99364
8125,7.17231,47.01173
8126,7.17232,47.02982
8127,7.17233,47.04791
8128,7.17238,46.95755
8129,7.17239,46.97564
8130,7.1724,46.99374
8131,7.17241,47.01183
8132,7.17242,47.02992
8133,7.17247,46.93956
8134,7.17248,46.95765
8135,7.17249,46.97574
8136,7.17251,47.01193
8137,7.17256,46.92157
8138,7.17257,46.93966
8139,7.17258,46.95775
8140,7.17259,46.97584
8141,7.17264,46.90358
8142,7.17266,46.92167
8143,7.17267,46.93976
8144,7.17268,46.95785
8145,7.17269,46.97594
8146,7.17273,46.88559
8147,7.17274,46.90368
8148,7.17276,46.92177
8149,7.17277,46.93986
8150,7.17278,46.95795
8151,7.17282,46.8676
8152,7.17283,46.88569
8153,7.17284,46.90378
8154,7.17286,46.92187
8155,7.17287,46.93996
8156,7.17291,46.84961
8157,7.17292,46.8677
8158,7.17293,46.88579
8159,7.17294,46.90388
8160,7.17296,46.92197
8161,7.173,46.83162
8162,7.17301,46.84971
8163,7.17302,46.8678
8164,7.17303,46.88589
8165,7.17304,46.90398
8166,7.17309,46.81363
8167,7.1731,46.83172
8168,7.17311,46.84981
8169,7.17312,46.8679
8170,7.17313,46.88599
8171,7.17318,46.79564
8172,7.17319,46.81373
8173,7.1732,46.83182
8174,7.17321,46.84991
8175,7.17322,46.868
8176,7.17327,46.77765
8177,7.17328,46.79574
8178,7.17329,46.81383
8179,7.1733,46.83192
8180,7.17331,46.85001
8181,7.17336,46.75966
8182,7.17337,46.77775
8183,7.17338,46.79584
8184,7.17339,46.81393
8185,7.1734,46.83202
8186,7.17345,46.74167
8187,7.17346,46.75976
8188,7.17347,46.77785
8189,7.17348,46.79594
8190,7.17349,46.81403
8191,7.17353,46.72368
8192,7.17355,46.74177
8193,7.17356,46.75986
8194,7.17357,46.77795
8195,7.17358,46.79604
8196,7.17362,46.70569
8197,7.17363,46.72378
8198,7.17365,46.74187
8199,7.17366,46.75996
8200,7.17367,46.77805
8201,7.17371,46.6877
8202,7.17372,46.70579
8203,7.17373,46.72388
8204,7.17375,46.74197
8205,7.17376,46.76006
8206,7.1738,46.66971
8207,7.17381,46.6878
8208,7.17382,46.70589
8209,7.17383,46.72398
8210,7.17385,46.74207
8211,7.17389,46.65171
8212,7.1739,46.66981
8213,7.17391,46.6879
8214,7.17392,46.70599
8215,7.17393,46.72408
8216,7.17398,46.63372
8217,7.17399,46.65181
8218,7.174,46.66991
8219,7.17401,46.688
8220,7.17402,46.70609
8221,7.17407,46.61573
8222,7.17408,46.63382
8223,7.17409,46.65191
8224,7.1741,46.67001
8225,7.17411,46.6881
8226,7.17417,46.61583
8227,7.17418,46.63392
8228,7.17419,46.65201
8229,7.1742,46.67011
8230,7.17424,46.57975
8231,7.17427,46.61593
8232,7.17428,46.63402
8233,7.17429,46.65211
8234,7.17437,46.61603
8235,7.17438,46.63412
8236,7.17447,46.61613
8237,7.17451,46.52578
8238,7.17459,46.50779
8239,7.17461,46.52588
8240,7.17468,46.48979
8241,7.17469,46.50789
8242,7.17471,46.52598
8243,7.17477,46.4718
8244,7.17478,46.48989
8245,7.17479,46.50799
8246,7.17481,46.52608
8247,7.17486,46.45381
8248,7.17487,46.4719
8249,7.17488,46.48999
8250,7.17489,46.50809
8251,7.17491,46.52618
8252,7.17495,46.43582
8253,7.17496,46.45391
8254,7.17497,46.472
8255,7.17498,46.49009
8256,7.17499,46.50819
8257,7.17503,46.41783
8258,7.17506,46.45401
8259,7.17507,46.4721
8260,7.17508,46.49019
8261,7.17512,46.39984
8262,7.17513,46.41793
8263,7.17517,46.4722
8264,7.17521,46.38185
8265,7.17522,46.39994
8266,7.17523,46.41803
8267,7.1753,46.36386
8268,7.17531,46.38195
8269,7.17532,46.40004
8270,7.17533,46.41813
8271,7.17538,46.34587
8272,7.1754,46.36396
8273,7.17541,46.38205
8274,7.17542,46.40014
8275,7.17543,46.41823
8276,7.17547,46.32787
8277,7.17548,46.34597
8278,7.1755,46.36406
8279,7.17551,46.38215
8280,7.17552,46.40024
8281,7.17557,46.32797
8282,7.17558,46.34607
8283,7.1756,46.36416
8284,7.17565,46.29189
8285,7.17567,46.32807
8286,7.17568,46.34617
8287,7.1757,46.36426
8288,7.17575,46.29199
8289,7.17578,46.34627
8290,7.176,46.21993
8291,7.17608,46.20194
8292,7.1761,46.22003
8293,7.17617,46.18395
8294,7.17618,46.20204
8295,7.1762,46.22013
8296,7.17626,46.16595
8297,7.17627,46.18405
8298,7.17628,46.20214
8299,7.1763,46.22023
8300,7.17634,46.14796
8301,7.17636,46.16605
8302,7.17637,46.18415
8303,7.17638,46.20224
8304,7.1764,46.22033
8305,7.17643,46.12997
8306,7.17644,46.14806
8307,7.17646,46.16615
8308,7.17647,46.18425
8309,7.17648,46.20234
8310,7.17652,46.11198
8311,7.17653,46.13007
8312,7.17654,46.14816
8313,7.17656,46.16625
8314,7.17657,46.18435
8315,7.1766,46.09399
8316,7.17662,46.11208
8317,7.17663,46.13017
8318,7.17664,46.14826
8319,7.17666,46.16635
8320,7.17669,46.076
8321,7.1767,46.09409
8322,7.17672,46.11218
8323,7.17673,46.13027
8324,7.17674,46.14836
8325,7.17678,46.05801
8326,7.17679,46.0761
8327,7.1768,46.09419
8328,7.17682,46.11228
8329,7.17683,46.13037
8330,7.17686,46.04002
8331,7.17688,46.05811
8332,7.17689,46.0762
8333,7.1769,46.09429
8334,7.17692,46.11238
8335,7.17695,46.02203
8336,7.17696,46.04012
8337,7.17698,46.05821
8338,7.17699,46.0763
8339,7.177,46.09439
8340,7.17704,46.00404
8341,7.17705,46.02213
8342,7.17706,46.04022
8343,7.17708,46.05831
8344,7.17709,46.0764
8345,7.17712,45.98605
8346,7.17714,46.00414
8347,7.17715,46.02223
8348,7.17716,46.04032
8349,7.17722,45.98615
8350,7.17724,46.00424
8351,7.17725,46.02233
8352,7.17726,46.04042
8353,7.1773,45.95006
8354,7.17732,45.98625
8355,7.17734,46.00434
8356,7.17735,46.02243
8357,7.17738,45.93207
8358,7.17742,45.98635
8359,7.17744,46.00444
8360,7.17747,45.91408
8361,7.17752,45.98645
8362,7.17755,45.89609
8363,7.17757,45.91418
8364,7.17764,45.8781
8365,7.17765,45.89619
8366,7.17767,45.91428
8367,7.17773,45.86011
8368,7.17777,45.91438
8369,7.17783,45.86021
8370,7.17793,45.86031
8371,7.19621,47.49729
8372,7.19631,47.49739
8373,7.19654,47.42533
8374,7.19662,47.40735
8375,7.19664,47.42543
8376,7.1967,47.38936
8377,7.19672,47.40745
8378,7.19674,47.42553
8379,7.19678,47.37137
8380,7.1968,47.38946
8381,7.19682,47.40755
8382,7.19684,47.42563
8383,7.19686,47.35338
8384,7.19688,47.37147
8385,7.1969,47.38956
8386,7.19692,47.40765
8387,7.19694,47.42573
8388,7.19695,47.33539
8389,7.19696,47.35348
8390,7.19698,47.37157
8391,7.197,47.38966
8392,7.19702,47.40775
8393,7.19703,47.3174
8394,7.19705,47.33549
8395,7.19706,47.35358
8396,7.19708,47.37167
8397,7.1971,47.38976
8398,7.19711,47.29942
8399,7.19713,47.3175
8400,7.19715,47.33559
8401,7.19716,47.35368
8402,7.19718,47.37177
8403,7.19719,47.28143
8404,7.19721,47.29952
8405,7.19723,47.3176
8406,7.19725,47.33569
8407,7.19726,47.35378
8408,7.19727,47.26344
8409,7.19729,47.28153
8410,7.19731,47.29962
8411,7.19733,47.3177
8412,7.19735,47.24545
8413,7.19735,47.33579
8414,7.19737,47.26354
8415,7.19739,47.28163
8416,7.19741,47.29972
8417,7.19743,47.3178
8418,7.19744,47.22746
8419,7.19745,47.24555
8420,7.19747,47.26364
8421,7.19749,47.28173
8422,7.19751,47.29982
8423,7.19752,47.20947
8424,7.19754,47.22756
8425,7.19755,47.24565
8426,7.19757,47.26374
8427,7.19759,47.28183
8428,7.1976,47.19148
8429,7.19762,47.20957
8430,7.19764,47.22766
8431,7.19765,47.24575
8432,7.19767,47.26384
8433,7.19768,47.17349
8434,7.1977,47.19158
8435,7.19772,47.20967
8436,7.19774,47.22776
8437,7.19775,47.24585
8438,7.19776,47.1555
8439,7.19778,47.17359
8440,7.1978,47.19168
8441,7.19782,47.20977
8442,7.19784,47.13751
8443,7.19784,47.22786
8444,7.19786,47.1556
8445,7.19788,47.17369
8446,7.1979,47.19178
8447,7.19792,47.11952
8448,7.19792,47.20987
8449,7.19794,47.13761
8450,7.19796,47.1557
8451,7.19798,47.17379
8452,7.198,47.10153
8453,7.198,47.19188
8454,7.19802,47.11962
8455,7.19804,47.13771
8456,7.19806,47.1558
8457,7.19808,47.17389
8458,7.19809,47.08354
8459,7.1981,47.10163
8460,7.19812,47.11972
8461,7.19814,47.13781
8462,7.19816,47.1559
8463,7.19817,47.06555
8464,7.19819,47.08364
8465,7.1982,47.10173
8466,7.19822,47.11982
8467,7.19824,47.13791
8468,7.19825,47.04756
8469,7.19827,47.06565
8470,7.19829,47.08374
8471,7.1983,47.10183
8472,7.19832,47.11992
8473,7.19833,47.02957
8474,7.19835,47.04766
8475,7.19837,47.06575
8476,7.19839,47.08384
8477,7.1984,47.10193
8478,7.19841,47.01158
8479,7.19843,47.02967
8480,7.19845,47.04776
8481,7.19847,47.06585
8482,7.19849,46.99359
8483,7.19849,47.08394
8484,7.19851,47.01168
8485,7.19853,47.02977
8486,7.19855,47.04786
8487,7.19857,46.9756
8488,7.19857,47.06595
8489,7.19859,46.99369
8490,7.19861,47.01178
8491,7.19863,47.02987
8492,7.19865,46.95761
8493,7.19865,47.04796
8494,7.19867,46.9757
8495,7.19869,46.99379
8496,7.19871,47.01188
8497,7.19873,46.93962
8498,7.19873,47.02997
8499,7.19875,46.95771
8500,7.19877,46.9758
8501,7.19879,46.99389
8502,7.19881,46.92163
8503,7.19881,47.01198
8504,7.19883,46.93972
8505,7.19885,46.95781
8506,7.19887,46.9759
8507,7.19889,46.90364
8508,7.19889,46.99399
8509,7.19891,46.92173
8510,7.19893,46.93982
8511,7.19895,46.95791
8512,7.19897,46.88565
8513,7.19897,46.976
8514,7.19899,46.90374
8515,7.19901,46.92183
8516,7.19903,46.93992
8517,7.19905,46.86766
8518,7.19905,46.95801
8519,7.19907,46.88575
8520,7.19909,46.90384
8521,7.19911,46.92193
8522,7.19913,46.84967
8523,7.19913,46.94002
8524,7.19915,46.86776
8525,7.19917,46.88585
8526,7.19919,46.90394
8527,7.19921,46.92203
8528,7.19922,46.83168
8529,7.19923,46.84977
8530,7.19925,46.86786
8531,7.19927,46.88595
8532,7.19929,46.90404
8533,7.1993,46.81369
8534,7.19932,46.83178
8535,7.19933,46.84987
8536,7.19935,46.86796
8537,7.19937,46.88605
8538,7.19938,46.7957
8539,7.1994,46.81379
8540,7.19942,46.83188
8541,7.19943,46.84997
8542,7.19945,46.86806
8543,7.19946,46.77771
8544,7.19948,46.7958
8545,7.1995,46.81389
8546,7.19952,46.83198
8547,7.19953,46.85007
8548,7.19954,46.75972
8549,7.19956,46.77781
8550,7.19958,46.7959
8551,7.1996,46.81399
8552,7.19962,46.74173
8553,7.19962,46.83208
8554,7.19964,46.75982
8555,7.19966,46.77791
8556,7.19968,46.796
8557,7.1997,46.72374
8558,7.1997,46.81409
8559,7.19972,46.74183
8560,7.19974,46.75992
8561,7.19976,46.77801
8562,7.19978,46.70574
8563,7.19978,46.7961
8564,7.1998,46.72384
8565,7.19982,46.74193
8566,7.19984,46.76002
8567,7.19986,46.68775
8568,7.19986,46.77811
8569,7.19988,46.70584
8570,7.1999,46.72394
8571,7.19992,46.74203
8572,7.19994,46.66976
8573,7.19994,46.76012
8574,7.19996,46.68785
8575,7.19998,46.70594
8576,7.2,46.72404
8577,7.20002,46.65177
8578,7.20002,46.74213
8579,7.20004,46.66986
8580,7.20006,46.68795
8581,7.20008,46.70604
8582,7.2001,46.63378
8583,7.2001,46.72414
8584,7.20012,46.65187
8585,7.20014,46.66996
8586,7.20016,46.68805
8587,7.20018,46.61579
8588,7.20018,46.70614
8589,7.2002,46.63388
8590,7.20022,46.65197
8591,7.20024,46.67006
8592,7.20025,46.5978
8593,7.20026,46.68815
8594,7.20028,46.61589
8595,7.2003,46.63398
8596,7.20032,46.65207
8597,7.20034,46.67016
8598,7.20035,46.5979
8599,7.20038,46.61599
8600,7.20042,46.65217
8601,7.20045,46.598
8602,7.20048,46.61609
8603,7.20049,46.54383
8604,7.20055,46.5981
8605,7.20057,46.52583
8606,7.20058,46.61619
8607,7.20059,46.54393
8608,7.20065,46.50784
8609,7.20065,46.5982
8610,7.20067,46.52593
8611,7.20069,46.54403
8612,7.20073,46.48985
8613,7.20075,46.50794
8614,7.20077,46.52603
8615,7.20079,46.54413
8616,7.20081,46.47186
8617,7.20083,46.48995
8618,7.20085,46.50804
8619,7.20087,46.52613
8620,7.20089,46.45387
8621,7.20089,46.54423
8622,7.20091,46.47196
8623,7.20093,46.49005
8624,7.20095,46.50814
8625,7.20097,46.43588
8626,7.20097,46.52623
8627,7.20099,46.45397
8628,7.20101,46.47206
8629,7.20103,46.49015
8630,7.20105,46.41789
8631,7.20105,46.50824
8632,7.20107,46.43598
8633,7.20111,46.47216
8634,7.20113,46.3999
8635,7.20113,46.49025
8636,7.20115,46.41799
8637,7.20117,46.43608
8638,7.20121,46.38191
8639,7.20121,46.47226
8640,7.20123,46.4
8641,7.20125,46.41809
8642,7.20127,46.43618
8643,7.20129,46.36391
8644,7.20131,46.38201
8645,7.20133,46.4001
8646,7.20135,46.41819
8647,7.20136,46.34592
8648,7.20137,46.43628
8649,7.20139,46.36401
8650,7.20141,46.38211
8651,7.20143,46.4002
8652,7.20144,46.32793
8653,7.20145,46.41829
8654,7.20146,46.34602
8655,7.20149,46.36411
8656,7.20151,46.38221
8657,7.20153,46.4003
8658,7.20154,46.32803
8659,7.20156,46.34612
8660,7.20159,46.36421
8661,7.2016,46.29195
8662,7.20161,46.38231
8663,7.20166,46.34622
8664,7.20168,46.27396
8665,7.20169,46.36431
8666,7.20176,46.25597
8667,7.20176,46.34632
8668,7.20178,46.27406
8669,7.20186,46.25607
8670,7.20188,46.27416
8671,7.20191,46.21999
8672,7.20198,46.27426
8673,7.20199,46.20199
8674,7.20201,46.22009
8675,7.20207,46.184
8676,7.20208,46.27436
8677,7.20209,46.20209
8678,7.20211,46.22019
8679,7.20215,46.16601
8680,7.20217,46.1841
8681,7.20219,46.20219
8682,7.20221,46.22029
8683,7.20223,46.14802
8684,7.20225,46.16611
8685,7.20227,46.1842
8686,7.20229,46.20229
8687,7.20231,46.13003
8688,7.20231,46.22039
8689,7.20233,46.14812
8690,7.20235,46.16621
8691,7.20237,46.1843
8692,7.20238,46.11204
8693,7.20239,46.20239
8694,7.20241,46.13013
8695,7.20243,46.14822
8696,7.20245,46.16631
8697,7.20246,46.09405
8698,7.20247,46.1844
8699,7.20248,46.11214
8700,7.20251,46.13023
8701,7.20253,46.14832
8702,7.20254,46.07606
8703,7.20255,46.16641
8704,7.20256,46.09415
8705,7.20258,46.11224
8706,7.20261,46.13033
8707,7.20262,46.05807
8708,7.20263,46.14842
8709,7.20264,46.07616
8710,7.20266,46.09425
8711,7.20268,46.11234
8712,7.2027,46.04008
8713,7.20272,46.05817
8714,7.20274,46.07626
8715,7.20276,46.09435
8716,7.20278,46.02208
8717,7.20278,46.11244
8718,7.20282,46.05827
8719,7.20284,46.07636
8720,7.20285,46.00409
8721,7.20286,46.09445
8722,7.20288,46.02218
8723,7.20292,46.05837
8724,7.20293,45.9861
8725,7.20294,46.07646
8726,7.20295,46.00419
8727,7.20301,45.96811
8728,7.20302,46.05847
8729,7.20303,45.9862
8730,7.20305,46.00429
8731,7.20309,45.95012
8732,7.20311,45.96821
8733,7.20313,45.9863
8734,7.20316,45.93213
8735,7.20319,45.95022
8736,7.20321,45.96831
8737,7.20323,45.9864
8738,7.20324,45.91414
8739,7.20326,45.93223
8740,7.20329,45.95032
8741,7.20331,45.96841
8742,7.20332,45.89615
8743,7.20333,45.9865
8744,7.20336,45.93233
8745,7.20339,45.95042
8746,7.2034,45.87816
8747,7.20341,45.96851
8748,7.20342,45.89625
8749,7.20346,45.93243
8750,7.20349,45.95052
8751,7.20352,45.89635
8752,7.20356,45.93253
8753,7.20362,45.89645
8754,7.20372,45.89655
8755,7.22304,47.42539
8756,7.22312,47.4074
8757,7.22314,47.42549
8758,7.22319,47.38941
8759,7.22322,47.4075
8760,7.22324,47.42559
8761,7.22326,47.37142
8762,7.22329,47.38951
8763,7.22332,47.4076
8764,7.22333,47.35343
8765,7.22334,47.42569
8766,7.22336,47.37152
8767,7.22339,47.38961
8768,7.22341,47.33545
8769,7.22342,47.4077
8770,7.22343,47.35353
8771,7.22344,47.42579
8772,7.22346,47.37162
8773,7.22348,47.31746
8774,7.22349,47.38971
8775,7.22351,47.33555
8776,7.22352,47.4078
8777,7.22353,47.35363
8778,7.22355,47.29947
8779,7.22356,47.37172
8780,7.22358,47.31756
8781,7.22359,47.38981
8782,7.22361,47.33565
8783,7.22363,47.28148
8784,7.22363,47.35373
8785,7.22365,47.29957
8786,7.22366,47.37182
8787,7.22368,47.31766
8788,7.2237,47.26349
8789,7.22371,47.33575
8790,7.22373,47.28158
8791,7.22373,47.35383
8792,7.22375,47.29967
8793,7.22377,47.2455
8794,7.22378,47.31776
8795,7.2238,47.26359
8796,7.22381,47.33585
8797,7.22383,47.28168
8798,7.22384,47.22751
8799,7.22385,47.29977
8800,7.22387,47.2456
8801,7.22388,47.31786
8802,7.2239,47.26369
8803,7.22392,47.20952
8804,7.22393,47.28178
8805,7.22394,47.22761
8806,7.22395,47.29987
8807,7.22397,47.2457
8808,7.22399,47.19153
8809,7.224,47.26379
8810,7.22402,47.20962
8811,7.22403,47.28188
8812,7.22404,47.22771
8813,7.22406,47.17354
8814,7.22407,47.2458
8815,7.22409,47.19163
8816,7.2241,47.26389
8817,7.22412,47.20972
8818,7.22413,47.15555
8819,7.22414,47.22781
8820,7.22416,47.17364
8821,7.22417,47.2459
8822,7.22419,47.19173
8823,7.22421,47.13756
8824,7.22422,47.20982
8825,7.22423,47.15565
8826,7.22424,47.22791
8827,7.22426,47.17374
8828,7.22428,47.11957
8829,7.22429,47.19183
8830,7.22431,47.13766
8831,7.22432,47.20992
8832,7.22433,47.15575
8833,7.22435,47.10159
8834,7.22436,47.17384
8835,7.22438,47.11967
8836,7.22439,47.19193
8837,7.22441,47.13776
8838,7.22442,47.0836
8839,7.22443,47.15585
8840,7.22445,47.10169
8841,7.22446,47.17394
8842,7.22448,47.11977
8843,7.2245,47.06561
8844,7.22451,47.13786
8845,7.22452,47.0837
8846,7.22453,47.15595
8847,7.22455,47.10179
8848,7.22457,47.04762
8849,7.22458,47.11987
8850,7.2246,47.06571
8851,7.22461,47.13796
8852,7.22462,47.0838
8853,7.22464,47.02963
8854,7.22465,47.10189
8855,7.22467,47.04772
8856,7.22468,47.11997
8857,7.2247,47.06581
8858,7.22471,47.01164
8859,7.22472,47.0839
8860,7.22474,47.02973
8861,7.22475,47.10199
8862,7.22477,47.04782
8863,7.22478,46.99365
8864,7.2248,47.06591
8865,7.22481,47.01174
8866,7.22482,47.084
8867,7.22484,47.02983
8868,7.22486,46.97566
8869,7.22487,47.04792
8870,7.22488,46.99375
8871,7.2249,47.06601
8872,7.22491,47.01184
8873,7.22493,46.95767
8874,7.22494,47.02993
8875,7.22496,46.97576
8876,7.22497,47.04802
8877,7.22498,46.99385
8878,7.225,46.93967
8879,7.22501,47.01194
8880,7.22503,46.95777
8881,7.22504,47.03003
8882,7.22506,46.97586
8883,7.22507,46.92168
8884,7.22508,46.99395
8885,7.2251,46.93977
8886,7.22511,47.01204
8887,7.22513,46.95787
8888,7.22514,46.90369
8889,7.22516,46.97596
8890,7.22517,46.92178
8891,7.22518,46.99405
8892,7.2252,46.93987
8893,7.22521,46.8857
8894,7.22523,46.95797
8895,7.22524,46.90379
8896,7.22526,46.97606
8897,7.22527,46.92188
8898,7.22529,46.86771
8899,7.2253,46.93997
8900,7.22531,46.8858
8901,7.22533,46.95807
8902,7.22534,46.90389
8903,7.22536,46.84972
8904,7.22537,46.92198
8905,7.22539,46.86781
8906,7.2254,46.94007
8907,7.22541,46.8859
8908,7.22543,46.83173
8909,7.22544,46.90399
8910,7.22546,46.84982
8911,7.22547,46.92208
8912,7.22549,46.86791
8913,7.2255,46.81374
8914,7.22551,46.886
8915,7.22553,46.83183
8916,7.22554,46.90409
8917,7.22556,46.84992
8918,7.22557,46.79575
8919,7.22559,46.86801
8920,7.2256,46.81384
8921,7.22561,46.8861
8922,7.22563,46.83193
8923,7.22564,46.77776
8924,7.22566,46.85002
8925,7.22567,46.79585
8926,7.22569,46.86811
8927,7.2257,46.81394
8928,7.22571,46.75977
8929,7.22573,46.83203
8930,7.22574,46.77786
8931,7.22576,46.85012
8932,7.22577,46.79595
8933,7.22579,46.74178
8934,7.2258,46.81404
8935,7.22581,46.75987
8936,7.22583,46.83213
8937,7.22584,46.77796
8938,7.22586,46.72379
8939,7.22587,46.79605
8940,7.22589,46.74188
8941,7.2259,46.81414
8942,7.22591,46.75997
8943,7.22593,46.7058
8944,7.22594,46.77806
8945,7.22596,46.72389
8946,7.22597,46.79615
8947,7.22599,46.74198
8948,7.226,46.68781
8949,7.22601,46.76007
8950,7.22603,46.7059
8951,7.22604,46.77816
8952,7.22606,46.72399
8953,7.22607,46.66982
8954,7.22609,46.74208
8955,7.2261,46.68791
8956,7.22611,46.76017
8957,7.22613,46.706
8958,7.22614,46.65182
8959,7.22616,46.72409
8960,7.22617,46.66992
8961,7.22619,46.74218
8962,7.2262,46.68801
8963,7.22621,46.63383
8964,7.22623,46.7061
8965,7.22624,46.65192
8966,7.22626,46.72419
8967,7.22627,46.67002
8968,7.2263,46.68811
8969,7.22633,46.7062
8970,7.22634,46.65202
8971,7.22636,46.59785
8972,7.22637,46.67012
8973,7.2264,46.68821
8974,7.22644,46.65212
8975,7.22646,46.59795
8976,7.22647,46.67022
8977,7.2265,46.56187
8978,7.22654,46.65222
8979,7.22656,46.59805
8980,7.22657,46.54388
8981,7.22664,46.52589
8982,7.22666,46.59815
8983,7.22667,46.54398
8984,7.22671,46.5079
8985,7.22674,46.52599
8986,7.22676,46.59825
8987,7.22677,46.54408
8988,7.22678,46.4899
8989,7.22681,46.508
8990,7.22684,46.52609
8991,7.22685,46.47191
8992,7.22687,46.54418
8993,7.22688,46.49
8994,7.22691,46.5081
8995,7.22692,46.45392
8996,7.22694,46.52619
8997,7.22695,46.47201
8998,7.22697,46.54428
8999,7.22698,46.4901
9000,7.22699,46.43593
9001,7.22701,46.5082
9002,7.22702,46.45402
9003,7.22704,46.52629
9004,7.22705,46.47211
9005,7.22706,46.41794
9006,7.22708,46.4902
9007,7.22709,46.43603
9008,7.22711,46.5083
9009,7.22712,46.45412
9010,7.22713,46.39995
9011,7.22715,46.47221
9012,7.22716,46.41804
9013,7.22718,46.4903
9014,7.22719,46.43613
9015,7.2272,46.38196
9016,7.22722,46.45422
9017,7.22723,46.40005
9018,7.22725,46.47231
9019,7.22726,46.41814
9020,7.22727,46.36397
9021,7.22729,46.43623
9022,7.2273,46.38206
9023,7.22732,46.45432
9024,7.22733,46.40015
9025,7.22734,46.34597
9026,7.22736,46.41824
9027,7.22737,46.36407
9028,7.22739,46.43633
9029,7.2274,46.38216
9030,7.22743,46.40025
9031,7.22744,46.34607
9032,7.22746,46.41834
9033,7.22747,46.36417
9034,7.2275,46.38226
9035,7.22753,46.40035
9036,7.22754,46.34617
9037,7.22755,46.292
9038,7.22757,46.36427
9039,7.2276,46.38236
9040,7.22762,46.27401
9041,7.22765,46.2921
9042,7.22767,46.36437
9043,7.22769,46.25602
9044,7.22772,46.27411
9045,7.22775,46.2922
9046,7.22776,46.23803
9047,7.22779,46.25612
9048,7.22782,46.27421
9049,7.22783,46.22004
9050,7.22785,46.2923
9051,7.2279,46.20205
9052,7.22792,46.27431
9053,7.22793,46.22014
9054,7.22795,46.2924
9055,7.22797,46.18405
9056,7.228,46.20215
9057,7.22802,46.27441
9058,7.22803,46.22024
9059,7.22804,46.16606
9060,7.22807,46.18415
9061,7.2281,46.20225
9062,7.22811,46.14807
9063,7.22813,46.22034
9064,7.22814,46.16616
9065,7.22817,46.18425
9066,7.22818,46.13008
9067,7.2282,46.20235
9068,7.22821,46.14817
9069,7.22823,46.22044
9070,7.22824,46.16626
9071,7.22825,46.11209
9072,7.22827,46.18435
9073,7.22828,46.13018
9074,7.2283,46.20245
9075,7.22831,46.14827
9076,7.22832,46.0941
9077,7.22834,46.16636
9078,7.22835,46.11219
9079,7.22837,46.18445
9080,7.22838,46.13028
9081,7.22839,46.07611
9082,7.22841,46.14837
9083,7.22842,46.0942
9084,7.22844,46.16646
9085,7.22845,46.11229
9086,7.22846,46.05812
9087,7.22848,46.13038
9088,7.22849,46.07621
9089,7.22851,46.14847
9090,7.22852,46.0943
9091,7.22853,46.04013
9092,7.22855,46.11239
9093,7.22856,46.05822
9094,7.22858,46.13048
9095,7.22859,46.07631
9096,7.22862,46.0944
9097,7.22863,46.04023
9098,7.22865,46.11249
9099,7.22866,46.05832
9100,7.22869,46.07641
9101,7.22872,46.0945
9102,7.22873,46.04033
9103,7.22874,45.98615
9104,7.22876,46.05842
9105,7.22879,46.07651
9106,7.22881,45.96816
9107,7.22883,46.04043
9108,7.22886,46.05852
9109,7.22888,45.95017
9110,7.22891,45.96826
9111,7.22893,46.04053
9112,7.22895,45.93218
9113,7.22898,45.95027
9114,7.22901,45.96836
9115,7.22905,45.93228
9116,7.22908,45.95037
9117,7.22915,45.93238
9118,7.22918,45.95047
9119,7.22925,45.93248
9120,7.22935,45.93258
9121,7.24955,47.42543
9122,7.24961,47.40745
9123,7.24965,47.42553
9124,7.24968,47.38946
9125,7.24971,47.40755
9126,7.24974,47.37147
9127,7.24975,47.42563
9128,7.24978,47.38956
9129,7.24981,47.35348
9130,7.24981,47.40765
9131,7.24984,47.37157
9132,7.24985,47.42573
9133,7.24987,47.33549
9134,7.24988,47.38966
9135,7.24991,47.35358
9136,7.24991,47.40775
9137,7.24993,47.3175
9138,7.24994,47.37167
9139,7.24995,47.42583
9140,7.24997,47.33559
9141,7.24998,47.38976
9142,7.25,47.29951
9143,7.25001,47.35368
9144,7.25001,47.40785
9145,7.25003,47.3176
9146,7.25004,47.37177
9147,7.25006,47.28153
9148,7.25007,47.33569
9149,7.25008,47.38986
9150,7.2501,47.29961
9151,7.25011,47.35378
9152,7.25012,47.26354
9153,7.25013,47.3177
9154,7.25014,47.37187
9155,7.25016,47.28163
9156,7.25017,47.33579
9157,7.25019,47.24555
9158,7.2502,47.29971
9159,7.25021,47.35388
9160,7.25022,47.26364
9161,7.25023,47.3178
9162,7.25025,47.22756
9163,7.25026,47.28173
9164,7.25027,47.33589
9165,7.25029,47.24565
9166,7.2503,47.29981
9167,7.25032,47.20957
9168,7.25032,47.26374
9169,7.25033,47.3179
9170,7.25035,47.22766
9171,7.25036,47.28183
9172,7.25038,47.19158
9173,7.25039,47.24575
9174,7.2504,47.29991
9175,7.25042,47.20967
9176,7.25042,47.26384
9177,7.25044,47.17359
9178,7.25045,47.22776
9179,7.25046,47.28193
9180,7.25048,47.19168
9181,7.25049,47.24585
9182,7.25051,47.1556
9183,7.25052,47.20977
9184,7.25052,47.26394
9185,7.25054,47.17369
9186,7.25055,47.22786
9187,7.25057,47.13761
9188,7.25058,47.19178
9189,7.25059,47.24595
9190,7.25061,47.1557
9191,7.25062,47.20987
9192,7.25063,47.11962
9193,7.25064,47.17379
9194,7.25065,47.22796
9195,7.25067,47.13771
9196,7.25068,47.19188
9197,7.2507,47.10163
9198,7.25071,47.1558
9199,7.25072,47.20997
9200,7.25073,47.11972
9201,7.25074,47.17389
9202,7.25076,47.08364
9203,7.25077,47.13781
9204,7.25078,47.19198
9205,7.2508,47.10173
9206,7.25081,47.1559
9207,7.25082,47.06565
9208,7.25083,47.11982
9209,7.25084,47.17399
9210,7.25086,47.08374
9211,7.25087,47.13791
9212,7.25089,47.04766
9213,7.2509,47.10183
9214,7.25091,47.156
9215,7.25092,47.06575
9216,7.25093,47.11992
9217,7.25095,47.02967
9218,7.25096,47.08384
9219,7.25097,47.13801
9220,7.25099,47.04776
9221,7.251,47.10193
9222,7.25101,47.01168
9223,7.25102,47.06585
9224,7.25103,47.12002
9225,7.25105,47.02977
9226,7.25106,47.08394
9227,7.25108,46.99369
9228,7.25109,47.04786
9229,7.2511,47.10203
9230,7.25111,47.01178
9231,7.25112,47.06595
9232,7.25114,46.9757
9233,7.25115,47.02987
9234,7.25116,47.08404
9235,7.25118,46.99379
9236,7.25119,47.04796
9237,7.2512,46.95771
9238,7.25121,47.01188
9239,7.25122,47.06605
9240,7.25124,46.9758
9241,7.25125,47.02997
9242,7.25127,46.93972
9243,7.25128,46.99389
9244,7.25129,47.04806
9245,7.2513,46.95781
9246,7.25131,47.01198
9247,7.25133,46.92173
9248,7.25134,46.9759
9249,7.25135,47.03007
9250,7.25137,46.93982
9251,7.25138,46.99399
9252,7.25139,46.90374
9253,7.2514,46.95791
9254,7.25141,47.01208
9255,7.25143,46.92183
9256,7.25144,46.976
9257,7.25145,46.88575
9258,7.25147,46.93992
9259,7.25148,46.99409
9260,7.25149,46.90384
9261,7.2515,46.95801
9262,7.25152,46.86776
9263,7.25153,46.92193
9264,7.25154,46.9761
9265,7.25155,46.88585
9266,7.25157,46.94002
9267,7.25158,46.84977
9268,7.25159,46.90394
9269,7.2516,46.95811
9270,7.25162,46.86786
9271,7.25163,46.92203
9272,7.25164,46.83178
9273,7.25165,46.88595
9274,7.25167,46.94012
9275,7.25168,46.84987
9276,7.25169,46.90404
9277,7.25171,46.81379
9278,7.25172,46.86796
9279,7.25173,46.92213
9280,7.25174,46.83188
9281,7.25175,46.88605
9282,7.25177,46.7958
9283,7.25178,46.84997
9284,7.25179,46.90414
9285,7.25181,46.81389
9286,7.25182,46.86806
9287,7.25183,46.77781
9288,7.25184,46.83198
9289,7.25185,46.88615
9290,7.25187,46.7959
9291,7.25188,46.85007
9292,7.25189,46.75982
9293,7.25191,46.81399
9294,7.25192,46.86816
9295,7.25193,46.77791
9296,7.25194,46.83208
9297,7.25196,46.74182
9298,7.25197,46.796
9299,7.25198,46.85017
9300,7.25199,46.75992
9301,7.25201,46.81409
9302,7.25202,46.72383
9303,7.25203,46.77801
9304,7.25204,46.83218
9305,7.25206,46.74192
9306,7.25207,46.7961
9307,7.25208,46.70584
9308,7.25209,46.76002
9309,7.25211,46.81419
9310,7.25212,46.72393
9311,7.25213,46.77811
9312,7.25214,46.68785
9313,7.25216,46.74202
9314,7.25217,46.7962
9315,7.25218,46.70594
9316,7.25219,46.76012
9317,7.25221,46.66986
9318,7.25222,46.72403
9319,7.25223,46.77821
9320,7.25224,46.68795
9321,7.25226,46.74212
9322,7.25228,46.70604
9323,7.25229,46.76022
9324,7.25231,46.66996
9325,7.25232,46.72413
9326,7.25234,46.68805
9327,7.25236,46.74222
9328,7.25238,46.70614
9329,7.25239,46.61589
9330,7.25241,46.67006
9331,7.25242,46.72423
9332,7.25244,46.68815
9333,7.25246,46.5979
9334,7.25248,46.70624
9335,7.25249,46.61599
9336,7.25251,46.67016
9337,7.25254,46.68825
9338,7.25256,46.598
9339,7.25258,46.56191
9340,7.25259,46.61609
9341,7.25261,46.67026
9342,7.25264,46.54392
9343,7.25266,46.5981
9344,7.25268,46.56201
9345,7.2527,46.52593
9346,7.25274,46.54402
9347,7.25276,46.5982
9348,7.25277,46.50794
9349,7.25278,46.56211
9350,7.2528,46.52603
9351,7.25283,46.48995
9352,7.25284,46.54412
9353,7.25286,46.5983
9354,7.25287,46.50804
9355,7.25288,46.56221
9356,7.25289,46.47196
9357,7.2529,46.52613
9358,7.25293,46.49005
9359,7.25294,46.54422
9360,7.25295,46.45397
9361,7.25297,46.50814
9362,7.25299,46.47206
9363,7.253,46.52623
9364,7.25301,46.43598
9365,7.25303,46.49015
9366,7.25304,46.54432
9367,7.25305,46.45407
9368,7.25307,46.50824
9369,7.25308,46.41799
9370,7.25309,46.47216
9371,7.2531,46.52633
9372,7.25311,46.43608
9373,7.25313,46.49025
9374,7.25314,46.39999
9375,7.25315,46.45417
9376,7.25317,46.50834
9377,7.25318,46.41809
9378,7.25319,46.47226
9379,7.2532,46.382
9380,7.25321,46.43618
9381,7.25323,46.49035
9382,7.25324,46.40009
9383,7.25325,46.45427
9384,7.25326,46.36401
9385,7.25328,46.41819
9386,7.25329,46.47236
9387,7.2533,46.3821
9388,7.25331,46.43628
9389,7.25332,46.34602
9390,7.25334,46.40019
9391,7.25335,46.45437
9392,7.25336,46.36411
9393,7.25338,46.41829
9394,7.2534,46.3822
9395,7.25341,46.43638
9396,7.25342,46.34612
9397,7.25344,46.40029
9398,7.25345,46.31004
9399,7.25346,46.36421
9400,7.25348,46.41839
9401,7.2535,46.3823
9402,7.25351,46.29205
9403,7.25352,46.34622
9404,7.25354,46.40039
9405,7.25356,46.36431
9406,7.25357,46.27406
9407,7.2536,46.3824
9408,7.25361,46.29215
9409,7.25362,46.34632
9410,7.25363,46.25606
9411,7.25366,46.36441
9412,7.25367,46.27416
9413,7.25369,46.23807
9414,7.25371,46.29225
9415,7.25372,46.34642
9416,7.25373,46.25616
9417,7.25375,46.22008
9418,7.25377,46.27426
9419,7.25379,46.23817
9420,7.25381,46.20209
9421,7.25381,46.29235
9422,7.25383,46.25626
9423,7.25385,46.22018
9424,7.25387,46.27436
9425,7.25388,46.1841
9426,7.25389,46.23827
9427,7.25391,46.20219
9428,7.25391,46.29245
9429,7.25393,46.25636
9430,7.25394,46.16611
9431,7.25395,46.22028
9432,7.25397,46.27446
9433,7.25398,46.1842
9434,7.25399,46.23837
9435,7.254,46.14812
9436,7.25401,46.20229
9437,7.25403,46.25646
9438,7.25404,46.16621
9439,7.25405,46.22038
9440,7.25406,46.13013
9441,7.25408,46.1843
9442,7.2541,46.14822
9443,7.25411,46.20239
9444,7.25412,46.11214
9445,7.25414,46.16631
9446,7.25415,46.22048
9447,7.25416,46.13023
9448,7.25418,46.09414
9449,7.25418,46.1844
9450,7.2542,46.14832
9451,7.25421,46.20249
9452,7.25422,46.11224
9453,7.25424,46.07615
9454,7.25424,46.16641
9455,7.25426,46.13033
9456,7.25428,46.09424
9457,7.25428,46.1845
9458,7.2543,46.05816
9459,7.2543,46.14842
9460,7.25434,46.07625
9461,7.25434,46.16651
9462,7.25436,46.13043
9463,7.25437,46.04017
9464,7.25438,46.09434
9465,7.2544,46.05826
9466,7.2544,46.14852
9467,7.25444,46.07635
9468,7.25446,46.13053
9469,7.25447,46.04027
9470,7.25448,46.09444
9471,7.2545,46.05836
9472,7.25454,46.07645
9473,7.25457,46.04037
9474,7.25458,46.09454
9475,7.2546,46.05846
9476,7.25464,46.07655
9477,7.25467,46.04047
9478,7.2547,46.05856
9479,7.25473,45.93223
9480,7.25477,46.04057
9481,7.25479,45.91424
9482,7.27606,47.42547
9483,7.27611,47.40749
9484,7.27616,47.42557
9485,7.27617,47.3895
9486,7.27621,47.40759
9487,7.27622,47.37151
9488,7.27626,47.42567
9489,7.27627,47.3896
9490,7.27628,47.35352
9491,7.27631,47.40769
9492,7.27632,47.37161
9493,7.27633,47.33553
9494,7.27636,47.42577
9495,7.27637,47.3897
9496,7.27638,47.35362
9497,7.27639,47.31754
9498,7.27641,47.40779
9499,7.27642,47.37171
9500,7.27643,47.33563
9501,7.27644,47.29955
9502,7.27646,47.42587
9503,7.27647,47.3898
9504,7.27648,47.35372
9505,7.27649,47.31764
9506,7.2765,47.28157
9507,7.27651,47.40789
9508,7.27652,47.37181
9509,7.27653,47.33573
9510,7.27654,47.29965
9511,7.27655,47.26358
9512,7.27657,47.3899
9513,7.27658,47.35382
9514,7.27659,47.31774
9515,7.2766,47.28167
9516,7.27661,47.24559
9517,7.27662,47.37191
9518,7.27663,47.33583
9519,7.27664,47.29975
9520,7.27665,47.26368
9521,7.27666,47.2276
9522,7.27668,47.35392
9523,7.2767,47.28177
9524,7.27671,47.24569
9525,7.27672,47.20961
9526,7.27673,47.33593
9527,7.27674,47.29985
9528,7.27675,47.26378
9529,7.27676,47.2277
9530,7.27677,47.19162
9531,7.2768,47.28187
9532,7.27681,47.24579
9533,7.27682,47.17363
9534,7.27682,47.20971
9535,7.27684,47.29995
9536,7.27685,47.26388
9537,7.27686,47.2278
9538,7.27687,47.19172
9539,7.27688,47.15564
9540,7.2769,47.28197
9541,7.27691,47.24589
9542,7.27692,47.17373
9543,7.27692,47.20981
9544,7.27693,47.13765
9545,7.27695,47.26398
9546,7.27696,47.2279
9547,7.27697,47.19182
9548,7.27698,47.15574
9549,7.27699,47.11966
9550,7.27701,47.24599
9551,7.27702,47.17383
9552,7.27702,47.20991
9553,7.27703,47.13775
9554,7.27704,47.10167
9555,7.27706,47.228
9556,7.27707,47.19192
9557,7.27708,47.15584
9558,7.27709,47.11976
9559,7.2771,47.08368
9560,7.27712,47.17393
9561,7.27712,47.21001
9562,7.27713,47.13785
9563,7.27714,47.10177
9564,7.27715,47.06569
9565,7.27717,47.19202
9566,7.27718,47.15594
9567,7.27719,47.11986
9568,7.2772,47.08378
9569,7.27721,47.0477
9570,7.27722,47.17403
9571,7.27723,47.13795
9572,7.27724,47.10187
9573,7.27725,47.06579
9574,7.27726,47.02971
9575,7.27728,47.15604
9576,7.27729,47.11996
9577,7.2773,47.08388
9578,7.27731,47.0478
9579,7.27732,47.01172
9580,7.27733,47.13805
9581,7.27734,47.10197
9582,7.27735,47.06589
9583,7.27736,47.02981
9584,7.27737,46.99373
9585,7.27739,47.12006
9586,7.2774,47.08398
9587,7.27741,47.0479
9588,7.27742,46.97574
9589,7.27742,47.01182
9590,7.27744,47.10207
9591,7.27745,47.06599
9592,7.27746,47.02991
9593,7.27747,46.99383
9594,7.27748,46.95775
9595,7.2775,47.08408
9596,7.27751,47.048
9597,7.27752,46.97584
9598,7.27752,47.01192
9599,7.27753,46.93976
9600,7.27755,47.06609
9601,7.27756,47.03001
9602,7.27757,46.99393
9603,7.27758,46.95785
9604,7.27759,46.92177
9605,7.27761,47.0481
9606,7.27762,46.97594
9607,7.27762,47.01202
9608,7.27763,46.93986
9609,7.27764,46.90378
9610,7.27766,47.03011
9611,7.27767,46.99403
9612,7.27768,46.95795
9613,7.27769,46.92187
9614,7.2777,46.88579
9615,7.27772,46.97604
9616,7.27772,47.01212
9617,7.27773,46.93996
9618,7.27774,46.90388
9619,7.27775,46.8678
9620,7.27777,46.99413
9621,7.27778,46.95805
9622,7.27779,46.92197
9623,7.2778,46.84981
9624,7.2778,46.88589
9625,7.27782,46.97614
9626,7.27783,46.94006
9627,7.27784,46.90398
9628,7.27785,46.8679
9629,7.27786,46.83182
9630,7.27788,46.95815
9631,7.27789,46.92207
9632,7.2779,46.84991
9633,7.2779,46.88599
9634,7.27791,46.81383
9635,7.27793,46.94016
9636,7.27794,46.90408
9637,7.27795,46.868
9638,7.27796,46.83192
9639,7.27797,46.79584
9640,7.27799,46.92217
9641,7.278,46.85001
9642,7.278,46.88609
9643,7.27801,46.81393
9644,7.27802,46.77785
9645,7.27804,46.90418
9646,7.27805,46.8681
9647,7.27806,46.83202
9648,7.27807,46.75986
9649,7.27807,46.79594
9650,7.2781,46.85011
9651,7.2781,46.88619
9652,7.27811,46.81403
9653,7.27812,46.77795
9654,7.27813,46.74186
9655,7.27815,46.8682
9656,7.27816,46.83212
9657,7.27817,46.75996
9658,7.27817,46.79604
9659,7.27818,46.72387
9660,7.2782,46.85021
9661,7.27821,46.81413
9662,7.27822,46.77805
9663,7.27823,46.70588
9664,7.27823,46.74196
9665,7.27826,46.83222
9666,7.27827,46.76006
9667,7.27827,46.79614
9668,7.27828,46.72397
9669,7.27829,46.68789
9670,7.27831,46.81423
9671,7.27832,46.77815
9672,7.27833,46.70598
9673,7.27833,46.74206
9674,7.27834,46.6699
9675,7.27837,46.76016
9676,7.27837,46.79624
9677,7.27838,46.72407
9678,7.27839,46.68799
9679,7.2784,46.65191
9680,7.27842,46.77825
9681,7.27843,46.70608
9682,7.27843,46.74216
9683,7.27844,46.67
9684,7.27847,46.76026
9685,7.27848,46.72417
9686,7.27849,46.68809
9687,7.2785,46.61593
9688,7.27853,46.70618
9689,7.27853,46.74226
9690,7.27854,46.6701
9691,7.27856,46.59794
9692,7.27858,46.72427
9693,7.27859,46.68819
9694,7.2786,46.61603
9695,7.27861,46.57995
9696,7.27863,46.70628
9697,7.27864,46.6702
9698,7.27866,46.56195
9699,7.27866,46.59804
9700,7.27869,46.68829
9701,7.2787,46.61613
9702,7.27871,46.58005
9703,7.27872,46.54396
9704,7.27874,46.6703
9705,7.27876,46.56205
9706,7.27877,46.52597
9707,7.2788,46.61623
9708,7.27881,46.58015
9709,7.27882,46.50798
9710,7.27882,46.54406
9711,7.27886,46.56215
9712,7.27887,46.52607
9713,7.27888,46.48999
9714,7.2789,46.61633
9715,7.27891,46.58025
9716,7.27892,46.50808
9717,7.27892,46.54416
9718,7.27893,46.472
9719,7.27896,46.56225
9720,7.27897,46.52617
9721,7.27898,46.45401
9722,7.27898,46.49009
9723,7.27901,46.58035
9724,7.27902,46.50818
9725,7.27902,46.54426
9726,7.27903,46.4721
9727,7.27904,46.43602
9728,7.27906,46.56235
9729,7.27907,46.52627
9730,7.27908,46.45411
9731,7.27908,46.49019
9732,7.27909,46.41803
9733,7.27912,46.50828
9734,7.27912,46.54436
9735,7.27913,46.4722
9736,7.27914,46.40003
9737,7.27914,46.43612
9738,7.27917,46.52637
9739,7.27918,46.45421
9740,7.27918,46.49029
9741,7.27919,46.41813
9742,7.2792,46.38204
9743,7.27922,46.50838
9744,7.27923,46.4723
9745,7.27924,46.40013
9746,7.27924,46.43622
9747,7.27925,46.36405
9748,7.27928,46.45431
9749,7.27928,46.49039
9750,7.27929,46.41823
9751,7.2793,46.34606
9752,7.2793,46.38214
9753,7.27933,46.4724
9754,7.27934,46.40023
9755,7.27934,46.43632
9756,7.27936,46.32807
9757,7.27938,46.45441
9758,7.27939,46.41833
9759,7.2794,46.34616
9760,7.2794,46.38224
9761,7.27941,46.31008
9762,7.27944,46.40033
9763,7.27944,46.43642
9764,7.27946,46.32817
9765,7.27949,46.41843
9766,7.2795,46.38234
9767,7.27951,46.2741
9768,7.27954,46.40043
9769,7.27957,46.2561
9770,7.2796,46.38244
9771,7.27961,46.2742
9772,7.27962,46.23811
9773,7.27967,46.22012
9774,7.27967,46.2562
9775,7.27971,46.2743
9776,7.27972,46.23821
9777,7.27973,46.20213
9778,7.27977,46.22022
9779,7.27977,46.2563
9780,7.27978,46.18414
9781,7.27981,46.2744
9782,7.27982,46.23831
9783,7.27983,46.16615
9784,7.27983,46.20223
9785,7.27987,46.22032
9786,7.27987,46.2564
9787,7.27988,46.14816
9788,7.27988,46.18424
9789,7.27991,46.2745
9790,7.27992,46.23841
9791,7.27993,46.16625
9792,7.27993,46.20233
9793,7.27997,46.22042
9794,7.27997,46.2565
9795,7.27998,46.14826
9796,7.27998,46.18434
9797,7.27999,46.11218
9798,7.28002,46.23851
9799,7.28003,46.16635
9800,7.28003,46.20243
9801,7.28004,46.09418
9802,7.28007,46.22052
9803,7.28008,46.14836
9804,7.28008,46.18444
9805,7.28009,46.07619
9806,7.28009,46.11228
9807,7.28013,46.16645
9808,7.28013,46.20253
9809,7.28014,46.09428
9810,7.28015,46.0582
9811,7.28018,46.14846
9812,7.28018,46.18454
9813,7.28019,46.07629
9814,7.28019,46.11238
9815,7.2802,46.04021
9816,7.28023,46.16655
9817,7.28024,46.09438
9818,7.28025,46.02222
9819,7.28025,46.0583
9820,7.28028,46.14856
9821,7.28029,46.07639
9822,7.2803,46.04031
9823,7.28034,46.09448
9824,7.28035,46.0584
9825,7.2804,46.04041
9826,7.28044,46.09458
9827,7.2805,46.04051
9828,7.28051,45.93227
9829,7.2806,46.04061
9830,7.30252,47.4435
9831,7.30256,47.42551
9832,7.30261,47.40752
9833,7.30262,47.4436
9834,7.30265,47.38953
9835,7.30266,47.42561
9836,7.3027,47.37154
9837,7.30271,47.40762
9838,7.30275,47.35356
9839,7.30275,47.38963
9840,7.30276,47.42571
9841,7.30279,47.33557
9842,7.3028,47.37164
9843,7.30281,47.40772
9844,7.30284,47.31758
9845,7.30285,47.35366
9846,7.30285,47.38973
9847,7.30286,47.42581
9848,7.30288,47.29959
9849,7.30289,47.33567
9850,7.3029,47.37174
9851,7.30291,47.40782
9852,7.30293,47.2816
9853,7.30294,47.31768
9854,7.30295,47.35376
9855,7.30295,47.38983
9856,7.30296,47.42591
9857,7.30298,47.26361
9858,7.30298,47.29969
9859,7.30299,47.33577
9860,7.303,47.37184
9861,7.30301,47.40792
9862,7.30302,47.24562
9863,7.30303,47.2817
9864,7.30304,47.31778
9865,7.30305,47.35386
9866,7.30305,47.38993
9867,7.30307,47.22763
9868,7.30308,47.26371
9869,7.30308,47.29979
9870,7.30309,47.33587
9871,7.3031,47.37194
9872,7.30311,47.20964
9873,7.30312,47.24572
9874,7.30313,47.2818
9875,7.30314,47.31788
9876,7.30315,47.35396
9877,7.30316,47.19165
9878,7.30317,47.22773
9879,7.30318,47.26381
9880,7.30318,47.29989
9881,7.30319,47.33597
9882,7.30321,47.17366
9883,7.30321,47.20974
9884,7.30322,47.24582
9885,7.30323,47.2819
9886,7.30324,47.31798
9887,7.30325,47.15568
9888,7.30326,47.19175
9889,7.30327,47.22783
9890,7.30328,47.26391
9891,7.30328,47.29999
9892,7.3033,47.13769
9893,7.30331,47.17376
9894,7.30331,47.20984
9895,7.30332,47.24592
9896,7.30333,47.282
9897,7.30334,47.1197
9898,7.30335,47.15578
9899,7.30336,47.19185
9900,7.30337,47.22793
9901,7.30338,47.26401
9902,7.30339,47.10171
9903,7.3034,47.13779
9904,7.30341,47.17386
9905,7.30341,47.20994
9906,7.30342,47.24602
9907,7.30343,47.08372
9908,7.30344,47.1198
9909,7.30345,47.15588
9910,7.30346,47.19195
9911,7.30347,47.22803
9912,7.30348,47.06573
9913,7.30349,47.10181
9914,7.3035,47.13789
9915,7.30351,47.17396
9916,7.30351,47.21004
9917,7.30353,47.04774
9918,7.30353,47.08382
9919,7.30354,47.1199
9920,7.30355,47.15598
9921,7.30356,47.19205
9922,7.30357,47.02975
9923,7.30358,47.06583
9924,7.30359,47.10191
9925,7.3036,47.13799
9926,7.30361,47.17406
9927,7.30362,47.01176
9928,7.30363,47.04784
9929,7.30363,47.08392
9930,7.30364,47.12
9931,7.30365,47.15608
9932,7.30366,46.99377
9933,7.30367,47.02985
9934,7.30368,47.06593
9935,7.30369,47.10201
9936,7.3037,47.13809
9937,7.30371,46.97578
9938,7.30372,47.01186
9939,7.30373,47.04794
9940,7.30373,47.08402
9941,7.30374,47.1201
9942,7.30375,46.95779
9943,7.30376,46.99387
9944,7.30377,47.02995
9945,7.30378,47.06603
9946,7.30379,47.10211
9947,7.3038,46.9398
9948,7.30381,46.97588
9949,7.30382,47.01196
9950,7.30383,47.04804
9951,7.30383,47.08412
9952,7.30384,46.9218
9953,7.30385,46.95789
9954,7.30386,46.99397
9955,7.30387,47.03005
9956,7.30388,47.06613
9957,7.30389,46.90381
9958,7.3039,46.9399
9959,7.30391,46.97598
9960,7.30392,47.01206
9961,7.30393,47.04814
9962,7.30394,46.88582
9963,7.30394,46.9219
9964,7.30395,46.95799
9965,7.30396,46.99407
9966,7.30397,47.03015
9967,7.30398,46.86783
9968,7.30399,46.90391
9969,7.304,46.94
9970,7.30401,46.97608
9971,7.30402,47.01216
9972,7.30403,46.84984
9973,7.30404,46.88592
9974,7.30404,46.922
9975,7.30405,46.95809
9976,7.30406,46.99417
9977,7.30407,46.83185
9978,7.30408,46.86793
9979,7.30409,46.90401
9980,7.3041,46.9401
9981,7.30411,46.97618
9982,7.30412,46.81386
9983,7.30413,46.84994
9984,7.30414,46.88602
9985,7.30414,46.9221
9986,7.30415,46.95819
9987,7.30416,46.79587
9988,7.30417,46.83195
9989,7.30418,46.86803
9990,7.30419,46.90411
9991,7.3042,46.9402
9992,7.30421,46.77788
9993,7.30422,46.81396
9994,7.30423,46.85004
9995,7.30424,46.88612
9996,7.30424,46.9222
9997,7.30425,46.75989
9998,7.30426,46.79597
9999,7.30427,46.83205
10000,7.30428,46.86813
10001,7.30429,46.90421
10002,7.3043,46.7419
10003,7.30431,46.77798
10004,7.30432,46.81406
10005,7.30433,46.85014
10006,7.30434,46.72391
10007,7.30434,46.88622
10008,7.30435,46.75999
10009,7.30436,46.79607
10010,7.30437,46.83215
10011,7.30438,46.86823
10012,7.30439,46.70592
10013,7.3044,46.742
10014,7.30441,46.77808
10015,7.30442,46.81416
10016,7.30443,46.68793
10017,7.30443,46.85024
10018,7.30444,46.72401
10019,7.30445,46.76009
10020,7.30446,46.79617
10021,7.30447,46.83225
10022,7.30448,46.66993
10023,7.30449,46.70602
10024,7.3045,46.7421
10025,7.30451,46.77818
10026,7.30452,46.65194
10027,7.30452,46.81426
10028,7.30453,46.68803
10029,7.30454,46.72411
10030,7.30455,46.76019
10031,7.30456,46.79627
10032,7.30457,46.63395
10033,7.30458,46.67003
10034,7.30459,46.70612
10035,7.3046,46.7422
10036,7.30461,46.61596
10037,7.30461,46.77828
10038,7.30463,46.68813
10039,7.30464,46.72421
10040,7.30465,46.76029
10041,7.30468,46.67013
10042,7.30469,46.70622
10043,7.3047,46.57998
10044,7.3047,46.7423
10045,7.30471,46.61606
10046,7.30473,46.68823
10047,7.30474,46.72431
10048,7.30475,46.56199
10049,7.30478,46.67023
10050,7.30479,46.544
10051,7.30479,46.70632
10052,7.3048,46.58008
10053,7.30481,46.61616
10054,7.30483,46.68833
10055,7.30484,46.52601
10056,7.30485,46.56209
10057,7.30488,46.50802
10058,7.30488,46.67033
10059,7.30489,46.5441
10060,7.3049,46.58018
10061,7.30493,46.49002
10062,7.30494,46.52611
10063,7.30495,46.56219
10064,7.30497,46.47203
10065,7.30498,46.50812
10066,7.30499,46.5442
10067,7.305,46.58028
10068,7.30501,46.45404
10069,7.30503,46.49012
10070,7.30504,46.52621
10071,7.30505,46.56229
10072,7.30506,46.43605
10073,7.30507,46.47213
10074,7.30508,46.50822
10075,7.30509,46.5443
10076,7.3051,46.41806
10077,7.3051,46.58038
10078,7.30511,46.45414
10079,7.30513,46.49022
10080,7.30514,46.52631
10081,7.30515,46.40007
10082,7.30515,46.56239
10083,7.30516,46.43615
10084,7.30517,46.47223
10085,7.30518,46.50832
10086,7.30519,46.38208
10087,7.30519,46.5444
10088,7.3052,46.41816
10089,7.30521,46.45424
10090,7.30523,46.49032
10091,7.30524,46.36409
10092,7.30524,46.52641
10093,7.30525,46.40017
10094,7.30526,46.43625
10095,7.30527,46.47233
10096,7.30528,46.50842
10097,7.30529,46.38218
10098,7.3053,46.41826
10099,7.30531,46.45434
10100,7.30533,46.3281
10101,7.30533,46.49042
10102,7.30534,46.36419
10103,7.30535,46.40027
10104,7.30536,46.43635
10105,7.30537,46.31011
10106,7.30537,46.47243
10107,7.30539,46.38228
10108,7.3054,46.41836
10109,7.30541,46.45444
10110,7.30542,46.29212
10111,7.30543,46.3282
10112,7.30544,46.36429
10113,7.30545,46.40037
10114,7.30546,46.27413
10115,7.30546,46.43645
10116,7.30547,46.31021
10117,7.30549,46.38238
10118,7.3055,46.25614
10119,7.3055,46.41846
10120,7.30552,46.29222
10121,7.30553,46.3283
10122,7.30554,46.36439
10123,7.30555,46.23815
10124,7.30555,46.40047
10125,7.30556,46.27423
10126,7.30557,46.31031
10127,7.30559,46.22016
10128,7.30559,46.38248
10129,7.3056,46.25624
10130,7.30562,46.29232
10131,7.30563,46.3284
10132,7.30564,46.20216
10133,7.30564,46.36449
10134,7.30565,46.23825
10135,7.30566,46.27433
10136,7.30567,46.31041
10137,7.30568,46.18417
10138,7.30569,46.22026
10139,7.3057,46.25634
10140,7.30572,46.16618
10141,7.30572,46.29242
10142,7.30574,46.20226
10143,7.30575,46.23835
10144,7.30576,46.27443
10145,7.30577,46.14819
10146,7.30577,46.31051
10147,7.30578,46.18427
10148,7.30579,46.22036
10149,7.3058,46.25644
10150,7.30581,46.1302
10151,7.30582,46.16628
10152,7.30582,46.29252
10153,7.30584,46.20236
10154,7.30585,46.23845
10155,7.30586,46.11221
10156,7.30586,46.27453
10157,7.30587,46.14829
10158,7.30588,46.18437
10159,7.30589,46.22046
10160,7.3059,46.25654
10161,7.30591,46.1303
10162,7.30592,46.16638
10163,7.30594,46.20246
10164,7.30595,46.07623
10165,7.30595,46.23855
10166,7.30596,46.11231
10167,7.30597,46.14839
10168,7.30598,46.18447
10169,7.30599,46.22056
10170,7.30601,46.1304
10171,7.30602,46.16648
10172,7.30603,46.04025
10173,7.30604,46.20256
10174,7.30605,46.07633
10175,7.30606,46.11241
10176,7.30607,46.14849
10177,7.30608,46.02225
10178,7.30608,46.18457
10179,7.30611,46.1305
10180,7.30612,46.00426
10181,7.30612,46.16658
10182,7.30613,46.04035
10183,7.30617,46.14859
10184,7.30618,46.02235
10185,7.30621,46.1306
10186,7.30623,46.04045
10187,7.30628,46.02245
10188,7.30633,46.04055
10189,7.30638,46.02255
10190,7.30643,46.04065
10191,7.32903,47.44353
10192,7.32907,47.42554
10193,7.32911,47.40755
10194,7.32913,47.44363
10195,7.32914,47.38956
10196,7.32917,47.42564
10197,7.32918,47.37157
10198,7.32921,47.40765
10199,7.32922,47.35358
10200,7.32923,47.44373
10201,7.32924,47.38966
10202,7.32925,47.33559
10203,7.32927,47.42574
10204,7.32928,47.37167
10205,7.32929,47.31761
10206,7.32931,47.40775
10207,7.32932,47.35368
10208,7.32933,47.29962
10209,7.32933,47.44383
10210,7.32934,47.38976
10211,7.32935,47.33569
10212,7.32937,47.28163
10213,7.32937,47.42584
10214,7.32938,47.37177
10215,7.32939,47.31771
10216,7.3294,47.26364
10217,7.32941,47.40785
10218,7.32942,47.35378
10219,7.32943,47.29972
10220,7.32943,47.44393
10221,7.32944,47.24565
10222,7.32944,47.38986
10223,7.32945,47.33579
10224,7.32947,47.28173
10225,7.32947,47.42594
10226,7.32948,47.22766
10227,7.32948,47.37187
10228,7.32949,47.31781
10229,7.3295,47.26374
10230,7.32951,47.20967
10231,7.32951,47.40795
10232,7.32952,47.35388
10233,7.32953,47.29982
10234,7.32954,47.24575
10235,7.32954,47.38996
10236,7.32955,47.19168
10237,7.32955,47.33589
10238,7.32957,47.28183
10239,7.32958,47.22776
10240,7.32958,47.37197
10241,7.32959,47.17369
10242,7.32959,47.31791
10243,7.3296,47.26384
10244,7.32961,47.20977
10245,7.32962,47.1557
10246,7.32962,47.35398
10247,7.32963,47.29992
10248,7.32964,47.24585
10249,7.32965,47.19178
10250,7.32965,47.33599
10251,7.32966,47.13771
10252,7.32967,47.28193
10253,7.32968,47.22786
10254,7.32969,47.17379
10255,7.32969,47.31801
10256,7.3297,47.11972
10257,7.3297,47.26394
10258,7.32971,47.20987
10259,7.32972,47.1558
10260,7.32973,47.30002
10261,7.32974,47.10173
10262,7.32974,47.24595
10263,7.32975,47.19188
10264,7.32976,47.13781
10265,7.32977,47.08374
10266,7.32977,47.28203
10267,7.32978,47.22796
10268,7.32979,47.17389
10269,7.3298,47.11982
10270,7.3298,47.26404
10271,7.32981,47.06575
10272,7.32981,47.20997
10273,7.32982,47.1559
10274,7.32984,47.10183
10275,7.32984,47.24605
10276,7.32985,47.04776
10277,7.32985,47.19198
10278,7.32986,47.13791
10279,7.32987,47.08384
10280,7.32988,47.02977
10281,7.32988,47.22806
10282,7.32989,47.17399
10283,7.3299,47.11992
10284,7.32991,47.06585
10285,7.32991,47.21007
10286,7.32992,47.01178
10287,7.32992,47.156
10288,7.32994,47.10193
10289,7.32995,47.04786
10290,7.32995,47.19208
10291,7.32996,46.99379
10292,7.32996,47.13801
10293,7.32997,47.08394
10294,7.32998,47.02987
10295,7.32999,46.9758
10296,7.32999,47.17409
10297,7.33,47.12002
10298,7.33001,47.06595
10299,7.33002,47.01188
10300,7.33002,47.1561
10301,7.33003,46.95781
10302,7.33004,47.10203
10303,7.33005,47.04796
10304,7.33006,46.99389
10305,7.33006,47.13811
10306,7.33007,46.93982
10307,7.33007,47.08404
10308,7.33008,47.02997
10309,7.33009,46.9759
10310,7.3301,46.92183
10311,7.3301,47.12012
10312,7.33011,47.06605
10313,7.33012,47.01198
10314,7.33013,46.95791
10315,7.33014,46.90384
10316,7.33014,47.10213
10317,7.33015,47.04806
10318,7.33016,46.99399
10319,7.33017,46.93992
10320,7.33017,47.08414
10321,7.33018,46.88585
10322,7.33018,47.03007
10323,7.33019,46.976
10324,7.3302,46.92193
10325,7.33021,46.86786
10326,7.33021,47.06615
10327,7.33022,47.01208
10328,7.33023,46.95801
10329,7.33024,46.90394
10330,7.33025,46.84987
10331,7.33025,47.04816
10332,7.33026,46.99409
10333,7.33027,46.94002
10334,7.33028,46.88595
10335,7.33028,47.03017
10336,7.33029,46.83188
10337,7.33029,46.9761
10338,7.3303,46.92203
10339,7.33031,46.86796
10340,7.33032,46.81389
10341,7.33032,47.01218
10342,7.33033,46.95811
10343,7.33034,46.90404
10344,7.33035,46.84997
10345,7.33036,46.7959
10346,7.33036,46.99419
10347,7.33037,46.94012
10348,7.33038,46.88605
10349,7.33039,46.77791
10350,7.33039,46.83198
10351,7.33039,46.9762
10352,7.3304,46.92213
10353,7.33041,46.86806
10354,7.33042,46.81399
10355,7.33043,46.75992
10356,7.33043,46.95821
10357,7.33044,46.90414
10358,7.33045,46.85007
10359,7.33046,46.796
10360,7.33047,46.74193
10361,7.33047,46.94022
10362,7.33048,46.88615
10363,7.33049,46.77801
10364,7.33049,46.83208
10365,7.3305,46.72394
10366,7.3305,46.92223
10367,7.33051,46.86816
10368,7.33052,46.81409
10369,7.33053,46.76002
10370,7.33054,46.70594
10371,7.33054,46.90424
10372,7.33055,46.85017
10373,7.33056,46.7961
10374,7.33057,46.74203
10375,7.33058,46.68795
10376,7.33058,46.88625
10377,7.33059,46.77811
10378,7.33059,46.83218
10379,7.3306,46.72404
10380,7.33061,46.66996
10381,7.33061,46.86826
10382,7.33062,46.81419
10383,7.33063,46.76012
10384,7.33064,46.70604
10385,7.33065,46.65197
10386,7.33065,46.85027
10387,7.33066,46.7962
10388,7.33067,46.74213
10389,7.33068,46.68805
10390,7.33069,46.63398
10391,7.33069,46.77821
10392,7.33069,46.83228
10393,7.3307,46.72414
10394,7.33071,46.67006
10395,7.33072,46.61599
10396,7.33072,46.81429
10397,7.33073,46.76022
10398,7.33074,46.70614
10399,7.33075,46.65207
10400,7.33076,46.598
10401,7.33076,46.7963
10402,7.33077,46.74223
10403,7.33078,46.68815
10404,7.33079,46.58001
10405,7.33079,46.63408
10406,7.33079,46.77831
10407,7.3308,46.72424
10408,7.33081,46.67016
10409,7.33082,46.61609
10410,7.33083,46.56202
10411,7.33083,46.76032
10412,7.33084,46.70624
10413,7.33085,46.65217
10414,7.33086,46.5981
10415,7.33087,46.54403
10416,7.33087,46.74233
10417,7.33088,46.68825
10418,7.33089,46.58011
10419,7.33089,46.63418
10420,7.3309,46.52603
10421,7.3309,46.72434
10422,7.33091,46.67026
10423,7.33092,46.61619
10424,7.33093,46.56212
10425,7.33094,46.50804
10426,7.33094,46.70634
10427,7.33095,46.65227
10428,7.33096,46.5982
10429,7.33097,46.49005
10430,7.33097,46.54413
10431,7.33098,46.68835
10432,7.33099,46.58021
10433,7.33099,46.63428
10434,7.331,46.52613
10435,7.33101,46.47206
10436,7.33101,46.67036
10437,7.33102,46.61629
10438,7.33103,46.56222
10439,7.33104,46.50814
10440,7.33105,46.45407
10441,7.33105,46.65237
10442,7.33106,46.5983
10443,7.33107,46.49015
10444,7.33107,46.54423
10445,7.33108,46.43608
10446,7.33109,46.58031
10447,7.33109,46.63438
10448,7.3311,46.52623
10449,7.33111,46.47216
10450,7.33112,46.41809
10451,7.33112,46.61639
10452,7.33113,46.56232
10453,7.33114,46.50824
10454,7.33115,46.4001
10455,7.33115,46.45417
10456,7.33116,46.5984
10457,7.33117,46.49025
10458,7.33117,46.54433
10459,7.33118,46.43618
10460,7.33119,46.3821
10461,7.33119,46.58041
10462,7.3312,46.52633
10463,7.33121,46.47226
10464,7.33122,46.41819
10465,7.33123,46.36411
10466,7.33123,46.56242
10467,7.33124,46.50834
10468,7.33125,46.4002
10469,7.33125,46.45427
10470,7.33127,46.49035
10471,7.33127,46.54443
10472,7.33128,46.43628
10473,7.33129,46.3822
10474,7.3313,46.52643
10475,7.33131,46.47236
10476,7.33132,46.41829
10477,7.33133,46.31014
10478,7.33133,46.36421
10479,7.33134,46.50844
10480,7.33135,46.4003
10481,7.33135,46.45437
10482,7.33137,46.29215
10483,7.33137,46.49045
10484,7.33138,46.43638
10485,7.33139,46.3823
10486,7.3314,46.27416
10487,7.33141,46.47246
10488,7.33142,46.41839
10489,7.33143,46.31024
10490,7.33143,46.36431
10491,7.33144,46.25617
10492,7.33145,46.4004
10493,7.33145,46.45447
10494,7.33147,46.29225
10495,7.33148,46.23817
10496,7.33148,46.43648
10497,7.33149,46.3824
10498,7.3315,46.27426
10499,7.33151,46.22018
10500,7.33152,46.41849
10501,7.33153,46.31034
10502,7.33154,46.25627
10503,7.33155,46.20219
10504,7.33155,46.4005
10505,7.33157,46.29235
10506,7.33158,46.1842
10507,7.33158,46.23827
10508,7.33159,46.3825
10509,7.3316,46.27436
10510,7.33161,46.22028
10511,7.33162,46.16621
10512,7.33163,46.31044
10513,7.33164,46.25637
10514,7.33165,46.14822
10515,7.33165,46.20229
10516,7.33167,46.29245
10517,7.33168,46.1843
10518,7.33168,46.23837
10519,7.33169,46.13023
10520,7.3317,46.27446
10521,7.33171,46.22038
10522,7.33172,46.16631
10523,7.33173,46.31054
10524,7.33174,46.25647
10525,7.33175,46.14832
10526,7.33175,46.20239
10527,7.33176,46.09425
10528,7.33177,46.29255
10529,7.33178,46.1844
10530,7.33178,46.23847
10531,7.33179,46.13033
10532,7.3318,46.27456
10533,7.33181,46.22048
10534,7.33182,46.16641
10535,7.33184,46.25657
10536,7.33185,46.14842
10537,7.33185,46.20249
10538,7.33188,46.1845
10539,7.33188,46.23857
10540,7.3319,46.02228
10541,7.33191,46.22058
10542,7.33192,46.16651
10543,7.33195,46.14852
10544,7.33195,46.20259
10545,7.33198,46.1846
10546,7.332,46.02238
10547,7.33202,46.16661
10548,7.33205,46.14862
10549,7.3321,46.02248
10550,7.3322,46.02258
10551,7.3323,46.02268
10552,7.35557,47.42556
10553,7.3556,47.40757
10554,7.35563,47.38958
10555,7.35566,47.37159
10556,7.35567,47.42566
10557,7.35569,47.35361
10558,7.3557,47.40767
10559,7.35572,47.33562
10560,7.35573,47.38968
10561,7.35574,47.31763
10562,7.35576,47.37169
10563,7.35577,47.29964
10564,7.35577,47.42576
10565,7.35579,47.35371
10566,7.3558,47.28165
10567,7.3558,47.40777
10568,7.35582,47.33572
10569,7.35583,47.26366
10570,7.35583,47.38978
10571,7.35584,47.31773
10572,7.35586,47.24567
10573,7.35586,47.37179
10574,7.35587,47.29974
10575,7.35587,47.42586
10576,7.35589,47.22768
10577,7.35589,47.35381
10578,7.3559,47.28175
10579,7.3559,47.40787
10580,7.35591,47.20969
10581,7.35592,47.33582
10582,7.35593,47.26376
10583,7.35593,47.38988
10584,7.35594,47.1917
10585,7.35594,47.31783
10586,7.35596,47.24577
10587,7.35596,47.37189
10588,7.35597,47.17371
10589,7.35597,47.29984
10590,7.35597,47.42596
10591,7.35599,47.22778
10592,7.35599,47.35391
10593,7.356,47.15573
10594,7.356,47.28185
10595,7.356,47.40797
10596,7.35601,47.20979
10597,7.35602,47.33592
10598,7.35603,47.13774
10599,7.35603,47.26386
10600,7.35603,47.38998
10601,7.35604,47.1918
10602,7.35604,47.31793
10603,7.35605,47.11975
10604,7.35606,47.24587
10605,7.35606,47.37199
10606,7.35607,47.17381
10607,7.35607,47.29994
10608,7.35608,47.10176
10609,7.35609,47.22788
10610,7.35609,47.35401
10611,7.3561,47.15583
10612,7.3561,47.28195
10613,7.35611,47.08377
10614,7.35612,47.33602
10615,7.35613,47.13784
10616,7.35613,47.26396
10617,7.35614,47.06578
10618,7.35614,47.1919
10619,7.35614,47.31803
10620,7.35615,47.11985
10621,7.35616,47.24597
10622,7.35617,47.04779
10623,7.35617,47.17391
10624,7.35617,47.30004
10625,7.35618,47.10186
10626,7.35619,47.0298
10627,7.35619,47.22798
10628,7.3562,47.15593
10629,7.3562,47.28205
10630,7.35621,47.08387
10631,7.35622,47.01181
10632,7.35623,47.13794
10633,7.35623,47.26406
10634,7.35624,47.06588
10635,7.35624,47.192
10636,7.35625,46.99382
10637,7.35625,47.11995
10638,7.35626,47.24607
10639,7.35627,47.04789
10640,7.35627,47.17401
10641,7.35628,46.97583
10642,7.35628,47.10196
10643,7.35629,47.0299
10644,7.35629,47.22808
10645,7.3563,47.15603
10646,7.35631,46.95784
10647,7.35631,47.08397
10648,7.35632,47.01191
10649,7.35633,46.93985
10650,7.35633,47.13804
10651,7.35634,47.06598
10652,7.35634,47.1921
10653,7.35635,46.99392
10654,7.35635,47.12005
10655,7.35636,46.92186
10656,7.35637,47.04799
10657,7.35637,47.17411
10658,7.35638,46.97593
10659,7.35638,47.10206
10660,7.35639,46.90386
10661,7.35639,47.03
10662,7.3564,47.15613
10663,7.35641,46.95794
10664,7.35641,47.08407
10665,7.35642,46.88587
10666,7.35642,47.01201
10667,7.35643,46.93995
10668,7.35643,47.13814
10669,7.35644,46.86788
10670,7.35644,47.06608
10671,7.35645,46.99402
10672,7.35645,47.12015
10673,7.35646,46.92196
10674,7.35647,46.84989
10675,7.35647,47.04809
10676,7.35648,46.97603
10677,7.35648,47.10216
10678,7.35649,46.90396
10679,7.35649,47.0301
10680,7.3565,46.8319
10681,7.35651,46.95804
10682,7.35651,47.08417
10683,7.35652,46.88597
10684,7.35652,47.01211
10685,7.35653,46.81391
10686,7.35653,46.94005
10687,7.35654,46.86798
10688,7.35654,47.06618
10689,7.35655,46.79592
10690,7.35655,46.99412
10691,7.35656,46.92206
10692,7.35657,46.84999
10693,7.35657,47.04819
10694,7.35658,46.77793
10695,7.35658,46.97613
10696,7.35659,46.90406
10697,7.35659,47.0302
10698,7.3566,46.832
10699,7.35661,46.75994
10700,7.35661,46.95814
10701,7.35662,46.88607
10702,7.35662,47.01221
10703,7.35663,46.81401
10704,7.35663,46.94015
10705,7.35664,46.74195
10706,7.35664,46.86808
10707,7.35665,46.79602
10708,7.35665,46.99422
10709,7.35666,46.92216
10710,7.35667,46.72396
10711,7.35667,46.85009
10712,7.35668,46.77803
10713,7.35668,46.97623
10714,7.35669,46.70597
10715,7.35669,46.90416
10716,7.3567,46.8321
10717,7.35671,46.76004
10718,7.35671,46.95824
10719,7.35672,46.68798
10720,7.35672,46.88617
10721,7.35673,46.81411
10722,7.35673,46.94025
10723,7.35674,46.74205
10724,7.35674,46.86818
10725,7.35675,46.66998
10726,7.35675,46.79612
10727,7.35676,46.92226
10728,7.35677,46.72406
10729,7.35677,46.85019
10730,7.35678,46.65199
10731,7.35678,46.77813
10732,7.35679,46.70607
10733,7.35679,46.90426
10734,7.3568,46.634
10735,7.3568,46.8322
10736,7.35681,46.76014
10737,7.35682,46.68808
10738,7.35682,46.88627
10739,7.35683,46.61601
10740,7.35683,46.81421
10741,7.35684,46.74215
10742,7.35684,46.86828
10743,7.35685,46.67008
10744,7.35685,46.79622
10745,7.35686,46.59802
10746,7.35687,46.72416
10747,7.35687,46.85029
10748,7.35688,46.65209
10749,7.35688,46.77823
10750,7.35689,46.58003
10751,7.35689,46.70617
10752,7.3569,46.6341
10753,7.3569,46.8323
10754,7.35691,46.56204
10755,7.35691,46.76024
10756,7.35692,46.68818
10757,7.35693,46.61611
10758,7.35693,46.81431
10759,7.35694,46.54405
10760,7.35694,46.74225
10761,7.35695,46.67018
10762,7.35695,46.79632
10763,7.35696,46.59812
10764,7.35697,46.52606
10765,7.35697,46.72426
10766,7.35698,46.65219
10767,7.35698,46.77833
10768,7.35699,46.58013
10769,7.35699,46.70627
10770,7.357,46.50806
10771,7.357,46.6342
10772,7.35701,46.56214
10773,7.35701,46.76034
10774,7.35702,46.49007
10775,7.35702,46.68828
10776,7.35703,46.61621
10777,7.35704,46.54415
10778,7.35704,46.74235
10779,7.35705,46.47208
10780,7.35705,46.67028
10781,7.35706,46.59822
10782,7.35707,46.52616
10783,7.35707,46.72436
10784,7.35708,46.45409
10785,7.35708,46.65229
10786,7.35709,46.58023
10787,7.35709,46.70637
10788,7.3571,46.4361
10789,7.3571,46.50816
10790,7.3571,46.6343
10791,7.35711,46.56224
10792,7.35712,46.49017
10793,7.35712,46.68838
10794,7.35713,46.41811
10795,7.35713,46.61631
10796,7.35714,46.54425
10797,7.35715,46.47218
10798,7.35715,46.67038
10799,7.35716,46.40012
10800,7.35716,46.59832
10801,7.35717,46.52626
10802,7.35718,46.45419
10803,7.35718,46.65239
10804,7.35719,46.38213
10805,7.35719,46.58033
10806,7.3572,46.4362
10807,7.3572,46.50826
10808,7.3572,46.6344
10809,7.35721,46.56234
10810,7.35722,46.49027
10811,7.35723,46.41821
10812,7.35723,46.61641
10813,7.35724,46.54435
10814,7.35725,46.47228
10815,7.35726,46.40022
10816,7.35726,46.59842
10817,7.35727,46.52636
10818,7.35729,46.38223
10819,7.35729,46.58043
10820,7.3573,46.4363
10821,7.3573,46.50836
10822,7.35731,46.56244
10823,7.35732,46.49037
10824,7.35733,46.41831
10825,7.35734,46.54445
10826,7.35735,46.27418
10827,7.35735,46.47238
10828,7.35736,46.40032
10829,7.35737,46.52646
10830,7.35738,46.25619
10831,7.35739,46.38233
10832,7.3574,46.2382
10833,7.3574,46.4364
10834,7.3574,46.50846
10835,7.35742,46.49047
10836,7.35743,46.22021
10837,7.35743,46.41841
10838,7.35745,46.27428
10839,7.35745,46.47248
10840,7.35746,46.20221
10841,7.35746,46.40042
10842,7.35748,46.25629
10843,7.35749,46.18422
10844,7.35749,46.38243
10845,7.3575,46.2383
10846,7.3575,46.4365
10847,7.35751,46.16623
10848,7.35753,46.22031
10849,7.35753,46.41851
10850,7.35755,46.27438
10851,7.35756,46.20231
10852,7.35756,46.40052
10853,7.35758,46.25639
10854,7.35759,46.18432
10855,7.35759,46.38253
10856,7.3576,46.2384
10857,7.35763,46.22041
10858,7.35765,46.27448
10859,7.35766,46.20241
10860,7.35768,46.25649
10861,7.35769,46.18442
10862,7.3577,46.2385
10863,7.35773,46.22051
10864,7.35775,46.27458
10865,7.35776,46.20251
10866,7.35778,46.25659
10867,7.35779,46.18452
10868,7.3578,46.2386
10869,7.35783,46.22061
10870,7.35786,46.20261
10871,7.35789,46.18462
10872,7.38208,47.42558
10873,7.3821,47.40759
10874,7.38212,47.3896
10875,7.38214,47.37161
10876,7.38216,47.35362
10877,7.38218,47.33563
10878,7.38218,47.42568
10879,7.3822,47.31764
10880,7.3822,47.40769
10881,7.38222,47.29966
10882,7.38222,47.3897
10883,7.38224,47.28167
10884,7.38224,47.37171
10885,7.38226,47.26368
10886,7.38226,47.35372
10887,7.38227,47.24569
10888,7.38228,47.33573
10889,7.38228,47.42578
10890,7.38229,47.2277
10891,7.3823,47.31774
10892,7.3823,47.40779
10893,7.38231,47.20971
10894,7.38232,47.29976
10895,7.38232,47.3898
10896,7.38233,47.19172
10897,7.38234,47.28177
10898,7.38234,47.37181
10899,7.38235,47.17373
10900,7.38236,47.26378
10901,7.38236,47.35382
10902,7.38237,47.15574
10903,7.38237,47.24579
10904,7.38238,47.33583
10905,7.38238,47.42588
10906,7.38239,47.13775
10907,7.38239,47.2278
10908,7.3824,47.31784
10909,7.3824,47.40789
10910,7.38241,47.11976
10911,7.38241,47.20981
10912,7.38242,47.29986
10913,7.38242,47.3899
10914,7.38243,47.10177
10915,7.38243,47.19182
10916,7.38244,47.28187
10917,7.38244,47.37191
10918,7.38245,47.08378
10919,7.38245,47.17383
10920,7.38246,47.26388
10921,7.38246,47.35392
10922,7.38247,47.06579
10923,7.38247,47.15584
10924,7.38247,47.24589
10925,7.38248,47.33593
10926,7.38248,47.42598
10927,7.38249,47.0478
10928,7.38249,47.13785
10929,7.38249,47.2279
10930,7.3825,47.02981
10931,7.3825,47.31794
10932,7.3825,47.40799
10933,7.38251,47.11986
10934,7.38251,47.20991
10935,7.38252,47.01182
10936,7.38252,47.29996
10937,7.38252,47.39
10938,7.38253,47.10187
10939,7.38253,47.19192
10940,7.38254,46.99383
10941,7.38254,47.28197
10942,7.38254,47.37201
10943,7.38255,47.08388
10944,7.38255,47.17393
10945,7.38256,46.97584
10946,7.38256,47.26398
10947,7.38256,47.35402
10948,7.38257,47.06589
10949,7.38257,47.15594
10950,7.38257,47.24599
10951,7.38258,46.95785
10952,7.38258,47.33603
10953,7.38259,47.0479
10954,7.38259,47.13795
10955,7.38259,47.228
10956,7.3826,46.93986
10957,7.3826,47.02991
10958,7.3826,47.31804
10959,7.38261,47.11996
10960,7.38261,47.21001
10961,7.38262,46.92187
10962,7.38262,47.01192
10963,7.38262,47.30006
10964,7.38263,47.10197
10965,7.38263,47.19202
10966,7.38264,46.90388
10967,7.38264,46.99393
10968,7.38264,47.28207
10969,7.38265,47.08398
10970,7.38265,47.17403
10971,7.38266,46.88589
10972,7.38266,46.97594
10973,7.38266,47.26408
10974,7.38267,47.06599
10975,7.38267,47.15604
10976,7.38267,47.24609
10977,7.38268,46.8679
10978,7.38268,46.95795
10979,7.38269,46.84991
10980,7.38269,47.048
10981,7.38269,47.13805
10982,7.38269,47.2281
10983,7.3827,46.93996
10984,7.3827,47.03001
10985,7.38271,46.83192
10986,7.38271,47.12006
10987,7.38271,47.21011
10988,7.38272,46.92197
10989,7.38272,47.01202
10990,7.38273,46.81393
10991,7.38273,47.10207
10992,7.38273,47.19212
10993,7.38274,46.90398
10994,7.38274,46.99403
10995,7.38275,46.79594
10996,7.38275,47.08408
10997,7.38275,47.17413
10998,7.38276,46.88599
10999,7.38276,46.97604
11000,7.38277,46.77795
11001,7.38277,47.06609
11002,7.38277,47.15614
11003,7.38278,46.868
11004,7.38278,46.95805
11005,7.38279,46.75996
11006,7.38279,46.85001
11007,7.38279,47.0481
11008,7.38279,47.13815
11009,7.3828,46.94006
11010,7.3828,47.03011
11011,7.38281,46.74196
11012,7.38281,46.83202
11013,7.38281,47.12016
11014,7.38282,46.92207
11015,7.38282,47.01212
11016,7.38283,46.72397
11017,7.38283,46.81403
11018,7.38283,47.10217
11019,7.38284,46.90408
11020,7.38284,46.99413
11021,7.38285,46.70598
11022,7.38285,46.79604
11023,7.38285,47.08418
11024,7.38286,46.68799
11025,7.38286,46.88609
11026,7.38286,46.97614
11027,7.38287,46.77805
11028,7.38287,47.06619
11029,7.38288,46.67
11030,7.38288,46.8681
11031,7.38288,46.95815
11032,7.38289,46.76006
11033,7.38289,46.85011
11034,7.38289,47.0482
11035,7.3829,46.65201
11036,7.3829,46.94016
11037,7.3829,47.03021
11038,7.38291,46.74206
11039,7.38291,46.83212
11040,7.38292,46.63402
11041,7.38292,46.92217
11042,7.38292,47.01222
11043,7.38293,46.72407
11044,7.38293,46.81413
11045,7.38294,46.61603
11046,7.38294,46.90418
11047,7.38294,46.99423
11048,7.38295,46.70608
11049,7.38295,46.79614
11050,7.38296,46.59804
11051,7.38296,46.68809
11052,7.38296,46.88619
11053,7.38296,46.97624
11054,7.38297,46.77815
11055,7.38298,46.58005
11056,7.38298,46.6701
11057,7.38298,46.8682
11058,7.38298,46.95825
11059,7.38299,46.76016
11060,7.38299,46.85021
11061,7.383,46.56205
11062,7.383,46.65211
11063,7.383,46.94026
11064,7.38301,46.74216
11065,7.38301,46.83222
11066,7.38302,46.54406
11067,7.38302,46.63412
11068,7.38302,46.92227
11069,7.38303,46.52607
11070,7.38303,46.72417
11071,7.38303,46.81423
11072,7.38304,46.61613
11073,7.38304,46.90428
11074,7.38305,46.50808
11075,7.38305,46.70618
11076,7.38305,46.79624
11077,7.38306,46.59814
11078,7.38306,46.68819
11079,7.38306,46.88629
11080,7.38307,46.49009
11081,7.38307,46.77825
11082,7.38308,46.58015
11083,7.38308,46.6702
11084,7.38308,46.8683
11085,7.38309,46.4721
11086,7.38309,46.76026
11087,7.38309,46.85031
11088,7.3831,46.56215
11089,7.3831,46.65221
11090,7.38311,46.45411
11091,7.38311,46.74226
11092,7.38311,46.83232
11093,7.38312,46.54416
11094,7.38312,46.63422
11095,7.38313,46.43612
11096,7.38313,46.52617
11097,7.38313,46.72427
11098,7.38313,46.81433
11099,7.38314,46.61623
11100,7.38315,46.41812
11101,7.38315,46.50818
11102,7.38315,46.70628
11103,7.38315,46.79634
11104,7.38316,46.40013
11105,7.38316,46.59824
11106,7.38316,46.68829
11107,7.38317,46.49019
11108,7.38317,46.77835
11109,7.38318,46.38214
11110,7.38318,46.58025
11111,7.38318,46.6703
11112,7.38319,46.4722
11113,7.38319,46.76036
11114,7.3832,46.56225
11115,7.3832,46.65231
11116,7.38321,46.45421
11117,7.38321,46.74236
11118,7.38322,46.54426
11119,7.38322,46.63432
11120,7.38323,46.43622
11121,7.38323,46.52627
11122,7.38323,46.72437
11123,7.38324,46.61633
11124,7.38325,46.41822
11125,7.38325,46.50828
11126,7.38325,46.70638
11127,7.38326,46.40023
11128,7.38326,46.59834
11129,7.38326,46.68839
11130,7.38327,46.49029
11131,7.38328,46.29219
11132,7.38328,46.58035
11133,7.38328,46.6704
11134,7.38329,46.27419
11135,7.38329,46.4723
11136,7.3833,46.56235
11137,7.3833,46.65241
11138,7.38331,46.2562
11139,7.38332,46.54436
11140,7.38332,46.63442
11141,7.38333,46.23821
11142,7.38333,46.43632
11143,7.38333,46.52637
11144,7.38334,46.61643
11145,7.38335,46.22022
11146,7.38335,46.41832
11147,7.38335,46.50838
11148,7.38336,46.40033
11149,7.38336,46.59844
11150,7.38337,46.20223
11151,7.38337,46.49039
11152,7.38338,46.29229
11153,7.38338,46.58045
11154,7.38339,46.18424
11155,7.38339,46.27429
11156,7.38339,46.4724
11157,7.3834,46.56245
11158,7.38341,46.16625
11159,7.38341,46.2563
11160,7.38342,46.14826
11161,7.38342,46.54446
11162,7.38343,46.23831
11163,7.38343,46.43642
11164,7.38343,46.52647
11165,7.38344,46.13027
11166,7.38345,46.22032
11167,7.38345,46.41842
11168,7.38345,46.50848
11169,7.38346,46.11227
11170,7.38346,46.40043
11171,7.38347,46.20233
11172,7.38347,46.49049
11173,7.38348,46.29239
11174,7.38349,46.18434
11175,7.38349,46.27439
11176,7.38349,46.4725
11177,7.38351,46.16635
11178,7.38351,46.2564
11179,7.38352,46.14836
11180,7.38353,46.23841
11181,7.38353,46.43652
11182,7.38354,46.13037
11183,7.38355,46.22042
11184,7.38355,46.41852
11185,7.38356,46.11237
11186,7.38357,46.20243
11187,7.38358,46.29249
11188,7.38359,46.18444
11189,7.38359,46.27449
11190,7.38361,46.16645
11191,7.38361,46.2565
11192,7.38362,46.14846
11193,7.38363,46.23851
11194,7.38364,46.13047
11195,7.38365,46.22052
11196,7.38366,46.11247
11197,7.38367,46.20253
11198,7.38368,46.29259
11199,7.38369,46.18454
11200,7.38369,46.27459
11201,7.38371,46.16655
11202,7.38371,46.2566
11203,7.38372,46.14856
11204,7.38373,46.23861
11205,7.38374,46.13057
11206,7.38375,46.22062
11207,7.38376,46.11257
11208,7.38377,46.20263
11209,7.38379,46.18464
11210,7.38381,46.16665
11211,7.38382,46.14866
11212,7.38384,46.13067
11213,7.38386,46.11267
11214,7.40858,47.44357
11215,7.40859,47.42559
11216,7.4086,47.4076
11217,7.40861,47.38961
11218,7.40862,47.37162
11219,7.40863,47.35363
11220,7.40864,47.33564
11221,7.40865,47.31765
11222,7.40866,47.29967
11223,7.40867,47.28168
11224,7.40868,47.26369
11225,7.40869,47.2457
11226,7.40869,47.42569
11227,7.4087,47.22771
11228,7.4087,47.4077
11229,7.40871,47.20972
11230,7.40871,47.38971
11231,7.40872,47.19173
11232,7.40872,47.37172
11233,7.40873,47.17374
11234,7.40873,47.35373
11235,7.40874,47.15575
11236,7.40874,47.33574
11237,7.40875,47.13776
11238,7.40875,47.31775
11239,7.40876,47.11977
11240,7.40876,47.29977
11241,7.40877,47.10178
11242,7.40877,47.28178
11243,7.40878,47.08379
11244,7.40878,47.26379
11245,7.40879,47.0658
11246,7.40879,47.2458
11247,7.40879,47.42579
11248,7.4088,47.22781
11249,7.4088,47.4078
11250,7.40881,47.04781
11251,7.40881,47.20982
11252,7.40881,47.38981
11253,7.40882,47.02982
11254,7.40882,47.19183
11255,7.40882,47.37182
11256,7.40883,47.01183
11257,7.40883,47.17384
11258,7.40883,47.35383
11259,7.40884,46.99384
11260,7.40884,47.15585
11261,7.40884,47.33584
11262,7.40885,46.97585
11263,7.40885,47.13786
11264,7.40885,47.31785
11265,7.40886,46.95786
11266,7.40886,47.11987
11267,7.40886,47.29987
11268,7.40887,46.93987
11269,7.40887,47.10188
11270,7.40887,47.28188
11271,7.40888,46.92188
11272,7.40888,47.08389
11273,7.40888,47.26389
11274,7.40889,46.90389
11275,7.40889,47.0659
11276,7.40889,47.2459
11277,7.40889,47.42589
11278,7.4089,46.8859
11279,7.4089,47.22791
11280,7.4089,47.4079
11281,7.40891,46.86791
11282,7.40891,47.04791
11283,7.40891,47.20992
11284,7.40891,47.38991
11285,7.40892,46.84992
11286,7.40892,47.02992
11287,7.40892,47.19193
11288,7.40892,47.37192
11289,7.40893,46.83193
11290,7.40893,47.01193
11291,7.40893,47.17394
11292,7.40893,47.35393
11293,7.40894,46.81394
11294,7.40894,46.99394
11295,7.40894,47.15595
11296,7.40894,47.33594
11297,7.40895,46.79595
11298,7.40895,46.97595
11299,7.40895,47.13796
11300,7.40895,47.31795
11301,7.40896,46.77796
11302,7.40896,46.95796
11303,7.40896,47.11997
11304,7.40896,47.29997
11305,7.40897,46.75997
11306,7.40897,46.93997
11307,7.40897,47.10198
11308,7.40897,47.28198
11309,7.40898,46.74197
11310,7.40898,46.92198
11311,7.40898,47.08399
11312,7.40898,47.26399
11313,7.40899,46.72398
11314,7.40899,46.90399
11315,7.40899,47.066
11316,7.40899,47.246
11317,7.40899,47.42599
11318,7.409,46.70599
11319,7.409,46.886
11320,7.409,47.22801
11321,7.409,47.408
11322,7.40901,46.688
11323,7.40901,46.86801
11324,7.40901,47.04801
11325,7.40901,47.21002
11326,7.40901,47.39001
11327,7.40902,46.67001
11328,7.40902,46.85002
11329,7.40902,47.03002
11330,7.40902,47.19203
11331,7.40902,47.37202
11332,7.40903,46.65202
11333,7.40903,46.83203
11334,7.40903,47.01203
11335,7.40903,47.17404
11336,7.40903,47.35403
11337,7.40904,46.63403
11338,7.40904,46.81404
11339,7.40904,46.99404
11340,7.40904,47.15605
11341,7.40904,47.33604
11342,7.40905,46.61604
11343,7.40905,46.79605
11344,7.40905,46.97605
11345,7.40905,47.13806
11346,7.40905,47.31805
11347,7.40906,46.59805
11348,7.40906,46.77806
11349,7.40906,46.95806
11350,7.40906,47.12007
11351,7.40906,47.30007
11352,7.40907,46.58006
11353,7.40907,46.76007
11354,7.40907,46.94007
11355,7.40907,47.10208
11356,7.40907,47.28208
11357,7.40908,46.56206
11358,7.40908,46.74207
11359,7.40908,46.92208
11360,7.40908,47.08409
11361,7.40908,47.26409
11362,7.40909,46.54407
11363,7.40909,46.72408
11364,7.40909,46.90409
11365,7.40909,47.0661
11366,7.40909,47.2461
11367,7.4091,46.52608
11368,7.4091,46.70609
11369,7.4091,46.8861
11370,7.4091,47.22811
11371,7.40911,46.50809
11372,7.40911,46.6881
11373,7.40911,46.86811
11374,7.40911,47.04811
11375,7.40911,47.21012
11376,7.40912,46.4901
11377,7.40912,46.67011
11378,7.40912,46.85012
11379,7.40912,47.03012
11380,7.40912,47.19213
11381,7.40913,46.47211
11382,7.40913,46.65212
11383,7.40913,46.83213
11384,7.40913,47.01213
11385,7.40913,47.17414
11386,7.40914,46.45412
11387,7.40914,46.63413
11388,7.40914,46.81414
11389,7.40914,46.99414
11390,7.40914,47.15615
11391,7.40915,46.43613
11392,7.40915,46.61614
11393,7.40915,46.79615
11394,7.40915,46.97615
11395,7.40915,47.13816
11396,7.40916,46.41813
11397,7.40916,46.59815
11398,7.40916,46.77816
11399,7.40916,46.95816
11400,7.40916,47.12017
11401,7.40917,46.40014
11402,7.40917,46.58016
11403,7.40917,46.76017
11404,7.40917,46.94017
11405,7.40917,47.10218
11406,7.40918,46.38215
11407,7.40918,46.56216
11408,7.40918,46.74217
11409,7.40918,46.92218
11410,7.40918,47.08419
11411,7.40919,46.54417
11412,7.40919,46.72418
11413,7.40919,46.90419
11414,7.40919,47.0662
11415,7.4092,46.52618
11416,7.4092,46.70619
11417,7.4092,46.8862
11418,7.40921,46.50819
11419,7.40921,46.6882
11420,7.40921,46.86821
11421,7.40921,47.04821
11422,7.40922,46.31019
11423,7.40922,46.4902
11424,7.40922,46.67021
11425,7.40922,46.85022
11426,7.40922,47.03022
11427,7.40923,46.2922
11428,7.40923,46.47221
11429,7.40923,46.65222
11430,7.40923,46.83223
11431,7.40923,47.01223
11432,7.40924,46.2742
11433,7.40924,46.45422
11434,7.40924,46.63423
11435,7.40924,46.81424
11436,7.40924,46.99424
11437,7.40925,46.25621
11438,7.40925,46.43623
11439,7.40925,46.61624
11440,7.40925,46.79625
11441,7.40925,46.97625
11442,7.40926,46.23822
11443,7.40926,46.41823
11444,7.40926,46.59825
11445,7.40926,46.77826
11446,7.40926,46.95826
11447,7.40927,46.22023
11448,7.40927,46.40024
11449,7.40927,46.58026
11450,7.40927,46.76027
11451,7.40927,46.94027
11452,7.40928,46.20224
11453,7.40928,46.38225
11454,7.40928,46.56226
11455,7.40928,46.74227
11456,7.40928,46.92228
11457,7.40929,46.18425
11458,7.40929,46.54427
11459,7.40929,46.72428
11460,7.40929,46.90429
11461,7.4093,46.16626
11462,7.4093,46.52628
11463,7.4093,46.70629
11464,7.4093,46.8863
11465,7.40931,46.14827
11466,7.40931,46.50829
11467,7.40931,46.6883
11468,7.40931,46.86831
11469,7.40932,46.13028
11470,7.40932,46.31029
11471,7.40932,46.4903
11472,7.40932,46.67031
11473,7.40932,46.85032
11474,7.40933,46.11228
11475,7.40933,46.2923
11476,7.40933,46.47231
11477,7.40933,46.65232
11478,7.40933,46.83233
11479,7.40934,46.09429
11480,7.40934,46.2743
11481,7.40934,46.45432
11482,7.40934,46.63433
11483,7.40934,46.81434
11484,7.40935,46.25631
11485,7.40935,46.43633
11486,7.40935,46.61634
11487,7.40935,46.79635
11488,7.40936,46.23832
11489,7.40936,46.41833
11490,7.40936,46.59835
11491,7.40936,46.77836
11492,7.40937,46.22033
11493,7.40937,46.40034
11494,7.40937,46.58036
11495,7.40937,46.76037
11496,7.40938,46.20234
11497,7.40938,46.56236
11498,7.40938,46.74237
11499,7.40939,46.18435
11500,7.40939,46.54437
11501,7.40939,46.72438
11502,7.4094,46.16636
11503,7.4094,46.52638
11504,7.4094,46.70639
11505,7.40941,46.14837
11506,7.40941,46.50839
11507,7.40941,46.6884
11508,7.40942,46.13038
11509,7.40942,46.31039
11510,7.40942,46.4904
11511,7.40942,46.67041
11512,7.40943,46.11238
11513,7.40943,46.2924
11514,7.40943,46.47241
11515,7.40943,46.65242
11516,7.40944,46.09439
11517,7.40944,46.2744
11518,7.40944,46.45442
11519,7.40944,46.63443
11520,7.40945,46.25641
11521,7.40945,46.43643
11522,7.40945,46.61644
11523,7.40946,46.23842
11524,7.40946,46.41843
11525,7.40946,46.59845
11526,7.40947,46.22043
11527,7.40947,46.40044
11528,7.40947,46.58046
11529,7.40948,46.20244
11530,7.40948,46.56246
11531,7.40949,46.18445
11532,7.40949,46.54447
11533,7.4095,46.16646
11534,7.40951,46.14847
11535,7.40951,46.50849
11536,7.40952,46.13048
11537,7.40952,46.31049
11538,7.40952,46.4905
11539,7.40953,46.11248
11540,7.40953,46.2925
11541,7.40953,46.47251
11542,7.40954,46.09449
11543,7.40954,46.2745
11544,7.40954,46.45452
11545,7.40955,46.25651
11546,7.40955,46.43653
11547,7.40956,46.23852
11548,7.40956,46.41853
11549,7.40957,46.22053
11550,7.40958,46.20254
11551,7.40959,46.18455
11552,7.4096,46.16656
11553,7.40961,46.14857
11554,7.40962,46.13058
11555,7.40962,46.31059
11556,7.40963,46.11258
11557,7.40963,46.2926
11558,7.40964,46.09459
11559,7.40964,46.2746
11560,7.40965,46.25661
11561,7.40966,46.23862
11562,7.40967,46.22063
11563,7.40968,46.20264
11564,7.40969,46.18465
11565,7.4097,46.16666
11566,7.40971,46.14867
11567,7.40972,46.13068
11568,7.40973,46.11268
11569,7.40974,46.09469
11570,7.43509,47.42559
11571,7.43509,47.44358
11572,7.43509,47.46157
11573,7.43509,47.47955
11574,7.43509,47.49754
11575,7.4351,47.29967
11576,7.4351,47.31766
11577,7.4351,47.33565
11578,7.4351,47.35364
11579,7.4351,47.37162
11580,7.4351,47.38961
11581,7.4351,47.4076
11582,7.43511,47.17375
11583,7.43511,47.19173
11584,7.43511,47.20972
11585,7.43511,47.22771
11586,7.43511,47.2457
11587,7.43511,47.26369
11588,7.43511,47.28168
11589,7.43512,47.04782
11590,7.43512,47.06581
11591,7.43512,47.0838
11592,7.43512,47.10179
11593,7.43512,47.11978
11594,7.43512,47.13777
11595,7.43512,47.15576
11596,7.43513,46.92189
11597,7.43513,46.93988
11598,7.43513,46.95787
11599,7.43513,46.97586
11600,7.43513,46.99385
11601,7.43513,47.01184
11602,7.43513,47.02983
11603,7.43514,46.79595
11604,7.43514,46.81394
11605,7.43514,46.83193
11606,7.43514,46.84992
11607,7.43514,46.86791
11608,7.43514,46.8859
11609,7.43514,46.90389
11610,7.43515,46.67001
11611,7.43515,46.68801
11612,7.43515,46.706
11613,7.43515,46.72399
11614,7.43515,46.74198
11615,7.43515,46.75997
11616,7.43515,46.77796
11617,7.43516,46.54408
11618,7.43516,46.56207
11619,7.43516,46.58006
11620,7.43516,46.59805
11621,7.43516,46.61604
11622,7.43516,46.63403
11623,7.43516,46.65202
11624,7.43517,46.41814
11625,7.43517,46.43613
11626,7.43517,46.45412
11627,7.43517,46.47211
11628,7.43517,46.4901
11629,7.43517,46.50809
11630,7.43517,46.52609
11631,7.43518,46.2922
11632,7.43518,46.31019
11633,7.43518,46.32818
11634,7.43518,46.34617
11635,7.43518,46.40015
11636,7.43519,46.16626
11637,7.43519,46.18425
11638,7.43519,46.20224
11639,7.43519,46.22023
11640,7.43519,46.23823
11641,7.43519,46.25622
11642,7.43519,46.27421
11643,7.43519,47.42569
11644,7.43519,47.44368
11645,7.43519,47.46167
11646,7.43519,47.47965
11647,7.43519,47.49764
11648,7.4352,46.13028
11649,7.4352,46.14827
11650,7.4352,47.29977
11651,7.4352,47.31776
11652,7.4352,47.33575
11653,7.4352,47.35374
11654,7.4352,47.37172
11655,7.4352,47.38971
11656,7.4352,47.4077
11657,7.43521,47.17385
11658,7.43521,47.19183
11659,7.43521,47.20982
11660,7.43521,47.22781
11661,7.43521,47.2458
11662,7.43521,47.26379
11663,7.43521,47.28178
11664,7.43522,47.04792
11665,7.43522,47.06591
11666,7.43522,47.0839
11667,7.43522,47.10189
11668,7.43522,47.11988
11669,7.43522,47.13787
11670,7.43522,47.15586
11671,7.43523,46.92199
11672,7.43523,46.93998
11673,7.43523,46.95797
11674,7.43523,46.97596
11675,7.43523,46.99395
11676,7.43523,47.01194
11677,7.43523,47.02993
11678,7.43524,46.79605
11679,7.43524,46.81404
11680,7.43524,46.83203
11681,7.43524,46.85002
11682,7.43524,46.86801
11683,7.43524,46.886
11684,7.43524,46.90399
11685,7.43525,46.67011
11686,7.43525,46.68811
11687,7.43525,46.7061
11688,7.43525,46.72409
11689,7.43525,46.74208
11690,7.43525,46.76007
11691,7.43525,46.77806
11692,7.43526,46.54418
11693,7.43526,46.56217
11694,7.43526,46.58016
11695,7.43526,46.59815
11696,7.43526,46.61614
11697,7.43526,46.63413
11698,7.43526,46.65212
11699,7.43527,46.41824
11700,7.43527,46.43623
11701,7.43527,46.45422
11702,7.43527,46.47221
11703,7.43527,46.4902
11704,7.43527,46.50819
11705,7.43527,46.52619
11706,7.43528,46.2923
11707,7.43528,46.31029
11708,7.43528,46.32828
11709,7.43528,46.34627
11710,7.43528,46.40025
11711,7.43529,46.16636
11712,7.43529,46.18435
11713,7.43529,46.20234
11714,7.43529,46.22033
11715,7.43529,46.23833
11716,7.43529,46.25632
11717,7.43529,46.27431
11718,7.43529,47.42579
11719,7.43529,47.44378
11720,7.43529,47.46177
11721,7.43529,47.47975
11722,7.43529,47.49774
11723,7.4353,46.13038
11724,7.4353,46.14837
11725,7.4353,47.29987
11726,7.4353,47.31786
11727,7.4353,47.33585
11728,7.4353,47.35384
11729,7.4353,47.37182
11730,7.4353,47.38981
11731,7.4353,47.4078
11732,7.43531,47.17395
11733,7.43531,47.19193
11734,7.43531,47.20992
11735,7.43531,47.22791
11736,7.43531,47.2459
11737,7.43531,47.26389
11738,7.43531,47.28188
11739,7.43532,47.04802
11740,7.43532,47.06601
11741,7.43532,47.084
11742,7.43532,47.10199
11743,7.43532,47.11998
11744,7.43532,47.13797
11745,7.43532,47.15596
11746,7.43533,46.92209
11747,7.43533,46.94008
11748,7.43533,46.95807
11749,7.43533,46.97606
11750,7.43533,46.99405
11751,7.43533,47.01204
11752,7.43533,47.03003
11753,7.43534,46.79615
11754,7.43534,46.81414
11755,7.43534,46.83213
11756,7.43534,46.85012
11757,7.43534,46.86811
11758,7.43534,46.8861
11759,7.43534,46.90409
11760,7.43535,46.67021
11761,7.43535,46.68821
11762,7.43535,46.7062
11763,7.43535,46.72419
11764,7.43535,46.74218
11765,7.43535,46.76017
11766,7.43535,46.77816
11767,7.43536,46.54428
11768,7.43536,46.56227
11769,7.43536,46.58026
11770,7.43536,46.59825
11771,7.43536,46.61624
11772,7.43536,46.63423
11773,7.43536,46.65222
11774,7.43537,46.41834
11775,7.43537,46.43633
11776,7.43537,46.45432
11777,7.43537,46.47231
11778,7.43537,46.4903
11779,7.43537,46.50829
11780,7.43537,46.52629
11781,7.43538,46.2924
11782,7.43538,46.31039
11783,7.43538,46.32838
11784,7.43538,46.40035
11785,7.43539,46.16646
11786,7.43539,46.18445
11787,7.43539,46.20244
11788,7.43539,46.22043
11789,7.43539,46.23843
11790,7.43539,46.25642
11791,7.43539,46.27441
11792,7.43539,47.42589
11793,7.43539,47.46187
11794,7.43539,47.47985
11795,7.4354,46.13048
11796,7.4354,46.14847
11797,7.4354,47.29997
11798,7.4354,47.31796
11799,7.4354,47.33595
11800,7.4354,47.35394
11801,7.4354,47.37192
11802,7.4354,47.38991
11803,7.4354,47.4079
11804,7.43541,47.17405
11805,7.43541,47.19203
11806,7.43541,47.21002
11807,7.43541,47.22801
11808,7.43541,47.246
11809,7.43541,47.26399
11810,7.43541,47.28198
11811,7.43542,47.04812
11812,7.43542,47.06611
11813,7.43542,47.0841
11814,7.43542,47.10209
11815,7.43542,47.12008
11816,7.43542,47.13807
11817,7.43542,47.15606
11818,7.43543,46.92219
11819,7.43543,46.94018
11820,7.43543,46.95817
11821,7.43543,46.97616
11822,7.43543,46.99415
11823,7.43543,47.01214
11824,7.43543,47.03013
11825,7.43544,46.79625
11826,7.43544,46.81424
11827,7.43544,46.83223
11828,7.43544,46.85022
11829,7.43544,46.86821
11830,7.43544,46.8862
11831,7.43544,46.90419
11832,7.43545,46.67031
11833,7.43545,46.68831
11834,7.43545,46.7063
11835,7.43545,46.72429
11836,7.43545,46.74228
11837,7.43545,46.76027
11838,7.43545,46.77826
11839,7.43546,46.54438
11840,7.43546,46.56237
11841,7.43546,46.58036
11842,7.43546,46.59835
11843,7.43546,46.61634
11844,7.43546,46.63433
11845,7.43546,46.65232
11846,7.43547,46.41844
11847,7.43547,46.43643
11848,7.43547,46.45442
11849,7.43547,46.47241
11850,7.43547,46.4904
11851,7.43547,46.50839
11852,7.43547,46.52639
11853,7.43548,46.2925
11854,7.43548,46.31049
11855,7.43548,46.32848
11856,7.43548,46.40045
11857,7.43549,46.16656
11858,7.43549,46.18455
11859,7.43549,46.20254
11860,7.43549,46.22053
11861,7.43549,46.23853
11862,7.43549,46.25652
11863,7.43549,46.27451
11864,7.43549,47.42599
11865,7.43549,47.46197
11866,7.43549,47.47995
11867,7.4355,46.14857
11868,7.4355,47.30007
11869,7.4355,47.31806
11870,7.4355,47.33605
11871,7.4355,47.35404
11872,7.4355,47.39001
11873,7.4355,47.408
11874,7.43551,47.17415
11875,7.43551,47.19213
11876,7.43551,47.21012
11877,7.43551,47.22811
11878,7.43551,47.2461
11879,7.43551,47.26409
11880,7.43551,47.28208
11881,7.43552,47.04822
11882,7.43552,47.06621
11883,7.43552,47.0842
11884,7.43552,47.10219
11885,7.43552,47.12018
11886,7.43552,47.13817
11887,7.43552,47.15616
11888,7.43553,46.92229
11889,7.43553,46.94028
11890,7.43553,46.95827
11891,7.43553,46.97626
11892,7.43553,46.99425
11893,7.43553,47.01224
11894,7.43553,47.03023
11895,7.43554,46.79635
11896,7.43554,46.81434
11897,7.43554,46.83233
11898,7.43554,46.85032
11899,7.43554,46.86831
11900,7.43554,46.8863
11901,7.43554,46.90429
11902,7.43555,46.67041
11903,7.43555,46.68841
11904,7.43555,46.7064
11905,7.43555,46.72439
11906,7.43555,46.74238
11907,7.43555,46.76037
11908,7.43555,46.77836
11909,7.43556,46.56247
11910,7.43556,46.58046
11911,7.43556,46.59845
11912,7.43556,46.61644
11913,7.43556,46.63443
11914,7.43556,46.65242
11915,7.43557,46.41854
11916,7.43557,46.43653
11917,7.43557,46.45452
11918,7.43557,46.47251
11919,7.43557,46.4905
11920,7.43557,46.50849
11921,7.43557,46.52649
11922,7.43558,46.2926
11923,7.43558,46.31059
11924,7.43558,46.32858
11925,7.43558,46.40055
11926,7.43559,46.16666
11927,7.43559,46.18465
11928,7.43559,46.20264
11929,7.43559,46.22063
11930,7.43559,46.23863
11931,7.43559,46.25662
11932,7.43559,46.27461
11933,7.4356,46.14867
11934,7.46104,46.05831
11935,7.46107,46.11229
11936,7.46107,46.13028
11937,7.46108,46.14827
11938,7.46109,46.16626
11939,7.46109,46.18425
11940,7.4611,46.20224
11941,7.46111,46.22023
11942,7.46112,46.23822
11943,7.46112,46.25622
11944,7.46113,46.27421
11945,7.46114,46.2922
11946,7.46115,46.31019
11947,7.46115,46.32818
11948,7.46116,46.34617
11949,7.46117,46.11239
11950,7.46117,46.13038
11951,7.46117,46.38215
11952,7.46118,46.14837
11953,7.46118,46.40015
11954,7.46119,46.16636
11955,7.46119,46.18435
11956,7.46119,46.41814
11957,7.4612,46.20234
11958,7.4612,46.43613
11959,7.4612,46.45412
11960,7.46121,46.22033
11961,7.46121,46.47211
11962,7.46122,46.23832
11963,7.46122,46.25632
11964,7.46122,46.4901
11965,7.46122,46.50809
11966,7.46123,46.27431
11967,7.46123,46.52608
11968,7.46124,46.2923
11969,7.46124,46.54407
11970,7.46125,46.31029
11971,7.46125,46.32828
11972,7.46125,46.56207
11973,7.46125,46.58006
11974,7.46126,46.34627
11975,7.46126,46.59805
11976,7.46127,46.11249
11977,7.46127,46.13048
11978,7.46127,46.38225
11979,7.46127,46.61604
11980,7.46128,46.14847
11981,7.46128,46.63403
11982,7.46128,46.65202
11983,7.46129,46.16646
11984,7.46129,46.18445
11985,7.46129,46.41824
11986,7.46129,46.67001
11987,7.4613,46.20244
11988,7.4613,46.43623
11989,7.4613,46.45422
11990,7.4613,46.688
11991,7.4613,46.70599
11992,7.46131,46.22043
11993,7.46131,46.47221
11994,7.46131,46.72399
11995,7.46132,46.23842
11996,7.46132,46.25642
11997,7.46132,46.4902
11998,7.46132,46.50819
11999,7.46132,46.74198
12000,7.46133,46.27441
12001,7.46133,46.52618
12002,7.46133,46.75997
12003,7.46133,46.77796
12004,7.46134,46.2924
12005,7.46134,46.54417
12006,7.46134,46.79595
12007,7.46135,46.31039
12008,7.46135,46.32838
12009,7.46135,46.56217
12010,7.46135,46.58016
12011,7.46135,46.81394
12012,7.46136,46.34637
12013,7.46136,46.59815
12014,7.46136,46.83193
12015,7.46136,46.84992
12016,7.46137,46.11259
12017,7.46137,46.13058
12018,7.46137,46.38235
12019,7.46137,46.61614
12020,7.46137,46.86791
12021,7.46138,46.14857
12022,7.46138,46.63413
12023,7.46138,46.65212
12024,7.46138,46.8859
12025,7.46139,46.16656
12026,7.46139,46.18455
12027,7.46139,46.41834
12028,7.46139,46.67011
12029,7.46139,46.90389
12030,7.46139,46.92188
12031,7.4614,46.20254
12032,7.4614,46.43633
12033,7.4614,46.45432
12034,7.4614,46.6881
12035,7.4614,46.70609
12036,7.4614,46.93987
12037,7.46141,46.22053
12038,7.46141,46.47231
12039,7.46141,46.72409
12040,7.46141,46.95786
12041,7.46142,46.23852
12042,7.46142,46.25652
12043,7.46142,46.4903
12044,7.46142,46.50829
12045,7.46142,46.74208
12046,7.46142,46.97585
12047,7.46142,46.99384
12048,7.46143,46.27451
12049,7.46143,46.52628
12050,7.46143,46.76007
12051,7.46143,46.77806
12052,7.46143,47.01183
12053,7.46144,46.2925
12054,7.46144,46.54427
12055,7.46144,46.79605
12056,7.46144,47.02982
12057,7.46144,47.04781
12058,7.46145,46.31049
12059,7.46145,46.32848
12060,7.46145,46.56227
12061,7.46145,46.58026
12062,7.46145,46.81404
12063,7.46145,47.0658
12064,7.46146,46.34647
12065,7.46146,46.59825
12066,7.46146,46.83203
12067,7.46146,46.85002
12068,7.46146,47.08379
12069,7.46147,46.11269
12070,7.46147,46.13068
12071,7.46147,46.38245
12072,7.46147,46.61624
12073,7.46147,46.86801
12074,7.46147,47.10178
12075,7.46147,47.11977
12076,7.46148,46.14867
12077,7.46148,46.63423
12078,7.46148,46.65222
12079,7.46148,46.886
12080,7.46148,47.13776
12081,7.46149,46.16666
12082,7.46149,46.18465
12083,7.46149,46.41844
12084,7.46149,46.67021
12085,7.46149,46.90399
12086,7.46149,46.92198
12087,7.46149,47.15575
12088,7.4615,46.20264
12089,7.4615,46.43643
12090,7.4615,46.45442
12091,7.4615,46.6882
12092,7.4615,46.70619
12093,7.4615,46.93997
12094,7.4615,47.17374
12095,7.4615,47.19173
12096,7.46151,46.22063
12097,7.46151,46.47241
12098,7.46151,46.72419
12099,7.46151,46.95796
12100,7.46151,47.20972
12101,7.46152,46.23862
12102,7.46152,46.25662
12103,7.46152,46.4904
12104,7.46152,46.50839
12105,7.46152,46.74218
12106,7.46152,46.97595
12107,7.46152,46.99394
12108,7.46152,47.22771
12109,7.46153,46.27461
12110,7.46153,46.52638
12111,7.46153,46.76017
12112,7.46153,46.77816
12113,7.46153,47.01193
12114,7.46153,47.2457
12115,7.46153,47.26369
12116,7.46154,46.2926
12117,7.46154,46.79615
12118,7.46154,47.02992
12119,7.46154,47.04791
12120,7.46154,47.28168
12121,7.46155,46.31059
12122,7.46155,46.56237
12123,7.46155,46.58036
12124,7.46155,46.81414
12125,7.46155,47.0659
12126,7.46155,47.29967
12127,7.46156,46.34657
12128,7.46156,46.59835
12129,7.46156,46.83213
12130,7.46156,46.85012
12131,7.46156,47.08389
12132,7.46156,47.31766
12133,7.46156,47.33565
12134,7.46157,46.38255
12135,7.46157,46.61634
12136,7.46157,46.86811
12137,7.46157,47.10188
12138,7.46157,47.11987
12139,7.46157,47.35363
12140,7.46158,46.63433
12141,7.46158,46.65232
12142,7.46158,46.8861
12143,7.46158,47.13786
12144,7.46158,47.37162
12145,7.46159,46.41854
12146,7.46159,46.67031
12147,7.46159,46.90409
12148,7.46159,46.92208
12149,7.46159,47.15585
12150,7.46159,47.38961
12151,7.46159,47.4076
12152,7.4616,46.43653
12153,7.4616,46.45452
12154,7.4616,46.6883
12155,7.4616,46.70629
12156,7.4616,46.94007
12157,7.4616,47.17384
12158,7.4616,47.19183
12159,7.4616,47.42559
12160,7.46161,46.47251
12161,7.46161,46.72429
12162,7.46161,46.95806
12163,7.46161,47.20982
12164,7.46161,47.44358
12165,7.46162,46.4905
12166,7.46162,46.50849
12167,7.46162,46.74228
12168,7.46162,46.97605
12169,7.46162,46.99404
12170,7.46162,47.22781
12171,7.46162,47.46156
12172,7.46162,47.47955
12173,7.46163,46.52648
12174,7.46163,46.77826
12175,7.46163,47.01203
12176,7.46163,47.2458
12177,7.46163,47.26379
12178,7.46163,47.49754
12179,7.46164,46.79625
12180,7.46164,47.03002
12181,7.46164,47.04801
12182,7.46164,47.28178
12183,7.46165,46.56247
12184,7.46165,46.58046
12185,7.46165,46.81424
12186,7.46165,47.066
12187,7.46165,47.29977
12188,7.46166,46.59845
12189,7.46166,46.83223
12190,7.46166,46.85022
12191,7.46166,47.08399
12192,7.46166,47.31776
12193,7.46166,47.33575
12194,7.46167,46.61644
12195,7.46167,46.86821
12196,7.46167,47.10198
12197,7.46167,47.11997
12198,7.46167,47.35373
12199,7.46168,46.63443
12200,7.46168,46.65242
12201,7.46168,46.8862
12202,7.46168,47.13796
12203,7.46168,47.37172
12204,7.46169,46.67041
12205,7.46169,46.90419
12206,7.46169,46.92218
12207,7.46169,47.15595
12208,7.46169,47.38971
12209,7.46169,47.4077
12210,7.4617,46.6884
12211,7.4617,46.70639
12212,7.4617,46.94017
12213,7.4617,47.17394
12214,7.4617,47.19193
12215,7.4617,47.42569
12216,7.46171,46.72439
12217,7.46171,46.95816
12218,7.46171,47.20992
12219,7.46171,47.44368
12220,7.46172,46.97615
12221,7.46172,46.99414
12222,7.46172,47.22791
12223,7.46172,47.46166
12224,7.46172,47.47965
12225,7.46173,46.77836
12226,7.46173,47.01213
12227,7.46173,47.2459
12228,7.46173,47.26389
12229,7.46174,46.79635
12230,7.46174,47.03012
12231,7.46174,47.04811
12232,7.46174,47.28188
12233,7.46175,46.81434
12234,7.46175,47.0661
12235,7.46175,47.29987
12236,7.46176,46.83233
12237,7.46176,46.85032
12238,7.46176,47.08409
12239,7.46176,47.31786
12240,7.46176,47.33585
12241,7.46177,46.86831
12242,7.46177,47.10208
12243,7.46177,47.12007
12244,7.46177,47.35383
12245,7.46178,46.8863
12246,7.46178,47.13806
12247,7.46178,47.37182
12248,7.46179,46.90429
12249,7.46179,46.92228
12250,7.46179,47.15605
12251,7.46179,47.38981
12252,7.46179,47.4078
12253,7.4618,46.94027
12254,7.4618,47.17404
12255,7.4618,47.19203
12256,7.4618,47.42579
12257,7.46181,46.95826
12258,7.46181,47.21002
12259,7.46181,47.44378
12260,7.46182,46.97625
12261,7.46182,46.99424
12262,7.46182,47.22801
12263,7.46182,47.46176
12264,7.46182,47.47975
12265,7.46183,47.01223
12266,7.46183,47.246
12267,7.46183,47.26399
12268,7.46184,47.03022
12269,7.46184,47.04821
12270,7.46184,47.28198
12271,7.46185,47.0662
12272,7.46185,47.29997
12273,7.46186,47.08419
12274,7.46186,47.31796
12275,7.46186,47.33595
12276,7.46187,47.10218
12277,7.46187,47.12017
12278,7.46187,47.35393
12279,7.46188,47.13816
12280,7.46188,47.37192
12281,7.46189,47.15615
12282,7.46189,47.38991
12283,7.46189,47.4079
12284,7.4619,47.17414
12285,7.4619,47.19213
12286,7.4619,47.42589
12287,7.46191,47.21012
12288,7.46191,47.44388
12289,7.46192,47.22811
12290,7.46192,47.46186
12291,7.46192,47.47985
12292,7.46193,47.2461
12293,7.46193,47.26409
12294,7.46194,47.28208
12295,7.46195,47.30007
12296,7.46196,47.31806
12297,7.46196,47.33605
12298,7.46197,47.35403
12299,7.46198,47.37202
12300,7.46199,47.39001
12301,7.46199,47.408
12302,7.462,47.42599
12303,7.46201,47.44398
12304,7.46202,47.46196
12305,7.46202,47.47995
12306,7.48686,46.02232
12307,7.48687,46.04031
12308,7.48689,46.05831
12309,7.4869,46.0763
12310,7.48692,46.09429
12311,7.48693,46.11228
12312,7.48695,46.13027
12313,7.48696,46.02242
12314,7.48697,46.04041
12315,7.48697,46.14826
12316,7.48699,46.05841
12317,7.487,46.0764
12318,7.48701,46.20223
12319,7.48702,46.09439
12320,7.48703,46.11238
12321,7.48704,46.23822
12322,7.48705,46.13037
12323,7.48706,46.02252
12324,7.48706,46.25621
12325,7.48707,46.04051
12326,7.48707,46.14836
12327,7.48708,46.2742
12328,7.48709,46.05851
12329,7.48709,46.29219
12330,7.4871,46.0765
12331,7.48711,46.20233
12332,7.48711,46.31018
12333,7.48712,46.09449
12334,7.48712,46.32817
12335,7.48713,46.11248
12336,7.48714,46.23832
12337,7.48714,46.34616
12338,7.48715,46.13047
12339,7.48715,46.36415
12340,7.48716,46.02262
12341,7.48716,46.25631
12342,7.48717,46.04061
12343,7.48717,46.14846
12344,7.48718,46.2743
12345,7.48719,46.05861
12346,7.48719,46.29229
12347,7.4872,46.0766
12348,7.4872,46.41813
12349,7.48721,46.31028
12350,7.48722,46.09459
12351,7.48722,46.32827
12352,7.48722,46.43612
12353,7.48723,46.11258
12354,7.48723,46.45411
12355,7.48724,46.23842
12356,7.48724,46.34626
12357,7.48725,46.13057
12358,7.48725,46.36425
12359,7.48725,46.4721
12360,7.48726,46.02272
12361,7.48726,46.25641
12362,7.48727,46.04071
12363,7.48727,46.14856
12364,7.48728,46.2744
12365,7.48728,46.50808
12366,7.48729,46.05871
12367,7.48729,46.29239
12368,7.4873,46.0767
12369,7.4873,46.41823
12370,7.4873,46.52608
12371,7.48731,46.31038
12372,7.48731,46.54407
12373,7.48732,46.09469
12374,7.48732,46.32837
12375,7.48732,46.43622
12376,7.48733,46.11268
12377,7.48733,46.45421
12378,7.48733,46.56206
12379,7.48734,46.23852
12380,7.48734,46.34636
12381,7.48735,46.13067
12382,7.48735,46.4722
12383,7.48735,46.58005
12384,7.48736,46.25651
12385,7.48736,46.59804
12386,7.48737,46.14866
12387,7.48738,46.2745
12388,7.48738,46.50818
12389,7.48738,46.61603
12390,7.48739,46.29249
12391,7.48739,46.63402
12392,7.4874,46.41833
12393,7.4874,46.52618
12394,7.48741,46.31048
12395,7.48741,46.54417
12396,7.48741,46.65201
12397,7.48742,46.32847
12398,7.48742,46.43632
12399,7.48743,46.45431
12400,7.48743,46.56216
12401,7.48743,46.67
12402,7.48744,46.23862
12403,7.48744,46.34646
12404,7.48744,46.688
12405,7.48745,46.4723
12406,7.48745,46.58015
12407,7.48746,46.25661
12408,7.48746,46.59814
12409,7.48746,46.70599
12410,7.48747,46.72398
12411,7.48748,46.2746
12412,7.48748,46.50828
12413,7.48748,46.61613
12414,7.48749,46.29259
12415,7.48749,46.63412
12416,7.48749,46.74197
12417,7.4875,46.41843
12418,7.4875,46.52628
12419,7.48751,46.31058
12420,7.48751,46.54427
12421,7.48751,46.65211
12422,7.48751,46.75996
12423,7.48752,46.32857
12424,7.48752,46.43642
12425,7.48752,46.77795
12426,7.48753,46.45441
12427,7.48753,46.56226
12428,7.48753,46.6701
12429,7.48754,46.34656
12430,7.48754,46.6881
12431,7.48754,46.79594
12432,7.48755,46.4724
12433,7.48755,46.58025
12434,7.48755,46.81393
12435,7.48756,46.59824
12436,7.48756,46.70609
12437,7.48757,46.72408
12438,7.48757,46.83192
12439,7.48758,46.50838
12440,7.48758,46.61623
12441,7.48759,46.63422
12442,7.48759,46.74207
12443,7.48759,46.84991
12444,7.4876,46.41853
12445,7.4876,46.52638
12446,7.4876,46.8679
12447,7.48761,46.54437
12448,7.48761,46.65221
12449,7.48761,46.76006
12450,7.48762,46.43652
12451,7.48762,46.77805
12452,7.48762,46.88589
12453,7.48763,46.45451
12454,7.48763,46.56236
12455,7.48763,46.6702
12456,7.48763,46.90388
12457,7.48764,46.6882
12458,7.48764,46.79604
12459,7.48765,46.4725
12460,7.48765,46.58035
12461,7.48765,46.81403
12462,7.48765,46.92188
12463,7.48766,46.59834
12464,7.48766,46.70619
12465,7.48767,46.72418
12466,7.48767,46.83202
12467,7.48767,46.93987
12468,7.48768,46.50848
12469,7.48768,46.61633
12470,7.48768,46.95786
12471,7.48769,46.63432
12472,7.48769,46.74217
12473,7.48769,46.85001
12474,7.4877,46.52648
12475,7.4877,46.868
12476,7.4877,46.97585
12477,7.48771,46.54447
12478,7.48771,46.65231
12479,7.48771,46.76016
12480,7.48772,46.77815
12481,7.48772,46.88599
12482,7.48772,46.99384
12483,7.48773,46.56246
12484,7.48773,46.6703
12485,7.48773,46.90398
12486,7.48773,47.01183
12487,7.48774,46.6883
12488,7.48774,46.79614
12489,7.48775,46.58045
12490,7.48775,46.81413
12491,7.48775,46.92198
12492,7.48775,47.02982
12493,7.48776,46.59844
12494,7.48776,46.70629
12495,7.48776,47.04781
12496,7.48777,46.72428
12497,7.48777,46.83212
12498,7.48777,46.93997
12499,7.48778,46.61643
12500,7.48778,46.95796
12501,7.48778,47.0658
12502,7.48779,46.63442
12503,7.48779,46.74227
12504,7.48779,46.85011
12505,7.4878,46.8681
12506,7.4878,46.97595
12507,7.4878,47.08379
12508,7.48781,46.65241
12509,7.48781,46.76026
12510,7.48781,47.10178
12511,7.48782,46.77825
12512,7.48782,46.88609
12513,7.48782,46.99394
12514,7.48783,46.6704
12515,7.48783,46.90408
12516,7.48783,47.01193
12517,7.48783,47.11977
12518,7.48784,46.6884
12519,7.48784,46.79624
12520,7.48785,46.81423
12521,7.48785,46.92208
12522,7.48785,47.02992
12523,7.48785,47.13776
12524,7.48786,46.70639
12525,7.48786,47.04791
12526,7.48786,47.15575
12527,7.48787,46.72438
12528,7.48787,46.83222
12529,7.48787,46.94007
12530,7.48788,46.95806
12531,7.48788,47.0659
12532,7.48788,47.17374
12533,7.48789,46.74237
12534,7.48789,46.85021
12535,7.48789,47.19172
12536,7.4879,46.8682
12537,7.4879,46.97605
12538,7.4879,47.08389
12539,7.48791,46.76036
12540,7.48791,47.10188
12541,7.48791,47.20971
12542,7.48792,46.77835
12543,7.48792,46.88619
12544,7.48792,46.99404
12545,7.48793,46.90418
12546,7.48793,47.01203
12547,7.48793,47.11987
12548,7.48793,47.2277
12549,7.48794,46.79634
12550,7.48794,47.24569
12551,7.48795,46.81433
12552,7.48795,46.92218
12553,7.48795,47.03002
12554,7.48795,47.13786
12555,7.48796,47.04801
12556,7.48796,47.15585
12557,7.48796,47.26368
12558,7.48797,46.83232
12559,7.48797,46.94017
12560,7.48798,46.95816
12561,7.48798,47.066
12562,7.48798,47.17384
12563,7.48798,47.28167
12564,7.48799,46.85031
12565,7.48799,47.19182
12566,7.48799,47.29966
12567,7.488,46.8683
12568,7.488,46.97615
12569,7.488,47.08399
12570,7.48801,47.10198
12571,7.48801,47.20981
12572,7.48801,47.31765
12573,7.48802,46.88629
12574,7.48802,46.99414
12575,7.48803,46.90428
12576,7.48803,47.01213
12577,7.48803,47.11997
12578,7.48803,47.2278
12579,7.48803,47.33564
12580,7.48804,47.24579
12581,7.48804,47.35363
12582,7.48805,46.92228
12583,7.48805,47.03012
12584,7.48805,47.13796
12585,7.48806,47.04811
12586,7.48806,47.15595
12587,7.48806,47.26378
12588,7.48806,47.37161
12589,7.48807,46.94027
12590,7.48807,47.3896
12591,7.48808,46.95826
12592,7.48808,47.0661
12593,7.48808,47.17394
12594,7.48808,47.28177
12595,7.48809,47.19192
12596,7.48809,47.29976
12597,7.48809,47.40759
12598,7.4881,46.97625
12599,7.4881,47.08409
12600,7.48811,47.10208
12601,7.48811,47.20991
12602,7.48811,47.31775
12603,7.48811,47.42558
12604,7.48812,46.99424
12605,7.48812,47.44357
12606,7.48813,47.01223
12607,7.48813,47.12007
12608,7.48813,47.2279
12609,7.48813,47.33574
12610,7.48814,47.24589
12611,7.48814,47.35373
12612,7.48814,47.46156
12613,7.48815,47.03022
12614,7.48815,47.13806
12615,7.48816,47.04821
12616,7.48816,47.15605
12617,7.48816,47.26388
12618,7.48816,47.37171
12619,7.48816,47.47954
12620,7.48817,47.3897
12621,7.48817,47.49753
12622,7.48818,47.0662
12623,7.48818,47.17404
12624,7.48818,47.28187
12625,7.48819,47.19202
12626,7.48819,47.29986
12627,7.48819,47.40769
12628,7.4882,47.08419
12629,7.48821,47.10218
12630,7.48821,47.21001
12631,7.48821,47.31785
12632,7.48821,47.42568
12633,7.48821,47.53351
12634,7.48822,47.44367
12635,7.48823,47.12017
12636,7.48823,47.228
12637,7.48823,47.33584
12638,7.48824,47.24599
12639,7.48824,47.35383
12640,7.48824,47.46166
12641,7.48825,47.13816
12642,7.48826,47.15615
12643,7.48826,47.26398
12644,7.48826,47.37181
12645,7.48826,47.47964
12646,7.48827,47.3898
12647,7.48827,47.49763
12648,7.48828,47.17414
12649,7.48828,47.28197
12650,7.48829,47.19212
12651,7.48829,47.29996
12652,7.48829,47.40779
12653,7.48831,47.21011
12654,7.48831,47.31795
12655,7.48831,47.42578
12656,7.48831,47.53361
12657,7.48832,47.44377
12658,7.48833,47.2281
12659,7.48833,47.33594
12660,7.48834,47.24609
12661,7.48834,47.35393
12662,7.48834,47.46176
12663,7.48836,47.26408
12664,7.48836,47.37191
12665,7.48836,47.47974
12666,7.48837,47.3899
12667,7.48837,47.49773
12668,7.48838,47.28207
12669,7.48839,47.30006
12670,7.48839,47.40789
12671,7.48841,47.31805
12672,7.48841,47.42588
12673,7.48841,47.53371
12674,7.48842,47.44387
12675,7.48843,47.33604
12676,7.48844,47.35403
12677,7.48844,47.46186
12678,7.48846,47.37201
12679,7.48846,47.47984
12680,7.48847,47.39
12681,7.48847,47.49783
12682,7.48849,47.40799
12683,7.48851,47.42598
12684,7.48851,47.53381
12685,7.48852,47.44397
12686,7.48854,47.46196
12687,7.48856,47.47994
12688,7.48857,47.49793
12689,7.48861,47.53391
12690,7.51275,46.07628
12691,7.51278,46.09427
12692,7.5128,46.11226
12693,7.51285,46.07638
12694,7.51288,46.09437
12695,7.51288,46.16624
12696,7.5129,46.11236
12697,7.51292,46.20222
12698,7.51295,46.07648
12699,7.51295,46.22021
12700,7.51297,46.2382
12701,7.51298,46.09447
12702,7.51298,46.16634
12703,7.513,46.11246
12704,7.513,46.25619
12705,7.51302,46.27418
12706,7.51305,46.07658
12707,7.51305,46.22031
12708,7.51305,46.29218
12709,7.51307,46.2383
12710,7.51307,46.31017
12711,7.51308,46.09457
12712,7.51309,46.32816
12713,7.5131,46.11256
12714,7.5131,46.25629
12715,7.51312,46.27428
12716,7.51312,46.34615
12717,7.51314,46.36414
12718,7.51315,46.07668
12719,7.51315,46.22041
12720,7.51315,46.29228
12721,7.51317,46.2384
12722,7.51317,46.31027
12723,7.51318,46.09467
12724,7.51319,46.32826
12725,7.5132,46.11266
12726,7.5132,46.25639
12727,7.51322,46.27438
12728,7.51322,46.34625
12729,7.51322,46.41811
12730,7.51324,46.43611
12731,7.51325,46.22051
12732,7.51325,46.29238
12733,7.51327,46.2385
12734,7.51327,46.31037
12735,7.51327,46.4541
12736,7.51329,46.32836
12737,7.51329,46.47209
12738,7.5133,46.25649
12739,7.51331,46.49008
12740,7.51332,46.27448
12741,7.51332,46.34635
12742,7.51332,46.41821
12743,7.51334,46.43621
12744,7.51335,46.22061
12745,7.51335,46.29248
12746,7.51336,46.52606
12747,7.51337,46.2386
12748,7.51337,46.31047
12749,7.51337,46.4542
12750,7.51339,46.32846
12751,7.51339,46.47219
12752,7.51339,46.54405
12753,7.5134,46.25659
12754,7.51341,46.49018
12755,7.51341,46.56204
12756,7.51342,46.27458
12757,7.51342,46.34645
12758,7.51344,46.43631
12759,7.51344,46.58004
12760,7.51345,46.29258
12761,7.51346,46.52616
12762,7.51346,46.59803
12763,7.51347,46.31057
12764,7.51347,46.4543
12765,7.51349,46.32856
12766,7.51349,46.47229
12767,7.51349,46.54415
12768,7.51349,46.61602
12769,7.51351,46.49028
12770,7.51351,46.56214
12771,7.51351,46.63401
12772,7.51352,46.34655
12773,7.51354,46.43641
12774,7.51354,46.58014
12775,7.51354,46.652
12776,7.51356,46.52626
12777,7.51356,46.59813
12778,7.51356,46.66999
12779,7.51357,46.4544
12780,7.51359,46.47239
12781,7.51359,46.54425
12782,7.51359,46.61612
12783,7.51359,46.68798
12784,7.51361,46.49038
12785,7.51361,46.56224
12786,7.51361,46.63411
12787,7.51361,46.70597
12788,7.51364,46.43651
12789,7.51364,46.58024
12790,7.51364,46.6521
12791,7.51364,46.72396
12792,7.51366,46.52636
12793,7.51366,46.59823
12794,7.51366,46.67009
12795,7.51366,46.74195
12796,7.51367,46.4545
12797,7.51369,46.47249
12798,7.51369,46.54435
12799,7.51369,46.61622
12800,7.51369,46.68808
12801,7.51369,46.75995
12802,7.51371,46.49048
12803,7.51371,46.56234
12804,7.51371,46.63421
12805,7.51371,46.70607
12806,7.51371,46.77794
12807,7.51373,46.79593
12808,7.51374,46.58034
12809,7.51374,46.6522
12810,7.51374,46.72406
12811,7.51376,46.52646
12812,7.51376,46.59833
12813,7.51376,46.67019
12814,7.51376,46.74205
12815,7.51376,46.81392
12816,7.51378,46.83191
12817,7.51379,46.54445
12818,7.51379,46.61632
12819,7.51379,46.68818
12820,7.51379,46.76005
12821,7.51381,46.56244
12822,7.51381,46.63431
12823,7.51381,46.70617
12824,7.51381,46.77804
12825,7.51381,46.8499
12826,7.51383,46.79603
12827,7.51383,46.86789
12828,7.51384,46.6523
12829,7.51384,46.72416
12830,7.51386,46.59843
12831,7.51386,46.67029
12832,7.51386,46.74215
12833,7.51386,46.81402
12834,7.51386,46.88588
12835,7.51388,46.83201
12836,7.51388,46.90387
12837,7.51389,46.61642
12838,7.51389,46.68828
12839,7.51389,46.76015
12840,7.51391,46.63441
12841,7.51391,46.70627
12842,7.51391,46.77814
12843,7.51391,46.85
12844,7.51391,46.92186
12845,7.51393,46.79613
12846,7.51393,46.86799
12847,7.51393,46.93985
12848,7.51394,46.6524
12849,7.51394,46.72426
12850,7.51396,46.67039
12851,7.51396,46.74225
12852,7.51396,46.81412
12853,7.51396,46.88598
12854,7.51396,46.95784
12855,7.51398,46.83211
12856,7.51398,46.90397
12857,7.51398,46.97583
12858,7.51399,46.68838
12859,7.51399,46.76025
12860,7.51401,46.70637
12861,7.51401,46.77824
12862,7.51401,46.8501
12863,7.51401,46.92196
12864,7.51401,46.99382
12865,7.51403,46.79623
12866,7.51403,46.86809
12867,7.51403,46.93995
12868,7.51403,47.01181
12869,7.51404,46.72436
12870,7.51406,46.74235
12871,7.51406,46.81422
12872,7.51406,46.88608
12873,7.51406,46.95794
12874,7.51406,47.0298
12875,7.51408,46.83221
12876,7.51408,46.90407
12877,7.51408,46.97593
12878,7.51408,47.04779
12879,7.51409,46.76035
12880,7.51411,46.77834
12881,7.51411,46.8502
12882,7.51411,46.92206
12883,7.51411,46.99392
12884,7.51411,47.06578
12885,7.51413,46.79633
12886,7.51413,46.86819
12887,7.51413,46.94005
12888,7.51413,47.01191
12889,7.51413,47.08377
12890,7.51416,46.81432
12891,7.51416,46.88618
12892,7.51416,46.95804
12893,7.51416,47.0299
12894,7.51416,47.10176
12895,7.51418,46.83231
12896,7.51418,46.90417
12897,7.51418,46.97603
12898,7.51418,47.04789
12899,7.51418,47.11975
12900,7.51421,46.8503
12901,7.51421,46.92216
12902,7.51421,46.99402
12903,7.51421,47.06588
12904,7.51421,47.13774
12905,7.51423,46.86829
12906,7.51423,46.94015
12907,7.51423,47.01201
12908,7.51423,47.08387
12909,7.51423,47.15573
12910,7.51426,46.88628
12911,7.51426,46.95814
12912,7.51426,47.03
12913,7.51426,47.10186
12914,7.51426,47.17372
12915,7.51428,46.90427
12916,7.51428,46.97613
12917,7.51428,47.04799
12918,7.51428,47.11985
12919,7.51429,47.19171
12920,7.51431,46.92226
12921,7.51431,46.99412
12922,7.51431,47.06598
12923,7.51431,47.13784
12924,7.51431,47.2097
12925,7.51433,46.94025
12926,7.51433,47.01211
12927,7.51433,47.08397
12928,7.51433,47.15583
12929,7.51434,47.22769
12930,7.51436,46.95824
12931,7.51436,47.0301
12932,7.51436,47.10196
12933,7.51436,47.17382
12934,7.51436,47.24568
12935,7.51438,46.97623
12936,7.51438,47.04809
12937,7.51438,47.11995
12938,7.51439,47.19181
12939,7.51439,47.26367
12940,7.51441,46.99422
12941,7.51441,47.06608
12942,7.51441,47.13794
12943,7.51441,47.2098
12944,7.51441,47.28166
12945,7.51443,47.01221
12946,7.51443,47.08407
12947,7.51443,47.15593
12948,7.51444,47.22779
12949,7.51444,47.29965
12950,7.51446,47.0302
12951,7.51446,47.10206
12952,7.51446,47.17392
12953,7.51446,47.24578
12954,7.51446,47.31763
12955,7.51448,47.04819
12956,7.51448,47.12005
12957,7.51449,47.19191
12958,7.51449,47.26377
12959,7.51449,47.33562
12960,7.51451,47.06618
12961,7.51451,47.13804
12962,7.51451,47.2099
12963,7.51451,47.28176
12964,7.51451,47.35361
12965,7.51453,47.08417
12966,7.51453,47.15603
12967,7.51454,47.22789
12968,7.51454,47.29975
12969,7.51454,47.3716
12970,7.51456,47.10216
12971,7.51456,47.17402
12972,7.51456,47.24588
12973,7.51456,47.31773
12974,7.51456,47.38959
12975,7.51458,47.12015
12976,7.51459,47.19201
12977,7.51459,47.26387
12978,7.51459,47.33572
12979,7.51459,47.40758
12980,7.51461,47.13814
12981,7.51461,47.21
12982,7.51461,47.28186
12983,7.51461,47.35371
12984,7.51461,47.42557
12985,7.51463,47.15613
12986,7.51464,47.22799
12987,7.51464,47.29985
12988,7.51464,47.3717
12989,7.51464,47.44355
12990,7.51466,47.17412
12991,7.51466,47.24598
12992,7.51466,47.31783
12993,7.51466,47.38969
12994,7.51467,47.46154
12995,7.51469,47.19211
12996,7.51469,47.33582
12997,7.51469,47.40768
12998,7.51469,47.47953
12999,7.51471,47.2101
13000,7.51471,47.28196
13001,7.51471,47.35381
13002,7.51471,47.42567
13003,7.51472,47.49752
13004,7.51474,47.22809
13005,7.51474,47.29995
13006,7.51474,47.3718
13007,7.51474,47.44365
13008,7.51474,47.51551
13009,7.51476,47.24608
13010,7.51476,47.31793
13011,7.51476,47.38979
13012,7.51477,47.46164
13013,7.51477,47.53349
13014,7.51479,47.33592
13015,7.51479,47.40778
13016,7.51479,47.47963
13017,7.51479,47.55148
13018,7.51481,47.28206
13019,7.51481,47.35391
13020,7.51481,47.42577
13021,7.51482,47.49762
13022,7.51484,47.30005
13023,7.51484,47.3719
13024,7.51484,47.44375
13025,7.51484,47.51561
13026,7.51486,47.31803
13027,7.51486,47.38989
13028,7.51487,47.46174
13029,7.51487,47.53359
13030,7.51489,47.33602
13031,7.51489,47.40788
13032,7.51489,47.47973
13033,7.51489,47.55158
13034,7.51491,47.35401
13035,7.51491,47.42587
13036,7.51492,47.49772
13037,7.51494,47.372
13038,7.51494,47.44385
13039,7.51494,47.51571
13040,7.51496,47.38999
13041,7.51497,47.46184
13042,7.51497,47.53369
13043,7.51499,47.40798
13044,7.51499,47.47983
13045,7.51499,47.55168
13046,7.51501,47.42597
13047,7.51502,47.49782
13048,7.51504,47.44395
13049,7.51504,47.51581
13050,7.51507,47.46194
13051,7.51507,47.53379
13052,7.51509,47.47993
13053,7.51509,47.55178
13054,7.51512,47.49792
13055,7.51514,47.51591
13056,7.51517,47.53389
13057,7.51519,47.55188
13058,7.53857,46.05827
13059,7.53861,46.07626
13060,7.53864,46.09425
13061,7.53867,46.05837
13062,7.5387,46.13024
13063,7.53871,46.07636
13064,7.53874,46.09435
13065,7.53874,46.14823
13066,7.53877,46.05847
13067,7.5388,46.18421
13068,7.53881,46.07646
13069,7.53887,46.05857
13070,7.53887,46.22019
13071,7.5389,46.18431
13072,7.5389,46.23818
13073,7.53891,46.07656
13074,7.53893,46.25617
13075,7.53897,46.05867
13076,7.53897,46.22029
13077,7.53897,46.27416
13078,7.539,46.18441
13079,7.539,46.23828
13080,7.539,46.29216
13081,7.53901,46.07666
13082,7.53903,46.25627
13083,7.53903,46.31015
13084,7.53907,46.22039
13085,7.53907,46.27426
13086,7.53907,46.32814
13087,7.5391,46.23838
13088,7.5391,46.29226
13089,7.5391,46.34613
13090,7.53913,46.25637
13091,7.53913,46.31025
13092,7.53913,46.36412
13093,7.53917,46.22049
13094,7.53917,46.27436
13095,7.53917,46.32824
13096,7.5392,46.23848
13097,7.5392,46.29236
13098,7.5392,46.34623
13099,7.53923,46.25647
13100,7.53923,46.31035
13101,7.53923,46.36422
13102,7.53926,46.43609
13103,7.53927,46.22059
13104,7.53927,46.27446
13105,7.53927,46.32834
13106,7.5393,46.23858
13107,7.5393,46.29246
13108,7.5393,46.34633
13109,7.5393,46.45408
13110,7.53933,46.25657
13111,7.53933,46.31045
13112,7.53933,46.36432
13113,7.53933,46.47207
13114,7.53936,46.43619
13115,7.53936,46.49006
13116,7.53937,46.27456
13117,7.53937,46.32844
13118,7.5394,46.29256
13119,7.5394,46.34643
13120,7.5394,46.45418
13121,7.5394,46.50805
13122,7.53943,46.31055
13123,7.53943,46.47217
13124,7.53943,46.52604
13125,7.53946,46.49016
13126,7.53946,46.54403
13127,7.53947,46.32854
13128,7.5395,46.34653
13129,7.5395,46.45428
13130,7.5395,46.50815
13131,7.53953,46.47227
13132,7.53953,46.52614
13133,7.53953,46.58002
13134,7.53956,46.49026
13135,7.53956,46.54413
13136,7.53956,46.59801
13137,7.5396,46.45438
13138,7.5396,46.50825
13139,7.5396,46.616
13140,7.53963,46.47237
13141,7.53963,46.58012
13142,7.53963,46.63399
13143,7.53966,46.49036
13144,7.53966,46.54423
13145,7.53966,46.59811
13146,7.53966,46.65198
13147,7.5397,46.45448
13148,7.5397,46.50835
13149,7.5397,46.6161
13150,7.5397,46.66997
13151,7.53973,46.47247
13152,7.53973,46.58022
13153,7.53973,46.63409
13154,7.53973,46.68796
13155,7.53976,46.49046
13156,7.53976,46.54433
13157,7.53976,46.59821
13158,7.53976,46.65208
13159,7.53976,46.70595
13160,7.5398,46.50845
13161,7.5398,46.6162
13162,7.5398,46.67007
13163,7.5398,46.72394
13164,7.53983,46.58032
13165,7.53983,46.63419
13166,7.53983,46.68806
13167,7.53983,46.74193
13168,7.53986,46.59831
13169,7.53986,46.65218
13170,7.53986,46.70605
13171,7.53986,46.75993
13172,7.5399,46.6163
13173,7.5399,46.67017
13174,7.5399,46.72404
13175,7.5399,46.77792
13176,7.53993,46.58042
13177,7.53993,46.63429
13178,7.53993,46.68816
13179,7.53993,46.74203
13180,7.53993,46.79591
13181,7.53996,46.59841
13182,7.53996,46.65228
13183,7.53996,46.70615
13184,7.53996,46.76003
13185,7.53996,46.8139
13186,7.54,46.6164
13187,7.54,46.67027
13188,7.54,46.72414
13189,7.54,46.77802
13190,7.54,46.83189
13191,7.54003,46.63439
13192,7.54003,46.68826
13193,7.54003,46.74213
13194,7.54003,46.79601
13195,7.54003,46.84988
13196,7.54006,46.65238
13197,7.54006,46.70625
13198,7.54006,46.76013
13199,7.54006,46.814
13200,7.54007,46.86787
13201,7.5401,46.67037
13202,7.5401,46.72424
13203,7.5401,46.77812
13204,7.5401,46.83199
13205,7.5401,46.88586
13206,7.54013,46.68836
13207,7.54013,46.74223
13208,7.54013,46.79611
13209,7.54013,46.84998
13210,7.54013,46.90385
13211,7.54016,46.76023
13212,7.54016,46.8141
13213,7.54017,46.86797
13214,7.54017,46.92184
13215,7.5402,46.72434
13216,7.5402,46.77822
13217,7.5402,46.83209
13218,7.5402,46.88596
13219,7.5402,46.93983
13220,7.54023,46.74233
13221,7.54023,46.79621
13222,7.54023,46.85008
13223,7.54023,46.90395
13224,7.54023,46.95782
13225,7.54026,46.76033
13226,7.54026,46.8142
13227,7.54027,46.86807
13228,7.54027,46.92194
13229,7.54027,46.97581
13230,7.5403,46.77832
13231,7.5403,46.83219
13232,7.5403,46.88606
13233,7.5403,46.93993
13234,7.5403,46.9938
13235,7.54033,46.79631
13236,7.54033,46.85018
13237,7.54033,46.90405
13238,7.54033,46.95792
13239,7.54034,47.01179
13240,7.54036,46.8143
13241,7.54037,46.86817
13242,7.54037,46.92204
13243,7.54037,46.97591
13244,7.54037,47.02978
13245,7.5404,46.83229
13246,7.5404,46.88616
13247,7.5404,46.94003
13248,7.5404,46.9939
13249,7.5404,47.04777
13250,7.54043,46.85028
13251,7.54043,46.90415
13252,7.54043,46.95802
13253,7.54044,47.01189
13254,7.54044,47.06576
13255,7.54047,46.86827
13256,7.54047,46.92214
13257,7.54047,46.97601
13258,7.54047,47.02988
13259,7.54047,47.08375
13260,7.5405,46.88626
13261,7.5405,46.94013
13262,7.5405,46.994
13263,7.5405,47.04787
13264,7.54051,47.10174
13265,7.54053,46.90425
13266,7.54053,46.95812
13267,7.54054,47.01199
13268,7.54054,47.06586
13269,7.54054,47.11973
13270,7.54057,46.92224
13271,7.54057,46.97611
13272,7.54057,47.02998
13273,7.54057,47.08385
13274,7.54057,47.13772
13275,7.5406,46.94023
13276,7.5406,46.9941
13277,7.5406,47.04797
13278,7.54061,47.10184
13279,7.54061,47.15571
13280,7.54063,46.95822
13281,7.54064,47.01209
13282,7.54064,47.06596
13283,7.54064,47.11983
13284,7.54064,47.1737
13285,7.54067,46.97621
13286,7.54067,47.03008
13287,7.54067,47.08395
13288,7.54067,47.13782
13289,7.54068,47.19169
13290,7.5407,46.9942
13291,7.5407,47.04807
13292,7.54071,47.10194
13293,7.54071,47.15581
13294,7.54071,47.20968
13295,7.54074,47.01219
13296,7.54074,47.06606
13297,7.54074,47.11993
13298,7.54074,47.1738
13299,7.54074,47.22767
13300,7.54077,47.03018
13301,7.54077,47.08405
13302,7.54077,47.13792
13303,7.54078,47.19179
13304,7.54078,47.24566
13305,7.5408,47.04817
13306,7.54081,47.10204
13307,7.54081,47.15591
13308,7.54081,47.20978
13309,7.54081,47.26365
13310,7.54084,47.06616
13311,7.54084,47.12003
13312,7.54084,47.1739
13313,7.54084,47.22777
13314,7.54085,47.28164
13315,7.54087,47.08415
13316,7.54087,47.13802
13317,7.54088,47.19189
13318,7.54088,47.24576
13319,7.54088,47.29963
13320,7.54091,47.10214
13321,7.54091,47.15601
13322,7.54091,47.20988
13323,7.54091,47.26375
13324,7.54092,47.31761
13325,7.54094,47.12013
13326,7.54094,47.174
13327,7.54094,47.22787
13328,7.54095,47.28174
13329,7.54095,47.3356
13330,7.54097,47.13812
13331,7.54098,47.19199
13332,7.54098,47.24586
13333,7.54098,47.29973
13334,7.54098,47.35359
13335,7.54101,47.15611
13336,7.54101,47.20998
13337,7.54101,47.26385
13338,7.54102,47.31771
13339,7.54102,47.37158
13340,7.54104,47.1741
13341,7.54104,47.22797
13342,7.54105,47.28184
13343,7.54105,47.3357
13344,7.54105,47.38957
13345,7.54108,47.19209
13346,7.54108,47.24596
13347,7.54108,47.29983
13348,7.54108,47.35369
13349,7.54109,47.40756
13350,7.54111,47.21008
13351,7.54111,47.26395
13352,7.54112,47.31781
13353,7.54112,47.37168
13354,7.54112,47.42555
13355,7.54114,47.22807
13356,7.54115,47.28194
13357,7.54115,47.3358
13358,7.54115,47.38967
13359,7.54116,47.44353
13360,7.54118,47.24606
13361,7.54118,47.29993
13362,7.54118,47.35379
13363,7.54119,47.40766
13364,7.54119,47.46152
13365,7.54121,47.26405
13366,7.54122,47.31791
13367,7.54122,47.37178
13368,7.54122,47.42565
13369,7.54122,47.47951
13370,7.54125,47.28204
13371,7.54125,47.3359
13372,7.54125,47.38977
13373,7.54126,47.44363
13374,7.54126,47.4975
13375,7.54128,47.30003
13376,7.54128,47.35389
13377,7.54129,47.40776
13378,7.54129,47.46162
13379,7.54129,47.51548
13380,7.54132,47.31801
13381,7.54132,47.37188
13382,7.54132,47.42575
13383,7.54132,47.47961
13384,7.54133,47.53347
13385,7.54135,47.336
13386,7.54135,47.38987
13387,7.54136,47.44373
13388,7.54136,47.4976
13389,7.54136,47.55146
13390,7.54138,47.35399
13391,7.54139,47.40786
13392,7.54139,47.46172
13393,7.54139,47.51558
13394,7.5414,47.56945
13395,7.54142,47.37198
13396,7.54142,47.42585
13397,7.54142,47.47971
13398,7.54143,47.53357
13399,7.54145,47.38997
13400,7.54146,47.44383
13401,7.54146,47.4977
13402,7.54146,47.55156
13403,7.54149,47.40796
13404,7.54149,47.46182
13405,7.54149,47.51568
13406,7.5415,47.56955
13407,7.54152,47.42595
13408,7.54152,47.47981
13409,7.54153,47.53367
13410,7.54156,47.44393
13411,7.54156,47.4978
13412,7.54156,47.55166
13413,7.54159,47.46192
13414,7.54159,47.51578
13415,7.5416,47.56965
13416,7.54162,47.47991
13417,7.54163,47.53377
13418,7.54166,47.4979
13419,7.54166,47.55176
13420,7.54169,47.51588
13421,7.5417,47.56975
13422,7.54173,47.53387
13423,7.54176,47.55186
13424,7.5418,47.56985
13425,7.56458,46.13021
13426,7.56466,46.16619
13427,7.56468,46.13031
13428,7.5647,46.18418
13429,7.56475,46.20217
13430,7.56476,46.16629
13431,7.56478,46.13041
13432,7.56479,46.22017
13433,7.5648,46.18428
13434,7.56483,46.23816
13435,7.56485,46.20227
13436,7.56486,46.16639
13437,7.56487,46.25615
13438,7.56488,46.13051
13439,7.56489,46.22027
13440,7.5649,46.18438
13441,7.56491,46.27414
13442,7.56493,46.23826
13443,7.56495,46.20237
13444,7.56495,46.29213
13445,7.56496,46.16649
13446,7.56497,46.25625
13447,7.56498,46.13061
13448,7.56499,46.22037
13449,7.56499,46.31012
13450,7.565,46.18448
13451,7.56501,46.27424
13452,7.56503,46.23836
13453,7.56504,46.32811
13454,7.56505,46.20247
13455,7.56505,46.29223
13456,7.56506,46.16659
13457,7.56507,46.25635
13458,7.56508,46.3461
13459,7.56509,46.22047
13460,7.56509,46.31022
13461,7.5651,46.18458
13462,7.56511,46.27434
13463,7.56513,46.23846
13464,7.56514,46.32821
13465,7.56515,46.20257
13466,7.56515,46.29233
13467,7.56517,46.25645
13468,7.56518,46.3462
13469,7.56519,46.22057
13470,7.56519,46.31032
13471,7.56521,46.27444
13472,7.56523,46.23856
13473,7.56524,46.32831
13474,7.56525,46.29243
13475,7.56527,46.25655
13476,7.56528,46.3463
13477,7.56529,46.31042
13478,7.56529,46.43606
13479,7.56531,46.27454
13480,7.56533,46.45405
13481,7.56534,46.32841
13482,7.56535,46.29253
13483,7.56537,46.47204
13484,7.56539,46.31052
13485,7.56539,46.43616
13486,7.56541,46.49003
13487,7.56543,46.45415
13488,7.56544,46.32851
13489,7.56545,46.50802
13490,7.56547,46.47214
13491,7.56549,46.43626
13492,7.5655,46.52602
13493,7.56551,46.49013
13494,7.56553,46.45425
13495,7.56554,46.54401
13496,7.56555,46.50812
13497,7.56557,46.47224
13498,7.56558,46.562
13499,7.56559,46.43636
13500,7.5656,46.52612
13501,7.56561,46.49023
13502,7.56562,46.57999
13503,7.56563,46.45435
13504,7.56564,46.54411
13505,7.56565,46.50822
13506,7.56566,46.59798
13507,7.56567,46.47234
13508,7.56568,46.5621
13509,7.56569,46.43646
13510,7.5657,46.52622
13511,7.56571,46.49033
13512,7.56571,46.61597
13513,7.56572,46.58009
13514,7.56573,46.45445
13515,7.56574,46.54421
13516,7.56575,46.50832
13517,7.56575,46.63396
13518,7.56576,46.59808
13519,7.56577,46.47244
13520,7.56578,46.5622
13521,7.56579,46.65195
13522,7.5658,46.52632
13523,7.56581,46.49043
13524,7.56581,46.61607
13525,7.56582,46.58019
13526,7.56583,46.66994
13527,7.56584,46.54431
13528,7.56585,46.50842
13529,7.56585,46.63406
13530,7.56586,46.59818
13531,7.56587,46.68794
13532,7.56588,46.5623
13533,7.56589,46.65205
13534,7.5659,46.52642
13535,7.56591,46.61617
13536,7.56592,46.58029
13537,7.56592,46.70593
13538,7.56593,46.67004
13539,7.56594,46.54441
13540,7.56595,46.63416
13541,7.56596,46.59828
13542,7.56596,46.72392
13543,7.56597,46.68804
13544,7.56598,46.5624
13545,7.56599,46.65215
13546,7.566,46.74191
13547,7.56601,46.61627
13548,7.56602,46.58039
13549,7.56602,46.70603
13550,7.56603,46.67014
13551,7.56604,46.7599
13552,7.56605,46.63426
13553,7.56606,46.59838
13554,7.56606,46.72402
13555,7.56607,46.68814
13556,7.56609,46.65225
13557,7.56609,46.77789
13558,7.5661,46.74201
13559,7.56611,46.61637
13560,7.56612,46.70613
13561,7.56613,46.67024
13562,7.56613,46.79588
13563,7.56614,46.76
13564,7.56615,46.63436
13565,7.56616,46.72412
13566,7.56617,46.68824
13567,7.56617,46.81387
13568,7.56619,46.65235
13569,7.56619,46.77799
13570,7.5662,46.74211
13571,7.56621,46.83186
13572,7.56622,46.70623
13573,7.56623,46.67034
13574,7.56623,46.79598
13575,7.56624,46.7601
13576,7.56626,46.72422
13577,7.56626,46.84985
13578,7.56627,46.68834
13579,7.56627,46.81397
13580,7.56629,46.77809
13581,7.5663,46.74221
13582,7.5663,46.86784
13583,7.56631,46.83196
13584,7.56632,46.70633
13585,7.56633,46.79608
13586,7.56634,46.7602
13587,7.56634,46.88583
13588,7.56636,46.72432
13589,7.56636,46.84995
13590,7.56637,46.81407
13591,7.56638,46.90382
13592,7.56639,46.77819
13593,7.5664,46.74231
13594,7.5664,46.86794
13595,7.56641,46.83206
13596,7.56643,46.79618
13597,7.56643,46.92181
13598,7.56644,46.7603
13599,7.56644,46.88593
13600,7.56646,46.85005
13601,7.56647,46.81417
13602,7.56647,46.93981
13603,7.56648,46.90392
13604,7.56649,46.77829
13605,7.5665,46.86804
13606,7.56651,46.83216
13607,7.56651,46.9578
13608,7.56653,46.79628
13609,7.56653,46.92191
13610,7.56654,46.88603
13611,7.56655,46.97579
13612,7.56656,46.85015
13613,7.56657,46.81427
13614,7.56657,46.93991
13615,7.56658,46.90402
13616,7.5666,46.86814
13617,7.5666,46.99378
13618,7.56661,46.83226
13619,7.56661,46.9579
13620,7.56663,46.92201
13621,7.56664,46.88613
13622,7.56664,47.01177
13623,7.56665,46.97589
13624,7.56666,46.85025
13625,7.56667,46.94001
13626,7.56668,46.90412
13627,7.56668,47.02976
13628,7.5667,46.86824
13629,7.5667,46.99388
13630,7.56671,46.958
13631,7.56672,47.04775
13632,7.56673,46.92211
13633,7.56674,46.88623
13634,7.56674,47.01187
13635,7.56675,46.97599
13636,7.56677,46.94011
13637,7.56677,47.06574
13638,7.56678,46.90422
13639,7.56678,47.02986
13640,7.5668,46.99398
13641,7.56681,46.9581
13642,7.56681,47.08373
13643,7.56682,47.04785
13644,7.56683,46.92221
13645,7.56684,47.01197
13646,7.56685,46.97609
13647,7.56685,47.10172
13648,7.56687,46.94021
13649,7.56687,47.06584
13650,7.56688,47.02996
13651,7.56689,47.11971
13652,7.5669,46.99408
13653,7.56691,46.9582
13654,7.56691,47.08383
13655,7.56692,47.04795
13656,7.56694,47.01207
13657,7.56694,47.1377
13658,7.56695,46.97619
13659,7.56695,47.10182
13660,7.56697,47.06594
13661,7.56698,47.03006
13662,7.56698,47.15568
13663,7.56699,47.11981
13664,7.567,46.99418
13665,7.56701,47.08393
13666,7.56702,47.04805
13667,7.56702,47.17367
13668,7.56704,47.01217
13669,7.56704,47.1378
13670,7.56705,47.10192
13671,7.56707,47.06604
13672,7.56707,47.19166
13673,7.56708,47.03016
13674,7.56708,47.15578
13675,7.56709,47.11991
13676,7.56711,47.08403
13677,7.56711,47.20965
13678,7.56712,47.04815
13679,7.56712,47.17377
13680,7.56714,47.1379
13681,7.56715,47.10202
13682,7.56715,47.22764
13683,7.56717,47.06614
13684,7.56717,47.19176
13685,7.56718,47.15588
13686,7.56719,47.12001
13687,7.5672,47.24563
13688,7.56721,47.08413
13689,7.56721,47.20975
13690,7.56722,47.17387
13691,7.56724,47.138
13692,7.56724,47.26362
13693,7.56725,47.10212
13694,7.56725,47.22774
13695,7.56727,47.19186
13696,7.56728,47.15598
13697,7.56728,47.28161
13698,7.56729,47.12011
13699,7.5673,47.24573
13700,7.56731,47.20985
13701,7.56732,47.17397
13702,7.56732,47.2996
13703,7.56734,47.1381
13704,7.56734,47.26372
13705,7.56735,47.22784
13706,7.56737,47.19196
13707,7.56737,47.31759
13708,7.56738,47.15608
13709,7.56738,47.28171
13710,7.5674,47.24583
13711,7.56741,47.20995
13712,7.56741,47.33558
13713,7.56742,47.17407
13714,7.56742,47.2997
13715,7.56744,47.26382
13716,7.56745,47.22794
13717,7.56745,47.35356
13718,7.56747,47.19206
13719,7.56747,47.31769
13720,7.56748,47.28181
13721,7.5675,47.24593
13722,7.5675,47.37155
13723,7.56751,47.21005
13724,7.56751,47.33568
13725,7.56752,47.2998
13726,7.56754,47.26392
13727,7.56754,47.38954
13728,7.56755,47.22804
13729,7.56755,47.35366
13730,7.56757,47.31779
13731,7.56758,47.28191
13732,7.56758,47.40753
13733,7.5676,47.24603
13734,7.5676,47.37165
13735,7.56761,47.33578
13736,7.56762,47.2999
13737,7.56763,47.42552
13738,7.56764,47.26402
13739,7.56764,47.38964
13740,7.56765,47.35376
13741,7.56767,47.31789
13742,7.56767,47.44351
13743,7.56768,47.28201
13744,7.56768,47.40763
13745,7.5677,47.37175
13746,7.56771,47.33588
13747,7.56771,47.46149
13748,7.56772,47.3
13749,7.56773,47.42562
13750,7.56774,47.38974
13751,7.56775,47.35386
13752,7.56776,47.47948
13753,7.56777,47.31799
13754,7.56777,47.44361
13755,7.56778,47.40773
13756,7.5678,47.37185
13757,7.5678,47.49747
13758,7.56781,47.33598
13759,7.56781,47.46159
13760,7.56783,47.42572
13761,7.56784,47.38984
13762,7.56784,47.51546
13763,7.56785,47.35396
13764,7.56786,47.47958
13765,7.56787,47.44371
13766,7.56788,47.40783
13767,7.56789,47.53345
13768,7.5679,47.37195
13769,7.5679,47.49757
13770,7.56791,47.46169
13771,7.56793,47.42582
13772,7.56793,47.55143
13773,7.56794,47.38994
13774,7.56794,47.51556
13775,7.56796,47.47968
13776,7.56797,47.44381
13777,7.56798,47.40793
13778,7.56798,47.56942
13779,7.56799,47.53355
13780,7.568,47.49767
13781,7.56801,47.46179
13782,7.56803,47.42592
13783,7.56803,47.55153
13784,7.56804,47.51566
13785,7.56806,47.47978
13786,7.56807,47.44391
13787,7.56808,47.56952
13788,7.56809,47.53365
13789,7.5681,47.49777
13790,7.56811,47.46189
13791,7.56813,47.55163
13792,7.56814,47.51576
13793,7.56816,47.47988
13794,7.56818,47.56962
13795,7.56819,47.53375
13796,7.5682,47.49787
13797,7.56823,47.55173
13798,7.56824,47.51586
13799,7.56828,47.56972
13800,7.56829,47.53385
13801,7.56833,47.55183
13802,7.56838,47.56982
13803,7.59036,46.0942
13804,7.59051,46.14817
13805,7.59061,46.14827
13806,7.59061,46.18415
13807,7.59066,46.20214
13808,7.59071,46.18425
13809,7.59071,46.22013
13810,7.59076,46.20224
13811,7.59076,46.23812
13812,7.59081,46.18435
13813,7.59081,46.22023
13814,7.59081,46.25612
13815,7.59086,46.20234
13816,7.59086,46.23822
13817,7.59091,46.18445
13818,7.59091,46.22033
13819,7.59091,46.25622
13820,7.59091,46.2921
13821,7.59096,46.20244
13822,7.59096,46.23832
13823,7.59096,46.31009
13824,7.59101,46.18455
13825,7.59101,46.22043
13826,7.59101,46.25632
13827,7.59101,46.2922
13828,7.59101,46.32808
13829,7.59106,46.20254
13830,7.59106,46.23842
13831,7.59106,46.31019
13832,7.59106,46.34607
13833,7.59111,46.22053
13834,7.59111,46.25642
13835,7.59111,46.2923
13836,7.59111,46.32818
13837,7.59111,46.36406
13838,7.59116,46.31029
13839,7.59116,46.34617
13840,7.59121,46.25652
13841,7.59121,46.2924
13842,7.59121,46.32828
13843,7.59126,46.31039
13844,7.59131,46.2925
13845,7.59131,46.32838
13846,7.59131,46.43603
13847,7.59136,46.31049
13848,7.59141,46.32848
13849,7.59141,46.47201
13850,7.59146,46.49
13851,7.59151,46.47211
13852,7.59151,46.50799
13853,7.59156,46.4901
13854,7.59156,46.52598
13855,7.59161,46.47221
13856,7.59161,46.50809
13857,7.59161,46.54398
13858,7.59166,46.4902
13859,7.59166,46.52608
13860,7.59166,46.56197
13861,7.59171,46.50819
13862,7.59171,46.54408
13863,7.59171,46.57996
13864,7.59176,46.4903
13865,7.59176,46.52618
13866,7.59176,46.56207
13867,7.59176,46.59795
13868,7.59181,46.50829
13869,7.59181,46.54418
13870,7.59181,46.58006
13871,7.59182,46.61594
13872,7.59186,46.4904
13873,7.59186,46.52628
13874,7.59186,46.56217
13875,7.59186,46.59805
13876,7.59187,46.63393
13877,7.59191,46.50839
13878,7.59191,46.54428
13879,7.59191,46.58016
13880,7.59192,46.61604
13881,7.59192,46.65192
13882,7.59196,46.52638
13883,7.59196,46.56227
13884,7.59196,46.59815
13885,7.59197,46.63403
13886,7.59197,46.66991
13887,7.59201,46.54438
13888,7.59201,46.58026
13889,7.59202,46.61614
13890,7.59202,46.65202
13891,7.59202,46.6879
13892,7.59206,46.56237
13893,7.59206,46.59825
13894,7.59207,46.63413
13895,7.59207,46.67001
13896,7.59207,46.70589
13897,7.59211,46.58036
13898,7.59212,46.61624
13899,7.59212,46.65212
13900,7.59212,46.688
13901,7.59212,46.72389
13902,7.59216,46.59835
13903,7.59217,46.63423
13904,7.59217,46.67011
13905,7.59217,46.70599
13906,7.59217,46.74188
13907,7.59222,46.61634
13908,7.59222,46.65222
13909,7.59222,46.6881
13910,7.59222,46.72399
13911,7.59222,46.75987
13912,7.59227,46.63433
13913,7.59227,46.67021
13914,7.59227,46.70609
13915,7.59227,46.74198
13916,7.59227,46.77786
13917,7.59232,46.65232
13918,7.59232,46.6882
13919,7.59232,46.72409
13920,7.59232,46.75997
13921,7.59232,46.79585
13922,7.59237,46.67031
13923,7.59237,46.70619
13924,7.59237,46.74208
13925,7.59237,46.77796
13926,7.59238,46.81384
13927,7.59242,46.6883
13928,7.59242,46.72419
13929,7.59242,46.76007
13930,7.59242,46.79595
13931,7.59243,46.83183
13932,7.59247,46.70629
13933,7.59247,46.74218
13934,7.59247,46.77806
13935,7.59248,46.81394
13936,7.59248,46.84982
13937,7.59252,46.72429
13938,7.59252,46.76017
13939,7.59252,46.79605
13940,7.59253,46.83193
13941,7.59253,46.86781
13942,7.59257,46.74228
13943,7.59257,46.77816
13944,7.59258,46.81404
13945,7.59258,46.84992
13946,7.59258,46.8858
13947,7.59262,46.76027
13948,7.59262,46.79615
13949,7.59263,46.83203
13950,7.59263,46.86791
13951,7.59263,46.90379
13952,7.59267,46.77826
13953,7.59268,46.81414
13954,7.59268,46.85002
13955,7.59268,46.8859
13956,7.59268,46.92178
13957,7.59272,46.79625
13958,7.59273,46.83213
13959,7.59273,46.86801
13960,7.59273,46.90389
13961,7.59273,46.93977
13962,7.59278,46.81424
13963,7.59278,46.85012
13964,7.59278,46.886
13965,7.59278,46.92188
13966,7.59279,46.95776
13967,7.59283,46.83223
13968,7.59283,46.86811
13969,7.59283,46.90399
13970,7.59283,46.93987
13971,7.59284,46.97575
13972,7.59288,46.85022
13973,7.59288,46.8861
13974,7.59288,46.92198
13975,7.59289,46.95786
13976,7.59289,46.99374
13977,7.59293,46.86821
13978,7.59293,46.90409
13979,7.59293,46.93997
13980,7.59294,46.97585
13981,7.59294,47.01173
13982,7.59298,46.8862
13983,7.59298,46.92208
13984,7.59299,46.95796
13985,7.59299,46.99384
13986,7.59299,47.02972
13987,7.59303,46.90419
13988,7.59303,46.94007
13989,7.59304,46.97595
13990,7.59304,47.01183
13991,7.59304,47.04771
13992,7.59308,46.92218
13993,7.59309,46.95806
13994,7.59309,46.99394
13995,7.59309,47.02982
13996,7.59309,47.0657
13997,7.59313,46.94017
13998,7.59314,46.97605
13999,7.59314,47.01193
14000,7.59314,47.04781
14001,7.59315,47.08369
14002,7.59319,46.95816
14003,7.59319,46.99404
14004,7.59319,47.02992
14005,7.59319,47.0658
14006,7.5932,47.10168
14007,7.59324,46.97615
14008,7.59324,47.01203
14009,7.59324,47.04791
14010,7.59325,47.08379
14011,7.59325,47.11967
14012,7.59329,46.99414
14013,7.59329,47.03002
14014,7.59329,47.0659
14015,7.5933,47.10178
14016,7.5933,47.13766
14017,7.59334,47.01213
14018,7.59334,47.04801
14019,7.59335,47.08389
14020,7.59335,47.11977
14021,7.59335,47.15565
14022,7.59339,47.03012
14023,7.59339,47.066
14024,7.5934,47.10188
14025,7.5934,47.13776
14026,7.59341,47.17364
14027,7.59344,47.04811
14028,7.59345,47.08399
14029,7.59345,47.11987
14030,7.59345,47.15575
14031,7.59346,47.19163
14032,7.59349,47.0661
14033,7.5935,47.10198
14034,7.5935,47.13786
14035,7.59351,47.17374
14036,7.59351,47.20962
14037,7.59355,47.08409
14038,7.59355,47.11997
14039,7.59355,47.15585
14040,7.59356,47.19173
14041,7.59356,47.22761
14042,7.5936,47.10208
14043,7.5936,47.13796
14044,7.59361,47.17384
14045,7.59361,47.20972
14046,7.59361,47.2456
14047,7.59365,47.12007
14048,7.59365,47.15595
14049,7.59366,47.19183
14050,7.59366,47.22771
14051,7.59366,47.26359
14052,7.5937,47.13806
14053,7.59371,47.17394
14054,7.59371,47.20982
14055,7.59371,47.2457
14056,7.59372,47.28158
14057,7.59375,47.15605
14058,7.59376,47.19193
14059,7.59376,47.22781
14060,7.59376,47.26369
14061,7.59377,47.29957
14062,7.59381,47.17404
14063,7.59381,47.20992
14064,7.59381,47.2458
14065,7.59382,47.28168
14066,7.59382,47.31756
14067,7.59386,47.19203
14068,7.59386,47.22791
14069,7.59386,47.26379
14070,7.59387,47.29967
14071,7.59387,47.33554
14072,7.59391,47.21002
14073,7.59391,47.2459
14074,7.59392,47.28178
14075,7.59392,47.31766
14076,7.59393,47.35353
14077,7.59396,47.22801
14078,7.59396,47.26389
14079,7.59397,47.29977
14080,7.59397,47.33564
14081,7.59398,47.37152
14082,7.59401,47.246
14083,7.59402,47.28188
14084,7.59402,47.31776
14085,7.59403,47.35363
14086,7.59403,47.38951
14087,7.59406,47.26399
14088,7.59407,47.29987
14089,7.59407,47.33574
14090,7.59408,47.37162
14091,7.59408,47.4075
14092,7.59412,47.28198
14093,7.59412,47.31786
14094,7.59413,47.35373
14095,7.59413,47.38961
14096,7.59413,47.42549
14097,7.59417,47.29997
14098,7.59417,47.33584
14099,7.59418,47.37172
14100,7.59418,47.4076
14101,7.59419,47.44347
14102,7.59422,47.31796
14103,7.59423,47.35383
14104,7.59423,47.38971
14105,7.59423,47.42559
14106,7.59424,47.46146
14107,7.59427,47.33594
14108,7.59428,47.37182
14109,7.59428,47.4077
14110,7.59429,47.44357
14111,7.59429,47.47945
14112,7.59433,47.35393
14113,7.59433,47.38981
14114,7.59433,47.42569
14115,7.59434,47.46156
14116,7.59434,47.49744
14117,7.59438,47.37192
14118,7.59438,47.4078
14119,7.59439,47.44367
14120,7.59439,47.47955
14121,7.5944,47.51543
14122,7.59443,47.38991
14123,7.59443,47.42579
14124,7.59444,47.46166
14125,7.59444,47.49754
14126,7.59445,47.53341
14127,7.59448,47.4079
14128,7.59449,47.44377
14129,7.59449,47.47965
14130,7.5945,47.51553
14131,7.5945,47.5514
14132,7.59453,47.42589
14133,7.59454,47.46176
14134,7.59454,47.49764
14135,7.59455,47.53351
14136,7.59455,47.56939
14137,7.59459,47.44387
14138,7.59459,47.47975
14139,7.5946,47.51563
14140,7.5946,47.5515
14141,7.59461,47.58738
14142,7.59464,47.46186
14143,7.59464,47.49774
14144,7.59465,47.53361
14145,7.59465,47.56949
14146,7.59469,47.47985
14147,7.5947,47.51573
14148,7.5947,47.5516
14149,7.59471,47.58748
14150,7.59474,47.49784
14151,7.59475,47.53371
14152,7.59475,47.56959
14153,7.5948,47.51583
14154,7.5948,47.5517
14155,7.59481,47.58758
14156,7.59485,47.53381
14157,7.59485,47.56969
14158,7.5949,47.5518
14159,7.59491,47.58768
14160,7.59495,47.56979
14161,7.59501,47.58778
14162,7.61633,46.13014
14163,7.61639,46.14813
14164,7.61643,46.13024
14165,7.61645,46.16612
14166,7.61649,46.14823
14167,7.61651,46.18411
14168,7.61653,46.13034
14169,7.61655,46.16622
14170,7.61657,46.2021
14171,7.61659,46.14833
14172,7.61661,46.18421
14173,7.61663,46.13044
14174,7.61663,46.2201
14175,7.61665,46.16632
14176,7.61667,46.2022
14177,7.61668,46.23809
14178,7.61669,46.14843
14179,7.61671,46.18431
14180,7.61673,46.13054
14181,7.61673,46.2202
14182,7.61674,46.25608
14183,7.61675,46.16642
14184,7.61677,46.2023
14185,7.61678,46.23819
14186,7.61679,46.14853
14187,7.61681,46.18441
14188,7.61683,46.2203
14189,7.61684,46.25618
14190,7.61685,46.16652
14191,7.61686,46.29206
14192,7.61687,46.2024
14193,7.61691,46.18451
14194,7.61692,46.31005
14195,7.61693,46.2204
14196,7.61694,46.25628
14197,7.61697,46.2025
14198,7.61698,46.32804
14199,7.61702,46.31015
14200,7.61703,46.2205
14201,7.61704,46.25638
14202,7.61704,46.34603
14203,7.61708,46.32814
14204,7.6171,46.36403
14205,7.61712,46.31025
14206,7.61714,46.34613
14207,7.61715,46.38202
14208,7.61718,46.32824
14209,7.6172,46.36413
14210,7.61721,46.40001
14211,7.61722,46.31035
14212,7.61724,46.34623
14213,7.61725,46.38212
14214,7.61728,46.32834
14215,7.6173,46.36423
14216,7.61732,46.31045
14217,7.61733,46.43599
14218,7.61734,46.34633
14219,7.61735,46.38222
14220,7.61738,46.32844
14221,7.61739,46.45398
14222,7.6174,46.36433
14223,7.61744,46.34643
14224,7.61745,46.38232
14225,7.61749,46.45408
14226,7.6175,46.36443
14227,7.61751,46.48996
14228,7.61755,46.38242
14229,7.61757,46.50795
14230,7.61759,46.45418
14231,7.61761,46.49006
14232,7.61763,46.52595
14233,7.61767,46.50805
14234,7.61769,46.45428
14235,7.61769,46.54394
14236,7.61771,46.49016
14237,7.61773,46.52605
14238,7.61775,46.56193
14239,7.61777,46.50815
14240,7.61779,46.45438
14241,7.61779,46.54404
14242,7.61781,46.57992
14243,7.61783,46.52615
14244,7.61785,46.56203
14245,7.61787,46.50825
14246,7.61787,46.59791
14247,7.61789,46.54414
14248,7.61791,46.58002
14249,7.61792,46.6159
14250,7.61793,46.52625
14251,7.61795,46.56213
14252,7.61797,46.50835
14253,7.61797,46.59801
14254,7.61798,46.63389
14255,7.61799,46.54424
14256,7.61801,46.58012
14257,7.61802,46.616
14258,7.61803,46.52635
14259,7.61804,46.65188
14260,7.61805,46.56223
14261,7.61807,46.59811
14262,7.61808,46.63399
14263,7.61809,46.54434
14264,7.6181,46.66987
14265,7.61811,46.58022
14266,7.61812,46.6161
14267,7.61814,46.65198
14268,7.61815,46.56233
14269,7.61816,46.68787
14270,7.61817,46.59821
14271,7.61818,46.63409
14272,7.6182,46.66997
14273,7.61821,46.58032
14274,7.61822,46.6162
14275,7.61822,46.70586
14276,7.61824,46.65208
14277,7.61826,46.68797
14278,7.61827,46.59831
14279,7.61828,46.63419
14280,7.61828,46.72385
14281,7.6183,46.67007
14282,7.61832,46.6163
14283,7.61832,46.70596
14284,7.61834,46.65218
14285,7.61834,46.74184
14286,7.61836,46.68807
14287,7.61838,46.63429
14288,7.61838,46.72395
14289,7.6184,46.67017
14290,7.6184,46.75983
14291,7.61842,46.70606
14292,7.61844,46.65228
14293,7.61844,46.74194
14294,7.61846,46.68817
14295,7.61846,46.77782
14296,7.61848,46.72405
14297,7.6185,46.67027
14298,7.6185,46.75993
14299,7.61852,46.70616
14300,7.61852,46.79581
14301,7.61854,46.74204
14302,7.61856,46.68827
14303,7.61856,46.77792
14304,7.61858,46.72415
14305,7.61858,46.8138
14306,7.6186,46.76003
14307,7.61862,46.70626
14308,7.61862,46.79591
14309,7.61864,46.74214
14310,7.61864,46.83179
14311,7.61866,46.77802
14312,7.61868,46.72425
14313,7.61868,46.8139
14314,7.6187,46.76013
14315,7.6187,46.84978
14316,7.61872,46.79601
14317,7.61874,46.74224
14318,7.61874,46.83189
14319,7.61876,46.77812
14320,7.61876,46.86777
14321,7.61878,46.814
14322,7.6188,46.76023
14323,7.6188,46.84988
14324,7.61882,46.79611
14325,7.61882,46.88576
14326,7.61884,46.83199
14327,7.61886,46.77822
14328,7.61886,46.86787
14329,7.61888,46.8141
14330,7.61888,46.90375
14331,7.6189,46.84998
14332,7.61892,46.79621
14333,7.61892,46.88586
14334,7.61894,46.83209
14335,7.61894,46.92174
14336,7.61896,46.86797
14337,7.61898,46.8142
14338,7.61898,46.90385
14339,7.619,46.85008
14340,7.619,46.93973
14341,7.61902,46.88596
14342,7.61904,46.83219
14343,7.61904,46.92184
14344,7.61906,46.86807
14345,7.61906,46.95773
14346,7.61908,46.90395
14347,7.6191,46.85018
14348,7.6191,46.93983
14349,7.61912,46.88606
14350,7.61912,46.97572
14351,7.61914,46.92194
14352,7.61916,46.86817
14353,7.61916,46.95783
14354,7.61918,46.90405
14355,7.61918,46.99371
14356,7.6192,46.93993
14357,7.61922,46.88616
14358,7.61922,46.97582
14359,7.61924,46.92204
14360,7.61924,47.0117
14361,7.61926,46.95793
14362,7.61928,46.90415
14363,7.61928,46.99381
14364,7.6193,46.94003
14365,7.6193,47.02969
14366,7.61932,46.97592
14367,7.61934,46.92214
14368,7.61934,47.0118
14369,7.61936,46.95803
14370,7.61936,47.04768
14371,7.61938,46.99391
14372,7.6194,46.94013
14373,7.6194,47.02979
14374,7.61942,46.97602
14375,7.61942,47.06567
14376,7.61944,47.0119
14377,7.61946,46.95813
14378,7.61946,47.04778
14379,7.61948,46.99401
14380,7.61948,47.08366
14381,7.6195,47.02989
14382,7.61952,46.97612
14383,7.61952,47.06577
14384,7.61954,47.012
14385,7.61954,47.10165
14386,7.61956,47.04788
14387,7.61958,46.99411
14388,7.61958,47.08376
14389,7.6196,47.02999
14390,7.6196,47.11963
14391,7.61962,47.06587
14392,7.61964,47.0121
14393,7.61964,47.10175
14394,7.61966,47.04798
14395,7.61967,47.13762
14396,7.61968,47.08386
14397,7.6197,47.03009
14398,7.6197,47.11973
14399,7.61972,47.06597
14400,7.61973,47.15561
14401,7.61974,47.10185
14402,7.61976,47.04808
14403,7.61977,47.13772
14404,7.61978,47.08396
14405,7.61979,47.1736
14406,7.6198,47.11983
14407,7.61982,47.06607
14408,7.61983,47.15571
14409,7.61984,47.10195
14410,7.61985,47.19159
14411,7.61987,47.13782
14412,7.61988,47.08406
14413,7.61989,47.1737
14414,7.6199,47.11993
14415,7.61991,47.20958
14416,7.61993,47.15581
14417,7.61994,47.10205
14418,7.61995,47.19169
14419,7.61997,47.13792
14420,7.61997,47.22757
14421,7.61999,47.1738
14422,7.62,47.12003
14423,7.62001,47.20968
14424,7.62003,47.15591
14425,7.62003,47.24556
14426,7.62005,47.19179
14427,7.62007,47.13802
14428,7.62007,47.22767
14429,7.62009,47.1739
14430,7.62009,47.26355
14431,7.62011,47.20978
14432,7.62013,47.15601
14433,7.62013,47.24566
14434,7.62015,47.19189
14435,7.62015,47.28154
14436,7.62017,47.22777
14437,7.62019,47.174
14438,7.62019,47.26365
14439,7.62021,47.20988
14440,7.62021,47.29953
14441,7.62023,47.24576
14442,7.62025,47.19199
14443,7.62025,47.28164
14444,7.62027,47.22787
14445,7.62027,47.31752
14446,7.62029,47.26375
14447,7.62031,47.20998
14448,7.62031,47.29963
14449,7.62033,47.24586
14450,7.62033,47.33551
14451,7.62035,47.28174
14452,7.62037,47.22797
14453,7.62037,47.31762
14454,7.62039,47.26385
14455,7.6204,47.35349
14456,7.62041,47.29973
14457,7.62043,47.24596
14458,7.62043,47.33561
14459,7.62045,47.28184
14460,7.62046,47.37148
14461,7.62047,47.31772
14462,7.62049,47.26395
14463,7.6205,47.35359
14464,7.62051,47.29983
14465,7.62052,47.38947
14466,7.62053,47.33571
14467,7.62055,47.28194
14468,7.62056,47.37158
14469,7.62057,47.31782
14470,7.62058,47.40746
14471,7.6206,47.35369
14472,7.62061,47.29993
14473,7.62062,47.38957
14474,7.62063,47.33581
14475,7.62064,47.42545
14476,7.62066,47.37168
14477,7.62067,47.31792
14478,7.62068,47.40756
14479,7.6207,47.35379
14480,7.6207,47.44344
14481,7.62072,47.38967
14482,7.62073,47.33591
14483,7.62074,47.42555
14484,7.62076,47.37178
14485,7.62076,47.46142
14486,7.62078,47.40766
14487,7.6208,47.35389
14488,7.6208,47.44354
14489,7.62082,47.38977
14490,7.62082,47.47941
14491,7.62084,47.42565
14492,7.62086,47.37188
14493,7.62086,47.46152
14494,7.62088,47.40776
14495,7.62089,47.4974
14496,7.6209,47.44364
14497,7.62092,47.38987
14498,7.62092,47.47951
14499,7.62094,47.42575
14500,7.62095,47.51539
14501,7.62096,47.46162
14502,7.62098,47.40786
14503,7.62099,47.4975
14504,7.621,47.44374
14505,7.62101,47.53337
14506,7.62102,47.47961
14507,7.62104,47.42585
14508,7.62105,47.51549
14509,7.62106,47.46172
14510,7.62107,47.55136
14511,7.62109,47.4976
14512,7.6211,47.44384
14513,7.62111,47.53347
14514,7.62112,47.47971
14515,7.62113,47.56935
14516,7.62115,47.51559
14517,7.62116,47.46182
14518,7.62117,47.55146
14519,7.62119,47.4977
14520,7.62119,47.58734
14521,7.62121,47.53357
14522,7.62122,47.47981
14523,7.62123,47.56945
14524,7.62125,47.51569
14525,7.62127,47.55156
14526,7.62129,47.4978
14527,7.62129,47.58744
14528,7.62131,47.53367
14529,7.62133,47.56955
14530,7.62135,47.51579
14531,7.62137,47.55166
14532,7.62141,47.53377
14533,7.62143,47.56965
14534,7.62147,47.55176
14535,7.62153,47.56975
14536,7.64194,46.05813
14537,7.64208,46.09411
14538,7.64214,46.11211
14539,7.64221,46.1301
14540,7.64228,46.14809
14541,7.64231,46.1302
14542,7.64241,46.1303
14543,7.64241,46.18407
14544,7.64251,46.1304
14545,7.64261,46.1305
14546,7.64268,46.25603
14547,7.64275,46.27403
14548,7.64278,46.25613
14549,7.64281,46.29202
14550,7.64285,46.27413
14551,7.64288,46.25623
14552,7.64288,46.31001
14553,7.64291,46.29212
14554,7.64295,46.27423
14555,7.64295,46.328
14556,7.64298,46.25633
14557,7.64298,46.31011
14558,7.64301,46.29222
14559,7.64302,46.34599
14560,7.64305,46.27433
14561,7.64305,46.3281
14562,7.64308,46.25643
14563,7.64308,46.31021
14564,7.64308,46.36398
14565,7.64311,46.29232
14566,7.64312,46.34609
14567,7.64315,46.3282
14568,7.64315,46.38197
14569,7.64318,46.31031
14570,7.64318,46.36408
14571,7.64321,46.29242
14572,7.64322,46.34619
14573,7.64322,46.39996
14574,7.64325,46.3283
14575,7.64325,46.38207
14576,7.64328,46.31041
14577,7.64328,46.36418
14578,7.64332,46.34629
14579,7.64335,46.3284
14580,7.64335,46.38217
14581,7.64335,46.43595
14582,7.64338,46.36428
14583,7.64342,46.34639
14584,7.64342,46.45394
14585,7.64345,46.38227
14586,7.64345,46.43605
14587,7.64349,46.47193
14588,7.64352,46.45404
14589,7.64355,46.38237
14590,7.64356,46.48992
14591,7.64359,46.47203
14592,7.64362,46.45414
14593,7.64363,46.50791
14594,7.64366,46.49002
14595,7.64369,46.47213
14596,7.64369,46.5259
14597,7.64372,46.45424
14598,7.64376,46.49012
14599,7.64376,46.54389
14600,7.64379,46.47223
14601,7.64379,46.526
14602,7.64383,46.56188
14603,7.64386,46.49022
14604,7.64386,46.54399
14605,7.64389,46.47233
14606,7.64389,46.5261
14607,7.6439,46.57988
14608,7.64393,46.56198
14609,7.64396,46.49032
14610,7.64396,46.54409
14611,7.64397,46.59787
14612,7.64399,46.5262
14613,7.644,46.57998
14614,7.64403,46.56208
14615,7.64403,46.61586
14616,7.64406,46.54419
14617,7.64407,46.59797
14618,7.64409,46.5263
14619,7.6441,46.58008
14620,7.6441,46.63385
14621,7.64413,46.56218
14622,7.64413,46.61596
14623,7.64416,46.54429
14624,7.64417,46.59807
14625,7.64417,46.65184
14626,7.6442,46.58018
14627,7.6442,46.63395
14628,7.64423,46.56228
14629,7.64423,46.61606
14630,7.64424,46.66983
14631,7.64427,46.59817
14632,7.64427,46.65194
14633,7.6443,46.58028
14634,7.6443,46.63405
14635,7.64431,46.68782
14636,7.64433,46.61616
14637,7.64434,46.66993
14638,7.64437,46.59827
14639,7.64437,46.65204
14640,7.64438,46.70581
14641,7.6444,46.63415
14642,7.64441,46.68792
14643,7.64443,46.61626
14644,7.64444,46.67003
14645,7.64444,46.7238
14646,7.64447,46.65214
14647,7.64448,46.70591
14648,7.6445,46.63425
14649,7.64451,46.68802
14650,7.64451,46.74179
14651,7.64454,46.67013
14652,7.64454,46.7239
14653,7.64457,46.65224
14654,7.64458,46.70601
14655,7.64458,46.75978
14656,7.64461,46.68812
14657,7.64461,46.74189
14658,7.64464,46.67023
14659,7.64464,46.724
14660,7.64465,46.77778
14661,7.64468,46.70611
14662,7.64468,46.75988
14663,7.64471,46.68822
14664,7.64471,46.74199
14665,7.64472,46.79577
14666,7.64474,46.7241
14667,7.64475,46.77788
14668,7.64478,46.70621
14669,7.64478,46.75998
14670,7.64479,46.81376
14671,7.64481,46.74209
14672,7.64482,46.79587
14673,7.64484,46.7242
14674,7.64485,46.77798
14675,7.64485,46.83175
14676,7.64488,46.76008
14677,7.64489,46.81386
14678,7.64491,46.74219
14679,7.64492,46.79597
14680,7.64492,46.84974
14681,7.64495,46.77808
14682,7.64495,46.83185
14683,7.64498,46.76018
14684,7.64499,46.81396
14685,7.64499,46.86773
14686,7.64502,46.79607
14687,7.64502,46.84984
14688,7.64505,46.77818
14689,7.64505,46.83195
14690,7.64506,46.88572
14691,7.64509,46.81406
14692,7.64509,46.86783
14693,7.64512,46.79617
14694,7.64512,46.84994
14695,7.64513,46.90371
14696,7.64515,46.83205
14697,7.64516,46.88582
14698,7.64519,46.81416
14699,7.64519,46.86793
14700,7.6452,46.9217
14701,7.64522,46.85004
14702,7.64523,46.90381
14703,7.64525,46.83215
14704,7.64526,46.88592
14705,7.64527,46.93969
14706,7.64529,46.86803
14707,7.6453,46.9218
14708,7.64532,46.85014
14709,7.64533,46.90391
14710,7.64534,46.95768
14711,7.64536,46.88602
14712,7.64537,46.93979
14713,7.64539,46.86813
14714,7.6454,46.9219
14715,7.64541,46.97567
14716,7.64543,46.90401
14717,7.64544,46.95778
14718,7.64546,46.88612
14719,7.64547,46.93989
14720,7.64547,46.99366
14721,7.6455,46.922
14722,7.64551,46.97577
14723,7.64553,46.90411
14724,7.64554,46.95788
14725,7.64554,47.01165
14726,7.64557,46.93999
14727,7.64557,46.99376
14728,7.6456,46.9221
14729,7.64561,46.97587
14730,7.64561,47.02964
14731,7.64564,46.95798
14732,7.64564,47.01175
14733,7.64567,46.94009
14734,7.64567,46.99386
14735,7.64568,47.04763
14736,7.64571,46.97597
14737,7.64571,47.02974
14738,7.64574,46.95808
14739,7.64574,47.01185
14740,7.64575,47.06562
14741,7.64577,46.99396
14742,7.64578,47.04773
14743,7.64581,46.97607
14744,7.64581,47.02984
14745,7.64582,47.08361
14746,7.64584,47.01195
14747,7.64585,47.06572
14748,7.64587,46.99406
14749,7.64588,47.04783
14750,7.64589,47.1016
14751,7.64591,47.02994
14752,7.64592,47.08371
14753,7.64594,47.01205
14754,7.64595,47.06582
14755,7.64596,47.11959
14756,7.64598,47.04793
14757,7.64599,47.1017
14758,7.64601,47.03004
14759,7.64602,47.08381
14760,7.64603,47.13758
14761,7.64605,47.06592
14762,7.64606,47.11969
14763,7.64608,47.04803
14764,7.64609,47.1018
14765,7.6461,47.15557
14766,7.64612,47.08391
14767,7.64613,47.13768
14768,7.64615,47.06602
14769,7.64616,47.11979
14770,7.64617,47.17356
14771,7.64619,47.1019
14772,7.6462,47.15567
14773,7.64622,47.08401
14774,7.64623,47.13778
14775,7.64624,47.19155
14776,7.64626,47.11989
14777,7.64627,47.17366
14778,7.64629,47.102
14779,7.6463,47.15577
14780,7.64631,47.20954
14781,7.64633,47.13788
14782,7.64634,47.19165
14783,7.64636,47.11999
14784,7.64637,47.17376
14785,7.64638,47.22753
14786,7.6464,47.15587
14787,7.64641,47.20964
14788,7.64643,47.13798
14789,7.64644,47.19175
14790,7.64645,47.24552
14791,7.64647,47.17386
14792,7.64648,47.22763
14793,7.6465,47.15597
14794,7.64651,47.20974
14795,7.64652,47.26351
14796,7.64654,47.19185
14797,7.64655,47.24562
14798,7.64657,47.17396
14799,7.64658,47.22773
14800,7.64659,47.28149
14801,7.64661,47.20984
14802,7.64662,47.26361
14803,7.64664,47.19195
14804,7.64665,47.24572
14805,7.64666,47.29948
14806,7.64668,47.22783
14807,7.64669,47.28159
14808,7.64671,47.20994
14809,7.64672,47.26371
14810,7.64673,47.31747
14811,7.64675,47.24582
14812,7.64676,47.29958
14813,7.64678,47.22793
14814,7.64679,47.28169
14815,7.6468,47.33546
14816,7.64682,47.26381
14817,7.64683,47.31757
14818,7.64685,47.24592
14819,7.64686,47.29968
14820,7.64687,47.35345
14821,7.64689,47.28179
14822,7.6469,47.33556
14823,7.64692,47.26391
14824,7.64693,47.31767
14825,7.64694,47.37144
14826,7.64696,47.29978
14827,7.64697,47.35355
14828,7.64699,47.28189
14829,7.647,47.33566
14830,7.64701,47.38943
14831,7.64703,47.31777
14832,7.64704,47.37154
14833,7.64706,47.29988
14834,7.64707,47.35365
14835,7.64708,47.40741
14836,7.6471,47.33576
14837,7.64711,47.38953
14838,7.64713,47.31787
14839,7.64714,47.37164
14840,7.64715,47.4254
14841,7.64717,47.35375
14842,7.64718,47.40751
14843,7.6472,47.33586
14844,7.64721,47.38963
14845,7.64722,47.44339
14846,7.64724,47.37174
14847,7.64725,47.4255
14848,7.64727,47.35385
14849,7.64728,47.40761
14850,7.64729,47.46138
14851,7.64731,47.38973
14852,7.64732,47.44349
14853,7.64734,47.37184
14854,7.64735,47.4256
14855,7.64736,47.47937
14856,7.64738,47.40771
14857,7.64739,47.46148
14858,7.64741,47.38983
14859,7.64742,47.44359
14860,7.64743,47.49735
14861,7.64745,47.4257
14862,7.64746,47.47947
14863,7.64748,47.40781
14864,7.64749,47.46158
14865,7.6475,47.51534
14866,7.64752,47.44369
14867,7.64753,47.49745
14868,7.64755,47.4258
14869,7.64756,47.47957
14870,7.64757,47.53333
14871,7.64759,47.46168
14872,7.6476,47.51544
14873,7.64762,47.44379
14874,7.64763,47.49755
14875,7.64764,47.55132
14876,7.64766,47.47967
14877,7.64767,47.53343
14878,7.64769,47.46178
14879,7.6477,47.51554
14880,7.64771,47.5693
14881,7.64773,47.49765
14882,7.64774,47.55142
14883,7.64776,47.47977
14884,7.64777,47.53353
14885,7.64778,47.58729
14886,7.6478,47.51564
14887,7.64781,47.5694
14888,7.64783,47.49775
14889,7.64784,47.55152
14890,7.64787,47.53363
14891,7.64788,47.58739
14892,7.6479,47.51574
14893,7.64791,47.5695
14894,7.64794,47.55162
14895,7.64797,47.53373
14896,7.64798,47.58749
14897,7.64801,47.5696
14898,7.64804,47.55172
14899,7.64808,47.58759
14900,7.64811,47.5697
14901,7.64818,47.58769
14902,7.66794,46.09407
14903,7.66809,46.13005
14904,7.66831,46.18402
14905,7.66841,46.18412
14906,7.66862,46.25598
14907,7.66869,46.27398
14908,7.66877,46.29197
14909,7.66879,46.27408
14910,7.66884,46.30996
14911,7.66887,46.29207
14912,7.66889,46.27418
14913,7.66892,46.32795
14914,7.66894,46.31006
14915,7.66897,46.29217
14916,7.669,46.34594
14917,7.66902,46.32805
14918,7.66904,46.31016
14919,7.66907,46.29227
14920,7.66907,46.36393
14921,7.66912,46.32815
14922,7.66914,46.31026
14923,7.66917,46.29237
14924,7.66922,46.32825
14925,7.66924,46.31036
14926,7.66932,46.32835
14927,7.66945,46.45389
14928,7.66953,46.47188
14929,7.66961,46.48987
14930,7.66963,46.47198
14931,7.66968,46.50786
14932,7.66971,46.48997
14933,7.66973,46.47208
14934,7.66976,46.52585
14935,7.66978,46.50796
14936,7.66981,46.49007
14937,7.66983,46.47218
14938,7.66984,46.54384
14939,7.66986,46.52595
14940,7.66988,46.50806
14941,7.66991,46.49017
14942,7.66991,46.56183
14943,7.66993,46.47228
14944,7.66994,46.54394
14945,7.66996,46.52605
14946,7.66998,46.50816
14947,7.66999,46.57983
14948,7.67001,46.49027
14949,7.67001,46.56193
14950,7.67004,46.54404
14951,7.67006,46.52615
14952,7.67007,46.59782
14953,7.67008,46.50826
14954,7.67009,46.57993
14955,7.67011,46.56203
14956,7.67014,46.54414
14957,7.67014,46.61581
14958,7.67016,46.52625
14959,7.67017,46.59792
14960,7.67019,46.58003
14961,7.67021,46.56213
14962,7.67022,46.6338
14963,7.67024,46.54424
14964,7.67024,46.61591
14965,7.67027,46.59802
14966,7.67029,46.58013
14967,7.6703,46.65179
14968,7.67031,46.56223
14969,7.67032,46.6339
14970,7.67034,46.61601
14971,7.67037,46.59812
14972,7.67037,46.66978
14973,7.67039,46.58023
14974,7.6704,46.65189
14975,7.67042,46.634
14976,7.67044,46.61611
14977,7.67045,46.68777
14978,7.67047,46.59822
14979,7.67047,46.66988
14980,7.6705,46.65199
14981,7.67052,46.6341
14982,7.67053,46.70576
14983,7.67054,46.61621
14984,7.67055,46.68787
14985,7.67057,46.66998
14986,7.6706,46.65209
14987,7.6706,46.72375
14988,7.67062,46.6342
14989,7.67063,46.70586
14990,7.67065,46.68797
14991,7.67067,46.67008
14992,7.67068,46.74174
14993,7.6707,46.65219
14994,7.6707,46.72385
14995,7.67073,46.70596
14996,7.67075,46.68807
14997,7.67076,46.75973
14998,7.67077,46.67018
14999,7.67078,46.74184
15000,7.6708,46.72395
15001,7.67083,46.70606
15002,7.67084,46.77773
15003,7.67085,46.68817
15004,7.67086,46.75983
15005,7.67088,46.74194
15006,7.6709,46.72405
15007,7.67091,46.79572
15008,7.67093,46.70616
15009,7.67094,46.77783
15010,7.67096,46.75993
15011,7.67098,46.74204
15012,7.67099,46.81371
15013,7.671,46.72415
15014,7.67101,46.79582
15015,7.67104,46.77793
15016,7.67106,46.76003
15017,7.67107,46.8317
15018,7.67108,46.74214
15019,7.67109,46.81381
15020,7.67111,46.79592
15021,7.67114,46.77803
15022,7.67115,46.84969
15023,7.67116,46.76013
15024,7.67117,46.8318
15025,7.67119,46.81391
15026,7.67121,46.79602
15027,7.67122,46.86768
15028,7.67124,46.77813
15029,7.67125,46.84979
15030,7.67127,46.8319
15031,7.67129,46.81401
15032,7.6713,46.88567
15033,7.67131,46.79612
15034,7.67132,46.86778
15035,7.67135,46.84989
15036,7.67137,46.832
15037,7.67138,46.90366
15038,7.67139,46.81411
15039,7.6714,46.88577
15040,7.67142,46.86788
15041,7.67145,46.84999
15042,7.67146,46.92165
15043,7.67147,46.8321
15044,7.67148,46.90376
15045,7.6715,46.88587
15046,7.67152,46.86798
15047,7.67153,46.93964
15048,7.67155,46.85009
15049,7.67156,46.92175
15050,7.67158,46.90386
15051,7.6716,46.88597
15052,7.67161,46.95763
15053,7.67162,46.86808
15054,7.67163,46.93974
15055,7.67166,46.92185
15056,7.67168,46.90396
15057,7.67169,46.97562
15058,7.6717,46.88607
15059,7.67171,46.95773
15060,7.67173,46.93984
15061,7.67176,46.92195
15062,7.67177,46.99361
15063,7.67178,46.90406
15064,7.67179,46.97572
15065,7.67181,46.95783
15066,7.67183,46.93994
15067,7.67185,47.0116
15068,7.67186,46.92205
15069,7.67187,46.99371
15070,7.67189,46.97582
15071,7.67191,46.95793
15072,7.67192,47.02959
15073,7.67193,46.94004
15074,7.67195,47.0117
15075,7.67197,46.99381
15076,7.67199,46.97592
15077,7.672,47.04758
15078,7.67201,46.95803
15079,7.67202,47.02969
15080,7.67205,47.0118
15081,7.67207,46.99391
15082,7.67208,47.06557
15083,7.67209,46.97602
15084,7.6721,47.04768
15085,7.67212,47.02979
15086,7.67215,47.0119
15087,7.67216,47.08356
15088,7.67217,46.99401
15089,7.67218,47.06567
15090,7.6722,47.04778
15091,7.67222,47.02989
15092,7.67224,47.10155
15093,7.67225,47.012
15094,7.67226,47.08366
15095,7.67228,47.06577
15096,7.6723,47.04788
15097,7.67231,47.11954
15098,7.67232,47.02999
15099,7.67234,47.10165
15100,7.67236,47.08376
15101,7.67238,47.06587
15102,7.67239,47.13753
15103,7.6724,47.04798
15104,7.67241,47.11964
15105,7.67244,47.10175
15106,7.67246,47.08386
15107,7.67247,47.15552
15108,7.67248,47.06597
15109,7.67249,47.13763
15110,7.67251,47.11974
15111,7.67254,47.10185
15112,7.67255,47.17351
15113,7.67256,47.08396
15114,7.67257,47.15562
15115,7.67259,47.13773
15116,7.67261,47.11984
15117,7.67263,47.1915
15118,7.67264,47.10195
15119,7.67265,47.17361
15120,7.67267,47.15572
15121,7.67269,47.13783
15122,7.67271,47.11994
15123,7.67271,47.20949
15124,7.67273,47.1916
15125,7.67275,47.17371
15126,7.67277,47.15582
15127,7.67279,47.13793
15128,7.67279,47.22748
15129,7.67281,47.20959
15130,7.67283,47.1917
15131,7.67285,47.17381
15132,7.67286,47.24547
15133,7.67287,47.15592
15134,7.67289,47.22758
15135,7.67291,47.20969
15136,7.67293,47.1918
15137,7.67294,47.26345
15138,7.67295,47.17391
15139,7.67296,47.24557
15140,7.67299,47.22768
15141,7.67301,47.20979
15142,7.67302,47.28144
15143,7.67303,47.1919
15144,7.67304,47.26355
15145,7.67306,47.24567
15146,7.67309,47.22778
15147,7.6731,47.29943
15148,7.67311,47.20989
15149,7.67312,47.28154
15150,7.67314,47.26365
15151,7.67316,47.24577
15152,7.67318,47.31742
15153,7.67319,47.22788
15154,7.6732,47.29953
15155,7.67322,47.28164
15156,7.67324,47.26375
15157,7.67326,47.24587
15158,7.67326,47.33541
15159,7.67328,47.31752
15160,7.6733,47.29963
15161,7.67332,47.28174
15162,7.67334,47.26385
15163,7.67334,47.3534
15164,7.67336,47.33551
15165,7.67338,47.31762
15166,7.6734,47.29973
15167,7.67342,47.28184
15168,7.67342,47.37139
15169,7.67344,47.3535
15170,7.67346,47.33561
15171,7.67348,47.31772
15172,7.6735,47.29983
15173,7.6735,47.38938
15174,7.67352,47.37149
15175,7.67354,47.3536
15176,7.67356,47.33571
15177,7.67357,47.40736
15178,7.67358,47.31782
15179,7.6736,47.38948
15180,7.67362,47.37159
15181,7.67364,47.3537
15182,7.67365,47.42535
15183,7.67366,47.33581
15184,7.67367,47.40746
15185,7.6737,47.38958
15186,7.67372,47.37169
15187,7.67373,47.44334
15188,7.67374,47.3538
15189,7.67375,47.42545
15190,7.67377,47.40756
15191,7.6738,47.38968
15192,7.67381,47.46133
15193,7.67382,47.37179
15194,7.67383,47.44344
15195,7.67385,47.42555
15196,7.67387,47.40766
15197,7.67389,47.47932
15198,7.6739,47.38978
15199,7.67391,47.46143
15200,7.67393,47.44354
15201,7.67395,47.42565
15202,7.67397,47.40776
15203,7.67397,47.4973
15204,7.67399,47.47942
15205,7.67401,47.46153
15206,7.67403,47.44364
15207,7.67405,47.42575
15208,7.67405,47.51529
15209,7.67407,47.4974
15210,7.67409,47.47952
15211,7.67411,47.46163
15212,7.67413,47.44374
15213,7.67413,47.53328
15214,7.67415,47.51539
15215,7.67417,47.4975
15216,7.67419,47.47962
15217,7.67421,47.46173
15218,7.67423,47.53338
15219,7.67425,47.51549
15220,7.67427,47.4976
15221,7.67429,47.47972
15222,7.67429,47.56925
15223,7.67433,47.53348
15224,7.67435,47.51559
15225,7.67437,47.4977
15226,7.67437,47.58724
15227,7.67439,47.56935
15228,7.67443,47.53358
15229,7.67445,47.51569
15230,7.67447,47.58734
15231,7.67449,47.56945
15232,7.67453,47.53368
15233,7.67457,47.58744
15234,7.67459,47.56955
15235,7.67467,47.58754
15236,7.67469,47.56965
15237,7.67477,47.58764
15238,7.69338,46.00406
15239,7.69348,46.00416
15240,7.69358,46.00426
15241,7.69368,46.00436
15242,7.69378,46.00446
15243,7.69413,46.16597
15244,7.69422,46.18396
15245,7.6943,46.20196
15246,7.69432,46.18406
15247,7.69438,46.21995
15248,7.6944,46.20206
15249,7.69442,46.18416
15250,7.69448,46.22005
15251,7.6945,46.20216
15252,7.69455,46.25593
15253,7.69458,46.22015
15254,7.6946,46.20226
15255,7.69464,46.27392
15256,7.69465,46.25603
15257,7.69468,46.22025
15258,7.6947,46.20236
15259,7.69472,46.29191
15260,7.69474,46.27402
15261,7.69475,46.25613
15262,7.69478,46.22035
15263,7.69481,46.3099
15264,7.69482,46.29201
15265,7.69484,46.27412
15266,7.69485,46.25623
15267,7.69489,46.32789
15268,7.69491,46.31
15269,7.69492,46.29211
15270,7.69494,46.27422
15271,7.69495,46.25633
15272,7.69498,46.34588
15273,7.69499,46.32799
15274,7.69501,46.3101
15275,7.69502,46.29221
15276,7.69504,46.27432
15277,7.69508,46.34598
15278,7.69509,46.32809
15279,7.69511,46.3102
15280,7.69512,46.29231
15281,7.69518,46.34608
15282,7.69519,46.32819
15283,7.69521,46.3103
15284,7.69528,46.34618
15285,7.69529,46.32829
15286,7.69548,46.45383
15287,7.69565,46.48981
15288,7.69574,46.50781
15289,7.69575,46.48991
15290,7.69583,46.5258
15291,7.69584,46.50791
15292,7.69585,46.49001
15293,7.69591,46.54379
15294,7.69593,46.5259
15295,7.69594,46.50801
15296,7.69595,46.49011
15297,7.696,46.56178
15298,7.69601,46.54389
15299,7.69603,46.526
15300,7.69604,46.50811
15301,7.69605,46.49021
15302,7.69608,46.57977
15303,7.6961,46.56188
15304,7.69611,46.54399
15305,7.69613,46.5261
15306,7.69614,46.50821
15307,7.69617,46.59776
15308,7.69618,46.57987
15309,7.6962,46.56198
15310,7.69621,46.54409
15311,7.69623,46.5262
15312,7.69625,46.61575
15313,7.69627,46.59786
15314,7.69628,46.57997
15315,7.6963,46.56208
15316,7.69631,46.54419
15317,7.69634,46.63374
15318,7.69635,46.61585
15319,7.69637,46.59796
15320,7.69638,46.58007
15321,7.6964,46.56218
15322,7.69642,46.65173
15323,7.69644,46.63384
15324,7.69645,46.61595
15325,7.69647,46.59806
15326,7.69648,46.58017
15327,7.69651,46.66972
15328,7.69652,46.65183
15329,7.69654,46.63394
15330,7.69655,46.61605
15331,7.69657,46.59816
15332,7.69659,46.68772
15333,7.69661,46.66982
15334,7.69662,46.65193
15335,7.69664,46.63404
15336,7.69665,46.61615
15337,7.69668,46.70571
15338,7.69669,46.68782
15339,7.69671,46.66992
15340,7.69672,46.65203
15341,7.69674,46.63414
15342,7.69677,46.7237
15343,7.69678,46.70581
15344,7.69679,46.68792
15345,7.69681,46.67002
15346,7.69682,46.65213
15347,7.69685,46.74169
15348,7.69687,46.7238
15349,7.69688,46.70591
15350,7.69689,46.68802
15351,7.69691,46.67012
15352,7.69694,46.75968
15353,7.69695,46.74179
15354,7.69697,46.7239
15355,7.69698,46.70601
15356,7.69699,46.68812
15357,7.69702,46.77767
15358,7.69704,46.75978
15359,7.69705,46.74189
15360,7.69707,46.724
15361,7.69708,46.70611
15362,7.69711,46.79566
15363,7.69712,46.77777
15364,7.69714,46.75988
15365,7.69715,46.74199
15366,7.69717,46.7241
15367,7.6972,46.81365
15368,7.69721,46.79576
15369,7.69722,46.77787
15370,7.69724,46.75998
15371,7.69725,46.74209
15372,7.69728,46.83164
15373,7.6973,46.81375
15374,7.69731,46.79586
15375,7.69732,46.77797
15376,7.69734,46.76008
15377,7.69737,46.84963
15378,7.69738,46.83174
15379,7.6974,46.81385
15380,7.69741,46.79596
15381,7.69742,46.77807
15382,7.69746,46.86762
15383,7.69747,46.84973
15384,7.69748,46.83184
15385,7.6975,46.81395
15386,7.69751,46.79606
15387,7.69754,46.88561
15388,7.69756,46.86772
15389,7.69757,46.84983
15390,7.69758,46.83194
15391,7.6976,46.81405
15392,7.69763,46.9036
15393,7.69764,46.88571
15394,7.69766,46.86782
15395,7.69767,46.84993
15396,7.69768,46.83204
15397,7.69771,46.92159
15398,7.69773,46.9037
15399,7.69774,46.88581
15400,7.69776,46.86792
15401,7.69777,46.85003
15402,7.6978,46.93958
15403,7.69781,46.92169
15404,7.69783,46.9038
15405,7.69784,46.88591
15406,7.69786,46.86802
15407,7.69789,46.95757
15408,7.6979,46.93968
15409,7.69791,46.92179
15410,7.69793,46.9039
15411,7.69794,46.88601
15412,7.69797,46.97556
15413,7.69799,46.95767
15414,7.698,46.93978
15415,7.69801,46.92189
15416,7.69803,46.904
15417,7.69806,46.99355
15418,7.69807,46.97566
15419,7.69809,46.95777
15420,7.6981,46.93988
15421,7.69811,46.92199
15422,7.69815,47.01154
15423,7.69816,46.99365
15424,7.69817,46.97576
15425,7.69819,46.95787
15426,7.6982,46.93998
15427,7.69823,47.02953
15428,7.69825,47.01164
15429,7.69826,46.99375
15430,7.69827,46.97586
15431,7.69829,46.95797
15432,7.69832,47.04752
15433,7.69833,47.02963
15434,7.69835,47.01174
15435,7.69836,46.99385
15436,7.69837,46.97596
15437,7.69841,47.06551
15438,7.69842,47.04762
15439,7.69843,47.02973
15440,7.69845,47.01184
15441,7.69846,46.99395
15442,7.6985,47.0835
15443,7.69851,47.06561
15444,7.69852,47.04772
15445,7.69853,47.02983
15446,7.69855,47.01194
15447,7.69858,47.10149
15448,7.6986,47.0836
15449,7.69861,47.06571
15450,7.69862,47.04782
15451,7.69863,47.02993
15452,7.69867,47.11948
15453,7.69868,47.10159
15454,7.6987,47.0837
15455,7.69871,47.06581
15456,7.69872,47.04792
15457,7.69876,47.13747
15458,7.69877,47.11958
15459,7.69878,47.10169
15460,7.6988,47.0838
15461,7.69881,47.06591
15462,7.69884,47.15546
15463,7.69886,47.13757
15464,7.69887,47.11968
15465,7.69888,47.10179
15466,7.6989,47.0839
15467,7.69893,47.17345
15468,7.69894,47.15556
15469,7.69896,47.13767
15470,7.69897,47.11978
15471,7.69898,47.10189
15472,7.69902,47.19144
15473,7.69903,47.17355
15474,7.69904,47.15566
15475,7.69906,47.13777
15476,7.69907,47.11988
15477,7.69911,47.20943
15478,7.69912,47.19154
15479,7.69913,47.17365
15480,7.69914,47.15576
15481,7.69916,47.13787
15482,7.69919,47.22742
15483,7.69921,47.20953
15484,7.69922,47.19164
15485,7.69923,47.17375
15486,7.69924,47.15586
15487,7.69928,47.24541
15488,7.69929,47.22752
15489,7.69931,47.20963
15490,7.69932,47.19174
15491,7.69933,47.17385
15492,7.69937,47.2634
15493,7.69938,47.24551
15494,7.69939,47.22762
15495,7.69941,47.20973
15496,7.69942,47.19184
15497,7.69946,47.28139
15498,7.69947,47.2635
15499,7.69948,47.24561
15500,7.69949,47.22772
15501,7.69951,47.20983
15502,7.69954,47.29938
15503,7.69956,47.28149
15504,7.69957,47.2636
15505,7.69958,47.24571
15506,7.69959,47.22782
15507,7.69963,47.31736
15508,7.69964,47.29948
15509,7.69966,47.28159
15510,7.69967,47.2637
15511,7.69968,47.24581
15512,7.69972,47.33535
15513,7.69973,47.31746
15514,7.69974,47.29958
15515,7.69976,47.28169
15516,7.69977,47.2638
15517,7.69981,47.35334
15518,7.69982,47.33545
15519,7.69983,47.31756
15520,7.69984,47.29968
15521,7.69986,47.28179
15522,7.6999,47.37133
15523,7.69991,47.35344
15524,7.69992,47.33555
15525,7.69993,47.31766
15526,7.69994,47.29978
15527,7.69998,47.38932
15528,7.7,47.37143
15529,7.70001,47.35354
15530,7.70002,47.33565
15531,7.70003,47.31776
15532,7.70007,47.40731
15533,7.70008,47.38942
15534,7.7001,47.37153
15535,7.70011,47.35364
15536,7.70012,47.33575
15537,7.70016,47.4253
15538,7.70017,47.40741
15539,7.70018,47.38952
15540,7.7002,47.37163
15541,7.70021,47.35374
15542,7.70025,47.44328
15543,7.70026,47.4254
15544,7.70027,47.40751
15545,7.70028,47.38962
15546,7.7003,47.37173
15547,7.70034,47.46127
15548,7.70035,47.44338
15549,7.70036,47.4255
15550,7.70037,47.40761
15551,7.70038,47.38972
15552,7.70042,47.47926
15553,7.70044,47.46137
15554,7.70045,47.44348
15555,7.70046,47.4256
15556,7.70047,47.40771
15557,7.70051,47.49725
15558,7.70052,47.47936
15559,7.70054,47.46147
15560,7.70055,47.44358
15561,7.70056,47.4257
15562,7.7006,47.51523
15563,7.70061,47.49735
15564,7.70062,47.47946
15565,7.70064,47.46157
15566,7.70065,47.44368
15567,7.70069,47.53322
15568,7.7007,47.51533
15569,7.70071,47.49745
15570,7.70072,47.47956
15571,7.70074,47.46167
15572,7.70079,47.53332
15573,7.7008,47.51543
15574,7.70081,47.49755
15575,7.70082,47.47966
15576,7.70089,47.53342
15577,7.7009,47.51553
15578,7.70091,47.49765
15579,7.70099,47.53352
15580,7.701,47.51563
15581,7.70109,47.53362
15582,7.71901,45.96801
15583,7.71919,46.00399
15584,7.71929,46.00409
15585,7.71939,46.00419
15586,7.71949,46.00429
15587,7.71959,46.00439
15588,7.7203,46.21989
15589,7.7204,46.21999
15590,7.7204,46.23788
15591,7.72049,46.25587
15592,7.7205,46.22009
15593,7.7205,46.23798
15594,7.72058,46.27386
15595,7.72059,46.25597
15596,7.7206,46.22019
15597,7.7206,46.23808
15598,7.72067,46.29185
15599,7.72068,46.27396
15600,7.72069,46.25607
15601,7.7207,46.22029
15602,7.7207,46.23818
15603,7.72077,46.29195
15604,7.72077,46.30984
15605,7.72078,46.27406
15606,7.72079,46.25617
15607,7.7208,46.23828
15608,7.72086,46.32783
15609,7.72087,46.29205
15610,7.72087,46.30994
15611,7.72089,46.25627
15612,7.72095,46.34582
15613,7.72096,46.32793
15614,7.72097,46.29215
15615,7.72097,46.31004
15616,7.72105,46.34592
15617,7.72106,46.32803
15618,7.72107,46.29225
15619,7.72107,46.31014
15620,7.72115,46.34602
15621,7.72116,46.32813
15622,7.72117,46.31024
15623,7.72125,46.34612
15624,7.72126,46.32823
15625,7.72135,46.34622
15626,7.72142,46.43578
15627,7.72152,46.43588
15628,7.72152,46.45377
15629,7.72162,46.43598
15630,7.72162,46.45387
15631,7.7217,46.48975
15632,7.72172,46.43608
15633,7.72172,46.45397
15634,7.7218,46.48985
15635,7.7218,46.50774
15636,7.72182,46.43618
15637,7.72182,46.45407
15638,7.7219,46.48995
15639,7.7219,46.50784
15640,7.72192,46.45417
15641,7.72198,46.54373
15642,7.722,46.49005
15643,7.722,46.50794
15644,7.72208,46.54383
15645,7.72208,46.56172
15646,7.7221,46.50804
15647,7.72217,46.57971
15648,7.72218,46.56182
15649,7.7222,46.50814
15650,7.72227,46.57981
15651,7.72227,46.5977
15652,7.72228,46.56192
15653,7.72236,46.61569
15654,7.72237,46.57991
15655,7.72237,46.5978
15656,7.72238,46.56202
15657,7.72246,46.61579
15658,7.72246,46.63368
15659,7.72247,46.58001
15660,7.72247,46.5979
15661,7.72248,46.56212
15662,7.72255,46.65167
15663,7.72256,46.61589
15664,7.72256,46.63378
15665,7.72257,46.58011
15666,7.72257,46.598
15667,7.72264,46.66966
15668,7.72265,46.65177
15669,7.72266,46.61599
15670,7.72266,46.63388
15671,7.72267,46.5981
15672,7.72274,46.66976
15673,7.72275,46.65187
15674,7.72276,46.61609
15675,7.72276,46.63398
15676,7.72283,46.70564
15677,7.72284,46.66986
15678,7.72285,46.65197
15679,7.72286,46.63408
15680,7.72293,46.70574
15681,7.72293,46.72364
15682,7.72294,46.66996
15683,7.72295,46.65207
15684,7.72302,46.74163
15685,7.72303,46.70584
15686,7.72303,46.72374
15687,7.72304,46.67006
15688,7.72312,46.74173
15689,7.72312,46.75962
15690,7.72313,46.70594
15691,7.72313,46.72384
15692,7.72321,46.77761
15693,7.72322,46.74183
15694,7.72322,46.75972
15695,7.72323,46.70604
15696,7.72323,46.72394
15697,7.72331,46.77771
15698,7.72331,46.7956
15699,7.72332,46.74193
15700,7.72332,46.75982
15701,7.72333,46.72404
15702,7.7234,46.81359
15703,7.72341,46.77781
15704,7.72341,46.7957
15705,7.72342,46.74203
15706,7.72342,46.75992
15707,7.7235,46.81369
15708,7.7235,46.83158
15709,7.72351,46.77791
15710,7.72351,46.7958
15711,7.72352,46.76002
15712,7.72359,46.84957
15713,7.7236,46.81379
15714,7.7236,46.83168
15715,7.72361,46.77801
15716,7.72361,46.7959
15717,7.72369,46.84967
15718,7.72369,46.86756
15719,7.7237,46.81389
15720,7.7237,46.83178
15721,7.72371,46.796
15722,7.72378,46.88555
15723,7.72379,46.84977
15724,7.72379,46.86766
15725,7.7238,46.81399
15726,7.7238,46.83188
15727,7.72388,46.88565
15728,7.72388,46.90354
15729,7.72389,46.84987
15730,7.72389,46.86776
15731,7.7239,46.83198
15732,7.72397,46.92153
15733,7.72398,46.88575
15734,7.72398,46.90364
15735,7.72399,46.84997
15736,7.72399,46.86786
15737,7.72407,46.92163
15738,7.72407,46.93952
15739,7.72408,46.88585
15740,7.72408,46.90374
15741,7.72409,46.86796
15742,7.72416,46.95751
15743,7.72417,46.92173
15744,7.72417,46.93962
15745,7.72418,46.88595
15746,7.72418,46.90384
15747,7.72426,46.95761
15748,7.72426,46.9755
15749,7.72427,46.92183
15750,7.72427,46.93972
15751,7.72428,46.90394
15752,7.72435,46.99349
15753,7.72436,46.95771
15754,7.72436,46.9756
15755,7.72437,46.92193
15756,7.72437,46.93982
15757,7.72445,46.99359
15758,7.72445,47.01148
15759,7.72446,46.95781
15760,7.72446,46.9757
15761,7.72447,46.93992
15762,7.72455,46.99369
15763,7.72455,47.01158
15764,7.72455,47.02947
15765,7.72456,46.95791
15766,7.72456,46.9758
15767,7.72464,47.04746
15768,7.72465,46.99379
15769,7.72465,47.01168
15770,7.72465,47.02957
15771,7.72466,46.9759
15772,7.72474,47.04756
15773,7.72474,47.06545
15774,7.72475,46.99389
15775,7.72475,47.01178
15776,7.72475,47.02967
15777,7.72483,47.08344
15778,7.72484,47.04766
15779,7.72484,47.06555
15780,7.72485,47.01188
15781,7.72485,47.02977
15782,7.72493,47.08354
15783,7.72493,47.10143
15784,7.72494,47.04776
15785,7.72494,47.06565
15786,7.72495,47.02987
15787,7.72502,47.11942
15788,7.72503,47.08364
15789,7.72503,47.10153
15790,7.72504,47.04786
15791,7.72504,47.06575
15792,7.72512,47.11952
15793,7.72512,47.13741
15794,7.72513,47.08374
15795,7.72513,47.10163
15796,7.72514,47.06585
15797,7.72522,47.11962
15798,7.72522,47.13751
15799,7.72522,47.1554
15800,7.72523,47.08384
15801,7.72523,47.10173
15802,7.72531,47.17339
15803,7.72532,47.11972
15804,7.72532,47.13761
15805,7.72532,47.1555
15806,7.72533,47.10183
15807,7.72541,47.17349
15808,7.72541,47.19138
15809,7.72542,47.11982
15810,7.72542,47.13771
15811,7.72542,47.1556
15812,7.72551,47.17359
15813,7.72551,47.19148
15814,7.72551,47.20937
15815,7.72552,47.13781
15816,7.72552,47.1557
15817,7.7256,47.22736
15818,7.72561,47.17369
15819,7.72561,47.19158
15820,7.72561,47.20947
15821,7.72562,47.1558
15822,7.7257,47.22746
15823,7.7257,47.24535
15824,7.72571,47.17379
15825,7.72571,47.19168
15826,7.72571,47.20957
15827,7.72579,47.26334
15828,7.7258,47.22756
15829,7.7258,47.24545
15830,7.72581,47.19178
15831,7.72581,47.20967
15832,7.72589,47.26344
15833,7.72589,47.28132
15834,7.7259,47.22766
15835,7.7259,47.24555
15836,7.72591,47.20977
15837,7.72599,47.26354
15838,7.72599,47.28142
15839,7.72599,47.29931
15840,7.726,47.22776
15841,7.726,47.24565
15842,7.72608,47.3173
15843,7.72609,47.26364
15844,7.72609,47.28152
15845,7.72609,47.29941
15846,7.7261,47.24575
15847,7.72618,47.3174
15848,7.72618,47.33529
15849,7.72619,47.26374
15850,7.72619,47.28162
15851,7.72619,47.29951
15852,7.72628,47.3175
15853,7.72628,47.33539
15854,7.72628,47.35328
15855,7.72629,47.28172
15856,7.72629,47.29961
15857,7.72638,47.3176
15858,7.72638,47.33549
15859,7.72638,47.35338
15860,7.72638,47.37127
15861,7.72639,47.29971
15862,7.72647,47.38926
15863,7.72648,47.3177
15864,7.72648,47.33559
15865,7.72648,47.35348
15866,7.72648,47.37137
15867,7.72657,47.38936
15868,7.72657,47.40724
15869,7.72658,47.33569
15870,7.72658,47.35358
15871,7.72658,47.37147
15872,7.72667,47.38946
15873,7.72667,47.40734
15874,7.72667,47.42523
15875,7.72668,47.35368
15876,7.72668,47.37157
15877,7.72676,47.44322
15878,7.72677,47.38956
15879,7.72677,47.40744
15880,7.72677,47.42533
15881,7.72678,47.37167
15882,7.72686,47.44332
15883,7.72686,47.46121
15884,7.72687,47.38966
15885,7.72687,47.40754
15886,7.72687,47.42543
15887,7.72696,47.44342
15888,7.72696,47.46131
15889,7.72696,47.4792
15890,7.72697,47.40764
15891,7.72697,47.42553
15892,7.72706,47.44352
15893,7.72706,47.46141
15894,7.72706,47.4793
15895,7.72706,47.49718
15896,7.72707,47.42563
15897,7.72715,47.51517
15898,7.72716,47.44362
15899,7.72716,47.46151
15900,7.72716,47.4794
15901,7.72716,47.49728
15902,7.72725,47.51527
15903,7.72725,47.53316
15904,7.72726,47.46161
15905,7.72726,47.4795
15906,7.72726,47.49738
15907,7.72735,47.51537
15908,7.72735,47.53326
15909,7.72736,47.4796
15910,7.72736,47.49748
15911,7.72745,47.51547
15912,7.72745,47.53336
15913,7.72746,47.49758
15914,7.72755,47.51557
15915,7.72755,47.53346
15916,7.72765,47.53356
15917,7.74501,46.00393
15918,7.74511,46.00403
15919,7.74511,46.02192
15920,7.74521,46.00413
15921,7.74521,46.02202
15922,7.74521,46.03991
15923,7.74531,46.00423
15924,7.74531,46.02212
15925,7.74531,46.04001
15926,7.74541,46.00433
15927,7.74541,46.02222
15928,7.74551,46.02232
15929,7.74663,46.29178
15930,7.74673,46.29188
15931,7.74673,46.30977
15932,7.74683,46.29198
15933,7.74683,46.30987
15934,7.74683,46.32776
15935,7.74693,46.29208
15936,7.74693,46.30997
15937,7.74693,46.32786
15938,7.74693,46.34576
15939,7.74703,46.29218
15940,7.74703,46.31007
15941,7.74703,46.32796
15942,7.74703,46.34586
15943,7.74704,46.36375
15944,7.74713,46.31017
15945,7.74713,46.32806
15946,7.74713,46.34596
15947,7.74714,46.36385
15948,7.74714,46.38174
15949,7.74723,46.32816
15950,7.74723,46.34606
15951,7.74724,46.36395
15952,7.74724,46.38184
15953,7.74724,46.39973
15954,7.74733,46.34616
15955,7.74734,46.36405
15956,7.74734,46.38194
15957,7.74734,46.39983
15958,7.74744,46.36415
15959,7.74744,46.38204
15960,7.74744,46.39993
15961,7.74754,46.38214
15962,7.74754,46.40003
15963,7.74755,46.4537
15964,7.74764,46.40013
15965,7.74775,46.48968
15966,7.74785,46.50768
15967,7.74796,46.52567
15968,7.74806,46.52577
15969,7.74806,46.54366
15970,7.74816,46.52587
15971,7.74816,46.54376
15972,7.74816,46.56165
15973,7.74826,46.54386
15974,7.74826,46.56175
15975,7.74826,46.57964
15976,7.74836,46.54396
15977,7.74836,46.56185
15978,7.74836,46.57974
15979,7.74837,46.59763
15980,7.74846,46.54406
15981,7.74846,46.56195
15982,7.74846,46.57984
15983,7.74847,46.59773
15984,7.74847,46.61562
15985,7.74856,46.56205
15986,7.74856,46.57994
15987,7.74857,46.59783
15988,7.74857,46.61572
15989,7.74857,46.63361
15990,7.74866,46.58004
15991,7.74867,46.59793
15992,7.74867,46.61582
15993,7.74867,46.63371
15994,7.74868,46.6516
15995,7.74877,46.59803
15996,7.74877,46.61592
15997,7.74877,46.63381
15998,7.74878,46.6517
15999,7.74878,46.66959
16000,7.74887,46.61602
16001,7.74887,46.63391
16002,7.74888,46.6518
16003,7.74888,46.66969
16004,7.74888,46.68759
16005,7.74897,46.63401
16006,7.74898,46.6519
16007,7.74898,46.66979
16008,7.74898,46.68769
16009,7.74899,46.70558
16010,7.74908,46.652
16011,7.74908,46.68779
16012,7.74909,46.70568
16013,7.74909,46.72357
16014,7.74918,46.68789
16015,7.74919,46.70578
16016,7.74919,46.72367
16017,7.74919,46.74156
16018,7.74928,46.68799
16019,7.74929,46.70588
16020,7.74929,46.72377
16021,7.74929,46.74166
16022,7.7493,46.75955
16023,7.74939,46.70598
16024,7.74939,46.72387
16025,7.74939,46.74176
16026,7.7494,46.75965
16027,7.7494,46.77754
16028,7.74949,46.72397
16029,7.74949,46.74186
16030,7.7495,46.75975
16031,7.7495,46.77764
16032,7.7495,46.79553
16033,7.74959,46.74196
16034,7.7496,46.75985
16035,7.7496,46.77774
16036,7.7496,46.79563
16037,7.74961,46.81352
16038,7.7497,46.75995
16039,7.7497,46.77784
16040,7.7497,46.79573
16041,7.74971,46.81362
16042,7.74971,46.83151
16043,7.7498,46.77794
16044,7.7498,46.79583
16045,7.74981,46.81372
16046,7.74981,46.83161
16047,7.74981,46.8495
16048,7.7499,46.79593
16049,7.74991,46.81382
16050,7.74991,46.83171
16051,7.74991,46.8496
16052,7.74992,46.86749
16053,7.75001,46.81392
16054,7.75001,46.83181
16055,7.75001,46.8497
16056,7.75002,46.86759
16057,7.75002,46.88548
16058,7.75011,46.83191
16059,7.75011,46.8498
16060,7.75012,46.86769
16061,7.75012,46.88558
16062,7.75013,46.90347
16063,7.75021,46.8499
16064,7.75022,46.86779
16065,7.75022,46.88568
16066,7.75023,46.90357
16067,7.75023,46.92146
16068,7.75032,46.86789
16069,7.75032,46.88578
16070,7.75033,46.90367
16071,7.75033,46.92156
16072,7.75033,46.93945
16073,7.75042,46.88588
16074,7.75043,46.90377
16075,7.75043,46.92166
16076,7.75043,46.93955
16077,7.75044,46.95744
16078,7.75053,46.90387
16079,7.75053,46.92176
16080,7.75053,46.93965
16081,7.75054,46.95754
16082,7.75054,46.97543
16083,7.75063,46.92186
16084,7.75063,46.93975
16085,7.75064,46.95764
16086,7.75064,46.97553
16087,7.75065,46.99342
16088,7.75073,46.93985
16089,7.75074,46.95774
16090,7.75074,46.97563
16091,7.75075,46.99352
16092,7.75075,47.01141
16093,7.75084,46.95784
16094,7.75084,46.97573
16095,7.75085,46.99362
16096,7.75085,47.01151
16097,7.75086,47.0294
16098,7.75094,46.97583
16099,7.75095,46.99372
16100,7.75095,47.01161
16101,7.75096,47.0295
16102,7.75096,47.04739
16103,7.75105,46.99382
16104,7.75105,47.01171
16105,7.75106,47.0296
16106,7.75106,47.04749
16107,7.75107,47.06538
16108,7.75115,47.01181
16109,7.75116,47.0297
16110,7.75116,47.04759
16111,7.75117,47.06548
16112,7.75117,47.08337
16113,7.75126,47.0298
16114,7.75126,47.04769
16115,7.75127,47.06558
16116,7.75127,47.08347
16117,7.75127,47.10136
16118,7.75136,47.04779
16119,7.75137,47.06568
16120,7.75137,47.08357
16121,7.75137,47.10146
16122,7.75138,47.11935
16123,7.75147,47.06578
16124,7.75147,47.08367
16125,7.75147,47.10156
16126,7.75148,47.11945
16127,7.75148,47.13734
16128,7.75157,47.08377
16129,7.75157,47.10166
16130,7.75158,47.11955
16131,7.75158,47.13744
16132,7.75159,47.15533
16133,7.75167,47.10176
16134,7.75168,47.11965
16135,7.75168,47.13754
16136,7.75169,47.15543
16137,7.75169,47.17332
16138,7.75178,47.11975
16139,7.75178,47.13764
16140,7.75179,47.15553
16141,7.75179,47.17342
16142,7.7518,47.19131
16143,7.75188,47.13774
16144,7.75189,47.15563
16145,7.75189,47.17352
16146,7.7519,47.19141
16147,7.7519,47.2093
16148,7.75199,47.15573
16149,7.75199,47.17362
16150,7.752,47.19151
16151,7.752,47.2094
16152,7.75201,47.22729
16153,7.75209,47.17372
16154,7.7521,47.19161
16155,7.7521,47.2095
16156,7.75211,47.22739
16157,7.75212,47.24528
16158,7.7522,47.19171
16159,7.7522,47.2096
16160,7.75221,47.22749
16161,7.75222,47.24538
16162,7.75222,47.26327
16163,7.7523,47.2097
16164,7.75231,47.22759
16165,7.75232,47.24548
16166,7.75232,47.26337
16167,7.75233,47.28126
16168,7.75241,47.22769
16169,7.75242,47.24558
16170,7.75242,47.26347
16171,7.75243,47.28136
16172,7.75243,47.29924
16173,7.75252,47.24568
16174,7.75252,47.26357
16175,7.75253,47.28146
16176,7.75253,47.29934
16177,7.75254,47.31723
16178,7.75262,47.26367
16179,7.75263,47.28156
16180,7.75263,47.29944
16181,7.75264,47.31733
16182,7.75264,47.33522
16183,7.75273,47.28166
16184,7.75273,47.29954
16185,7.75274,47.31743
16186,7.75274,47.33532
16187,7.75275,47.35321
16188,7.75283,47.29964
16189,7.75284,47.31753
16190,7.75284,47.33542
16191,7.75285,47.35331
16192,7.75285,47.3712
16193,7.75294,47.31763
16194,7.75294,47.33552
16195,7.75295,47.35341
16196,7.75295,47.3713
16197,7.75296,47.38919
16198,7.75304,47.33562
16199,7.75305,47.35351
16200,7.75305,47.3714
16201,7.75306,47.38929
16202,7.75307,47.40718
16203,7.75315,47.35361
16204,7.75315,47.3715
16205,7.75316,47.38939
16206,7.75317,47.40728
16207,7.75317,47.42516
16208,7.75325,47.3716
16209,7.75326,47.38949
16210,7.75327,47.40738
16211,7.75327,47.42526
16212,7.75328,47.44315
16213,7.75336,47.38959
16214,7.75337,47.40748
16215,7.75337,47.42536
16216,7.75338,47.44325
16217,7.75338,47.46114
16218,7.75347,47.40758
16219,7.75347,47.42546
16220,7.75348,47.44335
16221,7.75348,47.46124
16222,7.75349,47.47913
16223,7.75357,47.42556
16224,7.75358,47.44345
16225,7.75358,47.46134
16226,7.75359,47.47923
16227,7.7536,47.49712
16228,7.75368,47.44355
16229,7.75368,47.46144
16230,7.75369,47.47933
16231,7.7537,47.49722
16232,7.7537,47.5151
16233,7.75378,47.46154
16234,7.75379,47.47943
16235,7.7538,47.49732
16236,7.7538,47.5152
16237,7.75381,47.53309
16238,7.75389,47.47953
16239,7.7539,47.49742
16240,7.7539,47.5153
16241,7.75391,47.53319
16242,7.75392,47.55108
16243,7.754,47.49752
16244,7.754,47.5154
16245,7.75401,47.53329
16246,7.75402,47.55118
16247,7.7541,47.5155
16248,7.75411,47.53339
16249,7.75412,47.55128
16250,7.75421,47.53349
16251,7.75422,47.55138
16252,7.75432,47.55148
16253,7.77083,46.00385
16254,7.77093,46.00395
16255,7.77094,46.02184
16256,7.77103,46.00405
16257,7.77104,46.02194
16258,7.77104,46.03984
16259,7.77113,46.00415
16260,7.77114,46.02204
16261,7.77114,46.03994
16262,7.77115,46.05783
16263,7.77123,46.00425
16264,7.77124,46.02214
16265,7.77124,46.04004
16266,7.77125,46.05793
16267,7.77126,46.07582
16268,7.77134,46.02224
16269,7.77134,46.04014
16270,7.77135,46.05803
16271,7.77136,46.07592
16272,7.77137,46.09381
16273,7.77144,46.04024
16274,7.77145,46.05813
16275,7.77146,46.07602
16276,7.77147,46.09391
16277,7.77148,46.1118
16278,7.77155,46.05823
16279,7.77156,46.07612
16280,7.77157,46.09401
16281,7.77158,46.1119
16282,7.77166,46.07622
16283,7.77167,46.09411
16284,7.77168,46.112
16285,7.7717,46.14778
16286,7.77177,46.09421
16287,7.77178,46.1121
16288,7.7718,46.14788
16289,7.77188,46.1122
16290,7.77247,46.27372
16291,7.77257,46.27382
16292,7.77258,46.29171
16293,7.77267,46.27392
16294,7.77268,46.29181
16295,7.77269,46.3097
16296,7.77277,46.27402
16297,7.77278,46.29191
16298,7.77279,46.3098
16299,7.7728,46.32769
16300,7.77287,46.27412
16301,7.77288,46.29201
16302,7.77289,46.3099
16303,7.7729,46.32779
16304,7.77298,46.29211
16305,7.77299,46.31
16306,7.773,46.32789
16307,7.77309,46.3101
16308,7.7731,46.32799
16309,7.7732,46.32809
16310,7.77324,46.39966
16311,7.77334,46.39976
16312,7.77336,46.41765
16313,7.77344,46.39986
16314,7.77346,46.41775
16315,7.77354,46.39996
16316,7.77356,46.41785
16317,7.77364,46.40006
16318,7.77366,46.41795
16319,7.77376,46.41805
16320,7.77391,46.5076
16321,7.77402,46.52559
16322,7.77412,46.52569
16323,7.77413,46.54358
16324,7.77422,46.52579
16325,7.77423,46.54368
16326,7.77424,46.56157
16327,7.77432,46.52589
16328,7.77433,46.54378
16329,7.77434,46.56167
16330,7.77436,46.57957
16331,7.77442,46.52599
16332,7.77443,46.54388
16333,7.77444,46.56177
16334,7.77446,46.57967
16335,7.77447,46.59756
16336,7.77453,46.54398
16337,7.77454,46.56187
16338,7.77456,46.57977
16339,7.77457,46.59766
16340,7.77458,46.61555
16341,7.77464,46.56197
16342,7.77466,46.57987
16343,7.77467,46.59776
16344,7.77468,46.61565
16345,7.77469,46.63354
16346,7.77476,46.57997
16347,7.77478,46.61575
16348,7.77479,46.63364
16349,7.7748,46.65153
16350,7.77488,46.61585
16351,7.77489,46.63374
16352,7.7749,46.65163
16353,7.77498,46.61595
16354,7.77499,46.63384
16355,7.775,46.65173
16356,7.77503,46.68751
16357,7.77509,46.63394
16358,7.7751,46.65183
16359,7.77513,46.68761
16360,7.77514,46.7055
16361,7.7752,46.65193
16362,7.77523,46.68771
16363,7.77524,46.7056
16364,7.77525,46.72349
16365,7.77533,46.68781
16366,7.77534,46.7057
16367,7.77535,46.72359
16368,7.77536,46.74148
16369,7.77543,46.68791
16370,7.77544,46.7058
16371,7.77545,46.72369
16372,7.77546,46.74158
16373,7.77547,46.75947
16374,7.77554,46.7059
16375,7.77555,46.72379
16376,7.77556,46.74168
16377,7.77557,46.75957
16378,7.77559,46.77747
16379,7.77565,46.72389
16380,7.77566,46.74178
16381,7.77567,46.75967
16382,7.77569,46.77757
16383,7.7757,46.79546
16384,7.77576,46.74188
16385,7.77577,46.75977
16386,7.77579,46.77767
16387,7.7758,46.79556
16388,7.77581,46.81345
16389,7.77587,46.75987
16390,7.77589,46.77777
16391,7.7759,46.79566
16392,7.77591,46.81355
16393,7.77592,46.83144
16394,7.77599,46.77787
16395,7.776,46.79576
16396,7.77601,46.81365
16397,7.77602,46.83154
16398,7.77604,46.84943
16399,7.7761,46.79586
16400,7.77611,46.81375
16401,7.77612,46.83164
16402,7.77614,46.84953
16403,7.77615,46.86742
16404,7.77621,46.81385
16405,7.77622,46.83174
16406,7.77624,46.84963
16407,7.77625,46.86752
16408,7.77626,46.88541
16409,7.77632,46.83184
16410,7.77634,46.84973
16411,7.77635,46.86762
16412,7.77636,46.88551
16413,7.77637,46.9034
16414,7.77644,46.84983
16415,7.77645,46.86772
16416,7.77646,46.88561
16417,7.77647,46.9035
16418,7.77649,46.92139
16419,7.77655,46.86782
16420,7.77656,46.88571
16421,7.77657,46.9036
16422,7.77659,46.92149
16423,7.7766,46.93938
16424,7.77666,46.88581
16425,7.77667,46.9037
16426,7.77669,46.92159
16427,7.7767,46.93948
16428,7.77671,46.95737
16429,7.77677,46.9038
16430,7.77679,46.92169
16431,7.7768,46.93958
16432,7.77681,46.95747
16433,7.77683,46.97536
16434,7.77689,46.92179
16435,7.7769,46.93968
16436,7.77691,46.95757
16437,7.77693,46.97546
16438,7.77694,46.99335
16439,7.777,46.93978
16440,7.77701,46.95767
16441,7.77703,46.97556
16442,7.77704,46.99345
16443,7.77705,47.01134
16444,7.77711,46.95777
16445,7.77713,46.97566
16446,7.77714,46.99355
16447,7.77715,47.01144
16448,7.77717,47.02933
16449,7.77723,46.97576
16450,7.77724,46.99365
16451,7.77725,47.01154
16452,7.77727,47.02943
16453,7.77728,47.04732
16454,7.77734,46.99375
16455,7.77735,47.01164
16456,7.77737,47.02953
16457,7.77738,47.04742
16458,7.77739,47.06531
16459,7.77745,47.01174
16460,7.77747,47.02963
16461,7.77748,47.04752
16462,7.77749,47.06541
16463,7.77751,47.0833
16464,7.77757,47.02973
16465,7.77758,47.04762
16466,7.77759,47.06551
16467,7.77761,47.0834
16468,7.77762,47.10129
16469,7.77768,47.04772
16470,7.77769,47.06561
16471,7.77771,47.0835
16472,7.77772,47.10139
16473,7.77773,47.11928
16474,7.77779,47.06571
16475,7.77781,47.0836
16476,7.77782,47.10149
16477,7.77783,47.11938
16478,7.77785,47.13727
16479,7.77791,47.0837
16480,7.77792,47.10159
16481,7.77793,47.11948
16482,7.77795,47.13737
16483,7.77796,47.15526
16484,7.77802,47.10169
16485,7.77803,47.11958
16486,7.77805,47.13747
16487,7.77806,47.15536
16488,7.77808,47.17325
16489,7.77813,47.11968
16490,7.77815,47.13757
16491,7.77816,47.15546
16492,7.77818,47.17335
16493,7.77819,47.19124
16494,7.77825,47.13767
16495,7.77826,47.15556
16496,7.77828,47.17345
16497,7.77829,47.19134
16498,7.7783,47.20922
16499,7.77836,47.15566
16500,7.77838,47.17355
16501,7.77839,47.19144
16502,7.7784,47.20932
16503,7.77842,47.22721
16504,7.77848,47.17365
16505,7.77849,47.19154
16506,7.7785,47.20942
16507,7.77852,47.22731
16508,7.77853,47.2452
16509,7.77859,47.19164
16510,7.7786,47.20952
16511,7.77862,47.22741
16512,7.77863,47.2453
16513,7.77865,47.26319
16514,7.7787,47.20962
16515,7.77872,47.22751
16516,7.77873,47.2454
16517,7.77875,47.26329
16518,7.77876,47.28118
16519,7.77882,47.22761
16520,7.77883,47.2455
16521,7.77885,47.26339
16522,7.77886,47.28128
16523,7.77888,47.29917
16524,7.77893,47.2456
16525,7.77895,47.26349
16526,7.77896,47.28138
16527,7.77898,47.29927
16528,7.77899,47.31716
16529,7.77905,47.26359
16530,7.77906,47.28148
16531,7.77908,47.29937
16532,7.77909,47.31726
16533,7.7791,47.33515
16534,7.77916,47.28158
16535,7.77918,47.29947
16536,7.77919,47.31736
16537,7.7792,47.33525
16538,7.77922,47.35314
16539,7.77928,47.29957
16540,7.77929,47.31746
16541,7.7793,47.33535
16542,7.77932,47.35324
16543,7.77933,47.37112
16544,7.77939,47.31756
16545,7.7794,47.33545
16546,7.77942,47.35334
16547,7.77943,47.37122
16548,7.77945,47.38911
16549,7.7795,47.33555
16550,7.77952,47.35344
16551,7.77953,47.37132
16552,7.77955,47.38921
16553,7.77956,47.4071
16554,7.77962,47.35354
16555,7.77963,47.37142
16556,7.77965,47.38931
16557,7.77966,47.4072
16558,7.77968,47.42509
16559,7.77973,47.37152
16560,7.77975,47.38941
16561,7.77976,47.4073
16562,7.77978,47.42519
16563,7.77979,47.44308
16564,7.77985,47.38951
16565,7.77986,47.4074
16566,7.77988,47.42529
16567,7.77989,47.44318
16568,7.77991,47.46106
16569,7.77996,47.4075
16570,7.77998,47.42539
16571,7.77999,47.44328
16572,7.78001,47.46116
16573,7.78002,47.47905
16574,7.78008,47.42549
16575,7.78009,47.44338
16576,7.78011,47.46126
16577,7.78012,47.47915
16578,7.78014,47.49704
16579,7.78019,47.44348
16580,7.78021,47.46136
16581,7.78022,47.47925
16582,7.78024,47.49714
16583,7.78025,47.51503
16584,7.78031,47.46146
16585,7.78032,47.47935
16586,7.78034,47.49724
16587,7.78035,47.51513
16588,7.78037,47.53302
16589,7.78042,47.47945
16590,7.78044,47.49734
16591,7.78045,47.51523
16592,7.78047,47.53312
16593,7.78049,47.551
16594,7.78054,47.49744
16595,7.78055,47.51533
16596,7.78057,47.53322
16597,7.78059,47.5511
16598,7.78065,47.51543
16599,7.78067,47.53332
16600,7.78069,47.5512
16601,7.78077,47.53342
16602,7.78079,47.5513
16603,7.78089,47.5514
16604,7.797,46.05775
16605,7.79711,46.07574
16606,7.79721,46.07584
16607,7.79723,46.09373
16608,7.79731,46.07594
16609,7.79733,46.09383
16610,7.79735,46.11172
16611,7.79741,46.07604
16612,7.79743,46.09393
16613,7.79745,46.11182
16614,7.79747,46.12971
16615,7.79753,46.09403
16616,7.79755,46.11192
16617,7.79757,46.12981
16618,7.79759,46.1477
16619,7.79763,46.09413
16620,7.79765,46.11202
16621,7.79767,46.12991
16622,7.79769,46.1478
16623,7.7977,46.16569
16624,7.79775,46.11212
16625,7.79777,46.13001
16626,7.79779,46.1479
16627,7.7978,46.16579
16628,7.79782,46.18368
16629,7.79787,46.13011
16630,7.79789,46.148
16631,7.7979,46.16589
16632,7.79792,46.18378
16633,7.79794,46.20167
16634,7.79799,46.1481
16635,7.798,46.16599
16636,7.79802,46.18388
16637,7.79804,46.20177
16638,7.79806,46.21967
16639,7.7981,46.16609
16640,7.79812,46.18398
16641,7.79814,46.20187
16642,7.79816,46.21977
16643,7.79822,46.18408
16644,7.79824,46.20197
16645,7.79834,46.20207
16646,7.79842,46.27364
16647,7.79852,46.27374
16648,7.79854,46.29163
16649,7.79862,46.27384
16650,7.79864,46.29173
16651,7.79865,46.30962
16652,7.79872,46.27394
16653,7.79874,46.29183
16654,7.79875,46.30972
16655,7.79877,46.32761
16656,7.79882,46.27404
16657,7.79884,46.29193
16658,7.79885,46.30982
16659,7.79887,46.32771
16660,7.79894,46.29203
16661,7.79895,46.30992
16662,7.79897,46.32781
16663,7.79905,46.31002
16664,7.79907,46.32791
16665,7.79917,46.32801
16666,7.79925,46.39958
16667,7.79935,46.39968
16668,7.79937,46.41757
16669,7.79945,46.39978
16670,7.79947,46.41767
16671,7.79955,46.39988
16672,7.79957,46.41777
16673,7.79965,46.39998
16674,7.79967,46.41787
16675,7.79977,46.41797
16676,7.79997,46.50752
16677,7.80009,46.52551
16678,7.80021,46.5435
16679,7.80031,46.5436
16680,7.80033,46.5615
16681,7.80043,46.5616
16682,7.80045,46.57949
16683,7.80053,46.5617
16684,7.80055,46.57959
16685,7.80057,46.59748
16686,7.80063,46.5618
16687,7.80065,46.57969
16688,7.80067,46.59758
16689,7.80069,46.61547
16690,7.80073,46.5619
16691,7.80075,46.57979
16692,7.80079,46.61557
16693,7.80081,46.63346
16694,7.80085,46.57989
16695,7.80089,46.61567
16696,7.80091,46.63356
16697,7.80093,46.65145
16698,7.80099,46.61577
16699,7.80101,46.63366
16700,7.80103,46.65155
16701,7.80105,46.66944
16702,7.80109,46.61587
16703,7.80111,46.63376
16704,7.80113,46.65165
16705,7.80115,46.66954
16706,7.80117,46.68743
16707,7.80123,46.65175
16708,7.80125,46.66964
16709,7.80127,46.68753
16710,7.80129,46.70542
16711,7.80133,46.65185
16712,7.80135,46.66974
16713,7.80137,46.68763
16714,7.80139,46.70552
16715,7.80141,46.72341
16716,7.80145,46.66984
16717,7.80147,46.68773
16718,7.80149,46.70562
16719,7.80151,46.72351
16720,7.80153,46.7414
16721,7.80157,46.68783
16722,7.80159,46.70572
16723,7.80161,46.72361
16724,7.80163,46.7415
16725,7.80165,46.75939
16726,7.80169,46.70582
16727,7.80171,46.72371
16728,7.80173,46.7416
16729,7.80175,46.75949
16730,7.80177,46.77738
16731,7.80183,46.7417
16732,7.80185,46.75959
16733,7.80187,46.77748
16734,7.8019,46.79538
16735,7.80193,46.7418
16736,7.80195,46.75969
16737,7.80197,46.77758
16738,7.802,46.79548
16739,7.80202,46.81337
16740,7.80207,46.77768
16741,7.8021,46.79558
16742,7.80212,46.81347
16743,7.80214,46.83136
16744,7.80217,46.77778
16745,7.8022,46.79568
16746,7.80222,46.81357
16747,7.80224,46.83146
16748,7.80226,46.84935
16749,7.8023,46.79578
16750,7.80232,46.81367
16751,7.80234,46.83156
16752,7.80236,46.84945
16753,7.80238,46.86734
16754,7.80242,46.81377
16755,7.80244,46.83166
16756,7.80246,46.84955
16757,7.80248,46.86744
16758,7.8025,46.88533
16759,7.80254,46.83176
16760,7.80256,46.84965
16761,7.80258,46.86754
16762,7.8026,46.88543
16763,7.80262,46.90332
16764,7.80266,46.84975
16765,7.80268,46.86764
16766,7.8027,46.88553
16767,7.80272,46.90342
16768,7.80275,46.92131
16769,7.80278,46.86774
16770,7.8028,46.88563
16771,7.80282,46.90352
16772,7.80285,46.92141
16773,7.80287,46.9393
16774,7.8029,46.88573
16775,7.80292,46.90362
16776,7.80295,46.92151
16777,7.80297,46.9394
16778,7.80299,46.95729
16779,7.80302,46.90372
16780,7.80305,46.92161
16781,7.80307,46.9395
16782,7.80309,46.95739
16783,7.80311,46.97528
16784,7.80315,46.92171
16785,7.80317,46.9396
16786,7.80319,46.95749
16787,7.80321,46.97538
16788,7.80323,46.99327
16789,7.80327,46.9397
16790,7.80329,46.95759
16791,7.80331,46.97548
16792,7.80333,46.99337
16793,7.80335,47.01126
16794,7.80339,46.95769
16795,7.80341,46.97558
16796,7.80343,46.99347
16797,7.80345,47.01136
16798,7.80348,47.02925
16799,7.80351,46.97568
16800,7.80353,46.99357
16801,7.80355,47.01146
16802,7.80358,47.02935
16803,7.8036,47.04724
16804,7.80363,46.99367
16805,7.80365,47.01156
16806,7.80368,47.02945
16807,7.8037,47.04734
16808,7.80372,47.06523
16809,7.80375,47.01166
16810,7.80378,47.02955
16811,7.8038,47.04744
16812,7.80382,47.06533
16813,7.80384,47.08322
16814,7.80388,47.02965
16815,7.8039,47.04754
16816,7.80392,47.06543
16817,7.80394,47.08332
16818,7.80397,47.10121
16819,7.804,47.04764
16820,7.80402,47.06553
16821,7.80404,47.08342
16822,7.80407,47.10131
16823,7.80409,47.1192
16824,7.80412,47.06563
16825,7.80414,47.08352
16826,7.80417,47.10141
16827,7.80419,47.1193
16828,7.80421,47.13719
16829,7.80424,47.08362
16830,7.80427,47.10151
16831,7.80429,47.1194
16832,7.80431,47.13729
16833,7.80433,47.15518
16834,7.80437,47.10161
16835,7.80439,47.1195
16836,7.80441,47.13739
16837,7.80443,47.15528
16838,7.80446,47.17317
16839,7.80449,47.1196
16840,7.80451,47.13749
16841,7.80453,47.15538
16842,7.80456,47.17327
16843,7.80458,47.19115
16844,7.80461,47.13759
16845,7.80463,47.15548
16846,7.80466,47.17337
16847,7.80468,47.19125
16848,7.8047,47.20914
16849,7.80473,47.15558
16850,7.80476,47.17347
16851,7.80478,47.19135
16852,7.8048,47.20924
16853,7.80483,47.22713
16854,7.80486,47.17357
16855,7.80488,47.19145
16856,7.8049,47.20934
16857,7.80493,47.22723
16858,7.80495,47.24512
16859,7.80498,47.19155
16860,7.805,47.20944
16861,7.80503,47.22733
16862,7.80505,47.24522
16863,7.80507,47.26311
16864,7.8051,47.20954
16865,7.80513,47.22743
16866,7.80515,47.24532
16867,7.80517,47.26321
16868,7.8052,47.2811
16869,7.80523,47.22753
16870,7.80525,47.24542
16871,7.80527,47.26331
16872,7.8053,47.2812
16873,7.80532,47.29909
16874,7.80535,47.24552
16875,7.80537,47.26341
16876,7.8054,47.2813
16877,7.80542,47.29919
16878,7.80544,47.31708
16879,7.80547,47.26351
16880,7.8055,47.2814
16881,7.80552,47.29929
16882,7.80554,47.31718
16883,7.80557,47.33507
16884,7.8056,47.2815
16885,7.80562,47.29939
16886,7.80564,47.31728
16887,7.80567,47.33517
16888,7.80569,47.35305
16889,7.80572,47.29949
16890,7.80574,47.31738
16891,7.80577,47.33527
16892,7.80579,47.35315
16893,7.80581,47.37104
16894,7.80584,47.31748
16895,7.80587,47.33537
16896,7.80589,47.35325
16897,7.80591,47.37114
16898,7.80594,47.38903
16899,7.80597,47.33547
16900,7.80599,47.35335
16901,7.80601,47.37124
16902,7.80604,47.38913
16903,7.80606,47.40702
16904,7.80609,47.35345
16905,7.80611,47.37134
16906,7.80614,47.38923
16907,7.80616,47.40712
16908,7.80618,47.42501
16909,7.80621,47.37144
16910,7.80624,47.38933
16911,7.80626,47.40722
16912,7.80628,47.42511
16913,7.80631,47.443
16914,7.80634,47.38943
16915,7.80636,47.40732
16916,7.80638,47.42521
16917,7.80641,47.4431
16918,7.80643,47.46098
16919,7.80646,47.40742
16920,7.80648,47.42531
16921,7.80651,47.4432
16922,7.80653,47.46108
16923,7.80656,47.47897
16924,7.80658,47.42541
16925,7.80661,47.4433
16926,7.80663,47.46118
16927,7.80666,47.47907
16928,7.80668,47.49696
16929,7.80671,47.4434
16930,7.80673,47.46128
16931,7.80676,47.47917
16932,7.80678,47.49706
16933,7.80681,47.51495
16934,7.80683,47.46138
16935,7.80686,47.47927
16936,7.80688,47.49716
16937,7.80691,47.51505
16938,7.80693,47.53293
16939,7.80696,47.47937
16940,7.80698,47.49726
16941,7.80701,47.51515
16942,7.80703,47.53303
16943,7.80705,47.55092
16944,7.80708,47.49736
16945,7.80711,47.51525
16946,7.80713,47.53313
16947,7.80715,47.55102
16948,7.80718,47.56891
16949,7.80721,47.51535
16950,7.80723,47.53323
16951,7.80725,47.55112
16952,7.80728,47.56901
16953,7.8073,47.5869
16954,7.80733,47.53333
16955,7.80735,47.55122
16956,7.80738,47.56911
16957,7.80745,47.55132
16958,7.80748,47.56921
16959,7.80758,47.56931
16960,7.82284,46.05766
16961,7.82294,46.05776
16962,7.8236,46.16561
16963,7.8237,46.16571
16964,7.82372,46.1836
16965,7.8238,46.16581
16966,7.82382,46.1837
16967,7.82385,46.20159
16968,7.8239,46.16591
16969,7.82392,46.1838
16970,7.82395,46.20169
16971,7.82398,46.21958
16972,7.824,46.16601
16973,7.82402,46.1839
16974,7.82405,46.20179
16975,7.82408,46.21968
16976,7.82411,46.23757
16977,7.82412,46.184
16978,7.82415,46.20189
16979,7.82418,46.21978
16980,7.82421,46.23767
16981,7.82423,46.25556
16982,7.82425,46.20199
16983,7.82428,46.21988
16984,7.82431,46.23777
16985,7.82433,46.25566
16986,7.82436,46.27355
16987,7.82438,46.21998
16988,7.82441,46.23787
16989,7.82443,46.25576
16990,7.82446,46.27365
16991,7.82449,46.29154
16992,7.82451,46.23797
16993,7.82453,46.25586
16994,7.82456,46.27375
16995,7.82459,46.29164
16996,7.82462,46.30954
16997,7.82463,46.25596
16998,7.82466,46.27385
16999,7.82469,46.29174
17000,7.82472,46.30964
17001,7.82474,46.32753
17002,7.82476,46.27395
17003,7.82479,46.29184
17004,7.82482,46.30974
17005,7.82484,46.32763
17006,7.82489,46.29194
17007,7.82492,46.30984
17008,7.82494,46.32773
17009,7.82502,46.30994
17010,7.82504,46.32783
17011,7.82514,46.32793
17012,7.82538,46.41748
17013,7.82548,46.41758
17014,7.82551,46.43547
17015,7.82558,46.41768
17016,7.82568,46.41778
17017,7.82578,46.41788
17018,7.82628,46.54342
17019,7.82638,46.54352
17020,7.82641,46.56141
17021,7.82651,46.56151
17022,7.8268,46.61538
17023,7.8269,46.61548
17024,7.82693,46.63337
17025,7.827,46.61558
17026,7.82703,46.63347
17027,7.82706,46.65136
17028,7.8271,46.61568
17029,7.82713,46.63357
17030,7.82716,46.65146
17031,7.82718,46.66935
17032,7.8272,46.61578
17033,7.82723,46.63367
17034,7.82726,46.65156
17035,7.82728,46.66945
17036,7.82731,46.68735
17037,7.82733,46.63377
17038,7.82736,46.65166
17039,7.82738,46.66955
17040,7.82741,46.68745
17041,7.82744,46.70534
17042,7.82746,46.65176
17043,7.82748,46.66965
17044,7.82751,46.68755
17045,7.82754,46.70544
17046,7.82757,46.72333
17047,7.82758,46.66975
17048,7.82761,46.68765
17049,7.82764,46.70554
17050,7.82767,46.72343
17051,7.8277,46.74132
17052,7.82771,46.68775
17053,7.82774,46.70564
17054,7.82777,46.72353
17055,7.8278,46.74142
17056,7.82783,46.75931
17057,7.82784,46.70574
17058,7.82787,46.72363
17059,7.8279,46.74152
17060,7.82793,46.75941
17061,7.82796,46.7773
17062,7.82797,46.72373
17063,7.828,46.74162
17064,7.82806,46.7774
17065,7.82809,46.79529
17066,7.8281,46.74172
17067,7.82816,46.7775
17068,7.82819,46.79539
17069,7.82822,46.81328
17070,7.82826,46.7776
17071,7.82829,46.79549
17072,7.82832,46.81338
17073,7.82835,46.83127
17074,7.82836,46.7777
17075,7.82839,46.79559
17076,7.82842,46.81348
17077,7.82845,46.83137
17078,7.82848,46.84926
17079,7.82849,46.79569
17080,7.82852,46.81358
17081,7.82855,46.83147
17082,7.82858,46.84936
17083,7.82861,46.86725
17084,7.82862,46.81368
17085,7.82865,46.83157
17086,7.82868,46.84946
17087,7.82871,46.86735
17088,7.82874,46.88524
17089,7.82875,46.83167
17090,7.82878,46.84956
17091,7.82881,46.86745
17092,7.82884,46.88534
17093,7.82887,46.90323
17094,7.82888,46.84966
17095,7.82891,46.86755
17096,7.82894,46.88544
17097,7.82897,46.90333
17098,7.829,46.92122
17099,7.82901,46.86765
17100,7.82904,46.88554
17101,7.82907,46.90343
17102,7.8291,46.92132
17103,7.82913,46.93921
17104,7.82914,46.88564
17105,7.82917,46.90353
17106,7.8292,46.92142
17107,7.82923,46.93931
17108,7.82926,46.9572
17109,7.82927,46.90363
17110,7.8293,46.92152
17111,7.82933,46.93941
17112,7.82936,46.9573
17113,7.82939,46.97519
17114,7.8294,46.92162
17115,7.82943,46.93951
17116,7.82946,46.9574
17117,7.82949,46.97529
17118,7.82953,46.93961
17119,7.82953,46.99318
17120,7.82956,46.9575
17121,7.82959,46.97539
17122,7.82963,46.99328
17123,7.82966,46.9576
17124,7.82966,47.01117
17125,7.82969,46.97549
17126,7.82973,46.99338
17127,7.82976,47.01127
17128,7.82979,46.97559
17129,7.82979,47.02916
17130,7.82983,46.99348
17131,7.82986,47.01137
17132,7.82989,47.02926
17133,7.82992,47.04715
17134,7.82993,46.99358
17135,7.82996,47.01147
17136,7.82999,47.02936
17137,7.83002,47.04725
17138,7.83005,47.06514
17139,7.83006,47.01157
17140,7.83009,47.02946
17141,7.83012,47.04735
17142,7.83015,47.06524
17143,7.83018,47.08313
17144,7.83019,47.02956
17145,7.83022,47.04745
17146,7.83025,47.06534
17147,7.83028,47.08323
17148,7.83031,47.10112
17149,7.83032,47.04755
17150,7.83035,47.06544
17151,7.83038,47.08333
17152,7.83041,47.10122
17153,7.83044,47.11911
17154,7.83045,47.06554
17155,7.83048,47.08343
17156,7.83051,47.10132
17157,7.83054,47.11921
17158,7.83057,47.1371
17159,7.83058,47.08353
17160,7.83061,47.10142
17161,7.83064,47.11931
17162,7.83067,47.1372
17163,7.83071,47.10152
17164,7.83071,47.15509
17165,7.83074,47.11941
17166,7.83077,47.1373
17167,7.83081,47.15519
17168,7.83084,47.11951
17169,7.83084,47.17308
17170,7.83087,47.1374
17171,7.83091,47.15529
17172,7.83094,47.17318
17173,7.83097,47.1375
17174,7.83097,47.19107
17175,7.83101,47.15539
17176,7.83104,47.17328
17177,7.83107,47.19117
17178,7.8311,47.20906
17179,7.83111,47.15549
17180,7.83114,47.17338
17181,7.83117,47.19127
17182,7.8312,47.20916
17183,7.83123,47.22705
17184,7.83124,47.17348
17185,7.83127,47.19137
17186,7.8313,47.20926
17187,7.83133,47.22715
17188,7.83137,47.19147
17189,7.83137,47.24504
17190,7.8314,47.20936
17191,7.83143,47.22725
17192,7.83147,47.24514
17193,7.8315,47.20946
17194,7.8315,47.26302
17195,7.83153,47.22735
17196,7.83157,47.24524
17197,7.8316,47.26312
17198,7.83163,47.22745
17199,7.83163,47.28101
17200,7.83167,47.24534
17201,7.8317,47.26322
17202,7.83173,47.28111
17203,7.83176,47.299
17204,7.83177,47.24544
17205,7.8318,47.26332
17206,7.83183,47.28121
17207,7.83186,47.2991
17208,7.83189,47.31699
17209,7.8319,47.26342
17210,7.83193,47.28131
17211,7.83196,47.2992
17212,7.83199,47.31709
17213,7.83203,47.28141
17214,7.83203,47.33498
17215,7.83206,47.2993
17216,7.83209,47.31719
17217,7.83213,47.33508
17218,7.83216,47.2994
17219,7.83216,47.35297
17220,7.83219,47.31729
17221,7.83223,47.33518
17222,7.83226,47.35307
17223,7.83229,47.31739
17224,7.83229,47.37096
17225,7.83233,47.33528
17226,7.83236,47.35317
17227,7.83239,47.37106
17228,7.83243,47.33538
17229,7.83243,47.38894
17230,7.83246,47.35327
17231,7.83249,47.37116
17232,7.83253,47.38904
17233,7.83256,47.35337
17234,7.83256,47.40693
17235,7.83259,47.37126
17236,7.83263,47.38914
17237,7.83266,47.40703
17238,7.83269,47.37136
17239,7.83269,47.42492
17240,7.83273,47.38924
17241,7.83276,47.40713
17242,7.83279,47.42502
17243,7.83282,47.44291
17244,7.83283,47.38934
17245,7.83286,47.40723
17246,7.83289,47.42512
17247,7.83292,47.44301
17248,7.83296,47.40733
17249,7.83296,47.4609
17250,7.83299,47.42522
17251,7.83302,47.44311
17252,7.83306,47.461
17253,7.83309,47.42532
17254,7.83309,47.47888
17255,7.83312,47.44321
17256,7.83316,47.4611
17257,7.83319,47.47898
17258,7.83322,47.44331
17259,7.83322,47.49687
17260,7.83326,47.4612
17261,7.83329,47.47908
17262,7.83332,47.49697
17263,7.83336,47.4613
17264,7.83336,47.51486
17265,7.83339,47.47918
17266,7.83342,47.49707
17267,7.83346,47.51496
17268,7.83349,47.47928
17269,7.83349,47.53285
17270,7.83352,47.49717
17271,7.83356,47.51506
17272,7.83359,47.53295
17273,7.83362,47.49727
17274,7.83362,47.55083
17275,7.83366,47.51516
17276,7.83369,47.53305
17277,7.83372,47.55093
17278,7.83376,47.51526
17279,7.83376,47.56882
17280,7.83379,47.53315
17281,7.83382,47.55103
17282,7.83386,47.56892
17283,7.83389,47.53325
17284,7.83389,47.58681
17285,7.83392,47.55113
17286,7.83396,47.56902
17287,7.83399,47.58691
17288,7.83402,47.55123
17289,7.83406,47.56912
17290,7.83409,47.58701
17291,7.83416,47.56922
17292,7.83419,47.58711
17293,7.83429,47.58721
17294,7.84963,46.18351
17295,7.84973,46.18361
17296,7.84976,46.2015
17297,7.84983,46.18371
17298,7.84986,46.2016
17299,7.8499,46.21949
17300,7.84993,46.18381
17301,7.84996,46.2017
17302,7.85,46.21959
17303,7.85003,46.18391
17304,7.85003,46.23748
17305,7.85006,46.2018
17306,7.8501,46.21969
17307,7.85013,46.23758
17308,7.85016,46.2019
17309,7.85017,46.25547
17310,7.8502,46.21979
17311,7.85023,46.23768
17312,7.85027,46.25557
17313,7.8503,46.21989
17314,7.85031,46.27346
17315,7.85033,46.23778
17316,7.85037,46.25567
17317,7.85041,46.27356
17318,7.85043,46.23788
17319,7.85044,46.29145
17320,7.85047,46.25577
17321,7.85051,46.27366
17322,7.85054,46.29155
17323,7.85057,46.25587
17324,7.85058,46.30944
17325,7.85061,46.27376
17326,7.85064,46.29165
17327,7.85068,46.30954
17328,7.85071,46.27386
17329,7.85071,46.32743
17330,7.85074,46.29175
17331,7.85078,46.30964
17332,7.85081,46.32753
17333,7.85084,46.29185
17334,7.85088,46.30974
17335,7.85091,46.32763
17336,7.85098,46.30984
17337,7.85101,46.32773
17338,7.85111,46.32783
17339,7.85153,46.43538
17340,7.85163,46.43548
17341,7.85173,46.43558
17342,7.85236,46.54333
17343,7.85246,46.54343
17344,7.85249,46.56132
17345,7.85256,46.54353
17346,7.85259,46.56142
17347,7.85263,46.57931
17348,7.85266,46.54363
17349,7.85269,46.56152
17350,7.85273,46.57941
17351,7.85277,46.5973
17352,7.85283,46.57951
17353,7.85287,46.5974
17354,7.85291,46.61529
17355,7.85293,46.57961
17356,7.85297,46.5975
17357,7.85301,46.61539
17358,7.85303,46.57971
17359,7.85304,46.63328
17360,7.85307,46.5976
17361,7.85311,46.61549
17362,7.85314,46.63338
17363,7.85317,46.5977
17364,7.85318,46.65127
17365,7.85321,46.61559
17366,7.85324,46.63348
17367,7.85328,46.65137
17368,7.85332,46.66926
17369,7.85338,46.65147
17370,7.85342,46.66936
17371,7.85346,46.68725
17372,7.85348,46.65157
17373,7.85352,46.66946
17374,7.85356,46.68735
17375,7.85358,46.65167
17376,7.8536,46.70524
17377,7.85362,46.66956
17378,7.85366,46.68745
17379,7.8537,46.70534
17380,7.85372,46.66966
17381,7.85373,46.72323
17382,7.85376,46.68755
17383,7.8538,46.70544
17384,7.85383,46.72333
17385,7.85386,46.68765
17386,7.85387,46.74123
17387,7.8539,46.70554
17388,7.85393,46.72343
17389,7.85397,46.74133
17390,7.854,46.70564
17391,7.85401,46.75922
17392,7.85403,46.72353
17393,7.85407,46.74143
17394,7.85411,46.75932
17395,7.85413,46.72363
17396,7.85415,46.77721
17397,7.85417,46.74153
17398,7.85421,46.75942
17399,7.85425,46.77731
17400,7.85427,46.74163
17401,7.85429,46.7952
17402,7.85431,46.75952
17403,7.85435,46.77741
17404,7.85439,46.7953
17405,7.85441,46.75962
17406,7.85443,46.81319
17407,7.85445,46.77751
17408,7.85449,46.7954
17409,7.85453,46.81329
17410,7.85455,46.77761
17411,7.85456,46.83118
17412,7.85459,46.7955
17413,7.85463,46.81339
17414,7.85466,46.83128
17415,7.85469,46.7956
17416,7.8547,46.84917
17417,7.85473,46.81349
17418,7.85476,46.83138
17419,7.8548,46.84927
17420,7.85483,46.81359
17421,7.85484,46.86716
17422,7.85486,46.83148
17423,7.8549,46.84937
17424,7.85494,46.86726
17425,7.85496,46.83158
17426,7.85498,46.88515
17427,7.855,46.84947
17428,7.85504,46.86736
17429,7.85508,46.88525
17430,7.8551,46.84957
17431,7.85512,46.90314
17432,7.85514,46.86746
17433,7.85518,46.88535
17434,7.85522,46.90324
17435,7.85524,46.86756
17436,7.85526,46.92113
17437,7.85528,46.88545
17438,7.85532,46.90334
17439,7.85536,46.92123
17440,7.85538,46.88555
17441,7.8554,46.93912
17442,7.85542,46.90344
17443,7.85546,46.92133
17444,7.8555,46.93922
17445,7.85552,46.90354
17446,7.85554,46.95711
17447,7.85556,46.92143
17448,7.8556,46.93932
17449,7.85564,46.95721
17450,7.85566,46.92153
17451,7.85568,46.9751
17452,7.8557,46.93942
17453,7.85574,46.95731
17454,7.85578,46.9752
17455,7.8558,46.93952
17456,7.85582,46.99309
17457,7.85584,46.95741
17458,7.85588,46.9753
17459,7.85592,46.99319
17460,7.85594,46.95751
17461,7.85596,47.01108
17462,7.85598,46.9754
17463,7.85602,46.99329
17464,7.85606,47.01118
17465,7.85608,46.9755
17466,7.8561,47.02907
17467,7.85612,46.99339
17468,7.85616,47.01128
17469,7.8562,47.02917
17470,7.85622,46.99349
17471,7.85624,47.04706
17472,7.85626,47.01138
17473,7.8563,47.02927
17474,7.85634,47.04716
17475,7.85636,47.01148
17476,7.85638,47.06505
17477,7.8564,47.02937
17478,7.85644,47.04726
17479,7.85648,47.06515
17480,7.8565,47.02947
17481,7.85652,47.08304
17482,7.85654,47.04736
17483,7.85658,47.06525
17484,7.85662,47.08314
17485,7.85664,47.04746
17486,7.85666,47.10103
17487,7.85668,47.06535
17488,7.85672,47.08324
17489,7.85676,47.10113
17490,7.85678,47.06545
17491,7.8568,47.11902
17492,7.85682,47.08334
17493,7.85686,47.10123
17494,7.8569,47.11912
17495,7.85692,47.08344
17496,7.85694,47.13701
17497,7.85696,47.10133
17498,7.857,47.11922
17499,7.85704,47.13711
17500,7.85706,47.10143
17501,7.85708,47.155
17502,7.8571,47.11932
17503,7.85714,47.13721
17504,7.85718,47.1551
17505,7.8572,47.11942
17506,7.85722,47.17299
17507,7.85724,47.13731
17508,7.85728,47.1552
17509,7.85732,47.17309
17510,7.85734,47.13741
17511,7.85736,47.19098
17512,7.85738,47.1553
17513,7.85742,47.17319
17514,7.85746,47.19108
17515,7.85748,47.1554
17516,7.8575,47.20896
17517,7.85752,47.17329
17518,7.85756,47.19118
17519,7.8576,47.20906
17520,7.85762,47.17339
17521,7.85764,47.22695
17522,7.85766,47.19128
17523,7.8577,47.20916
17524,7.85774,47.22705
17525,7.85776,47.19138
17526,7.85778,47.24494
17527,7.8578,47.20926
17528,7.85784,47.22715
17529,7.85788,47.24504
17530,7.8579,47.20936
17531,7.85792,47.26293
17532,7.85794,47.22725
17533,7.85798,47.24514
17534,7.85802,47.26303
17535,7.85804,47.22735
17536,7.85806,47.28092
17537,7.85808,47.24524
17538,7.85812,47.26313
17539,7.85816,47.28102
17540,7.85818,47.24534
17541,7.85821,47.29891
17542,7.85822,47.26323
17543,7.85826,47.28112
17544,7.85831,47.29901
17545,7.85832,47.26333
17546,7.85835,47.3169
17547,7.85836,47.28122
17548,7.85841,47.29911
17549,7.85845,47.317
17550,7.85846,47.28132
17551,7.85849,47.33489
17552,7.85851,47.29921
17553,7.85855,47.3171
17554,7.85859,47.33499
17555,7.85861,47.29931
17556,7.85863,47.35287
17557,7.85865,47.3172
17558,7.85869,47.33509
17559,7.85873,47.35297
17560,7.85875,47.3173
17561,7.85877,47.37086
17562,7.85879,47.33519
17563,7.85883,47.35307
17564,7.85887,47.37096
17565,7.85889,47.33529
17566,7.85891,47.38885
17567,7.85893,47.35317
17568,7.85897,47.37106
17569,7.85901,47.38895
17570,7.85903,47.35327
17571,7.85905,47.40684
17572,7.85907,47.37116
17573,7.85911,47.38905
17574,7.85915,47.40694
17575,7.85917,47.37126
17576,7.8592,47.42483
17577,7.85921,47.38915
17578,7.85925,47.40704
17579,7.8593,47.42493
17580,7.85931,47.38925
17581,7.85934,47.44281
17582,7.85935,47.40714
17583,7.8594,47.42503
17584,7.85944,47.44291
17585,7.85945,47.40724
17586,7.85948,47.4608
17587,7.8595,47.42513
17588,7.85954,47.44301
17589,7.85958,47.4609
17590,7.8596,47.42523
17591,7.85962,47.47879
17592,7.85964,47.44311
17593,7.85968,47.461
17594,7.85972,47.47889
17595,7.85974,47.44321
17596,7.85977,47.49678
17597,7.85978,47.4611
17598,7.85982,47.47899
17599,7.85987,47.49688
17600,7.85988,47.4612
17601,7.85991,47.51477
17602,7.85992,47.47909
17603,7.85997,47.49698
17604,7.86001,47.51487
17605,7.86002,47.47919
17606,7.86005,47.53275
17607,7.86007,47.49708
17608,7.86011,47.51497
17609,7.86015,47.53285
17610,7.86017,47.49718
17611,7.86019,47.55074
17612,7.86021,47.51507
17613,7.86025,47.53295
17614,7.86029,47.55084
17615,7.86031,47.51517
17616,7.86034,47.56873
17617,7.86035,47.53305
17618,7.86039,47.55094
17619,7.86044,47.56883
17620,7.86045,47.53315
17621,7.86048,47.58671
17622,7.86049,47.55104
17623,7.86054,47.56893
17624,7.86058,47.58681
17625,7.86059,47.55114
17626,7.86064,47.56903
17627,7.86074,47.56913
17628,7.87567,46.2014
17629,7.87582,46.21939
17630,7.87592,46.21949
17631,7.87596,46.23738
17632,7.87602,46.21959
17633,7.87606,46.23748
17634,7.87611,46.25537
17635,7.87612,46.21969
17636,7.87616,46.23758
17637,7.87621,46.25547
17638,7.87622,46.21979
17639,7.87625,46.27336
17640,7.87626,46.23768
17641,7.87631,46.25557
17642,7.87635,46.27346
17643,7.87636,46.23778
17644,7.87639,46.29136
17645,7.87641,46.25567
17646,7.87645,46.27356
17647,7.87649,46.29146
17648,7.87651,46.25577
17649,7.87654,46.30935
17650,7.87655,46.27366
17651,7.87659,46.29156
17652,7.87664,46.30945
17653,7.87665,46.27376
17654,7.87668,46.32734
17655,7.87669,46.29166
17656,7.87674,46.30955
17657,7.87678,46.32744
17658,7.87679,46.29176
17659,7.87684,46.30965
17660,7.87688,46.32754
17661,7.87694,46.30975
17662,7.87698,46.32764
17663,7.87708,46.32774
17664,7.87755,46.43528
17665,7.87814,46.50725
17666,7.87824,46.50735
17667,7.87828,46.52524
17668,7.87834,46.50745
17669,7.87838,46.52534
17670,7.87843,46.54323
17671,7.87853,46.54333
17672,7.87858,46.56122
17673,7.87863,46.54343
17674,7.87868,46.56132
17675,7.87872,46.57921
17676,7.87873,46.54353
17677,7.87878,46.56142
17678,7.87882,46.57931
17679,7.87883,46.54363
17680,7.87887,46.5972
17681,7.87888,46.56152
17682,7.87892,46.57941
17683,7.87897,46.5973
17684,7.87898,46.56162
17685,7.87901,46.61519
17686,7.87907,46.5974
17687,7.87911,46.61529
17688,7.87916,46.63318
17689,7.87917,46.5975
17690,7.87921,46.61539
17691,7.87926,46.63328
17692,7.87927,46.5976
17693,7.87931,46.61549
17694,7.87931,46.65117
17695,7.87936,46.63338
17696,7.87941,46.61559
17697,7.87941,46.65127
17698,7.87945,46.66916
17699,7.87946,46.63348
17700,7.87951,46.65137
17701,7.87955,46.66926
17702,7.87956,46.63358
17703,7.8796,46.68716
17704,7.87961,46.65147
17705,7.87965,46.66936
17706,7.8797,46.68726
17707,7.87971,46.65157
17708,7.87975,46.66946
17709,7.87975,46.70515
17710,7.8798,46.68736
17711,7.87985,46.66956
17712,7.87985,46.70525
17713,7.87989,46.72314
17714,7.8799,46.68746
17715,7.87995,46.70535
17716,7.87999,46.72324
17717,7.88,46.68756
17718,7.88004,46.74113
17719,7.88005,46.70545
17720,7.88009,46.72334
17721,7.88014,46.74123
17722,7.88015,46.70555
17723,7.88019,46.72344
17724,7.88019,46.75912
17725,7.88024,46.74133
17726,7.88029,46.72354
17727,7.88029,46.75922
17728,7.88034,46.74143
17729,7.88034,46.77711
17730,7.88039,46.75932
17731,7.88044,46.74153
17732,7.88044,46.77721
17733,7.88048,46.7951
17734,7.88049,46.75942
17735,7.88054,46.77731
17736,7.88058,46.7952
17737,7.88059,46.75952
17738,7.88063,46.81309
17739,7.88068,46.7953
17740,7.88073,46.81319
17741,7.88078,46.7954
17742,7.88078,46.83108
17743,7.88083,46.81329
17744,7.88088,46.7955
17745,7.88088,46.83118
17746,7.88093,46.81339
17747,7.88093,46.84907
17748,7.88098,46.83128
17749,7.88103,46.81349
17750,7.88103,46.84917
17751,7.88107,46.86706
17752,7.88108,46.83138
17753,7.88113,46.84927
17754,7.88117,46.86716
17755,7.88118,46.83148
17756,7.88122,46.88505
17757,7.88123,46.84937
17758,7.88127,46.86726
17759,7.88132,46.88515
17760,7.88133,46.84947
17761,7.88137,46.86736
17762,7.88137,46.90304
17763,7.88142,46.88525
17764,7.88147,46.86746
17765,7.88147,46.90314
17766,7.88152,46.88535
17767,7.88152,46.92103
17768,7.88157,46.90324
17769,7.88162,46.88545
17770,7.88162,46.92113
17771,7.88167,46.90334
17772,7.88167,46.93902
17773,7.88172,46.92123
17774,7.88177,46.90344
17775,7.88177,46.93912
17776,7.88181,46.95701
17777,7.88182,46.92133
17778,7.88187,46.93922
17779,7.88191,46.95711
17780,7.88192,46.92143
17781,7.88196,46.975
17782,7.88197,46.93932
17783,7.88201,46.95721
17784,7.88206,46.9751
17785,7.88207,46.93942
17786,7.88211,46.95731
17787,7.88211,46.99299
17788,7.88216,46.9752
17789,7.88221,46.95741
17790,7.88221,46.99309
17791,7.88226,46.9753
17792,7.88226,47.01098
17793,7.88231,46.99319
17794,7.88236,46.9754
17795,7.88236,47.01108
17796,7.88241,46.99329
17797,7.88241,47.02897
17798,7.88246,47.01118
17799,7.88251,46.99339
17800,7.88251,47.02907
17801,7.88256,47.01128
17802,7.88256,47.04696
17803,7.88261,47.02917
17804,7.88266,47.01138
17805,7.88266,47.04706
17806,7.8827,47.06495
17807,7.88271,47.02927
17808,7.88276,47.04716
17809,7.8828,47.06505
17810,7.88281,47.02937
17811,7.88285,47.08294
17812,7.88286,47.04726
17813,7.8829,47.06515
17814,7.88295,47.08304
17815,7.88296,47.04736
17816,7.883,47.06525
17817,7.883,47.10093
17818,7.88305,47.08314
17819,7.8831,47.06535
17820,7.8831,47.10103
17821,7.88315,47.08324
17822,7.88315,47.11892
17823,7.8832,47.10113
17824,7.88325,47.08334
17825,7.88325,47.11902
17826,7.8833,47.10123
17827,7.8833,47.13691
17828,7.88335,47.11912
17829,7.8834,47.10133
17830,7.8834,47.13701
17831,7.88345,47.11922
17832,7.88345,47.1549
17833,7.8835,47.13711
17834,7.88355,47.11932
17835,7.88355,47.155
17836,7.8836,47.13721
17837,7.8836,47.17289
17838,7.88365,47.1551
17839,7.8837,47.13731
17840,7.8837,47.17299
17841,7.88375,47.1552
17842,7.88375,47.19088
17843,7.8838,47.17309
17844,7.88385,47.1553
17845,7.88385,47.19098
17846,7.8839,47.17319
17847,7.8839,47.20887
17848,7.88395,47.19108
17849,7.884,47.17329
17850,7.884,47.20897
17851,7.88405,47.19118
17852,7.88405,47.22685
17853,7.8841,47.20907
17854,7.88415,47.19128
17855,7.88415,47.22695
17856,7.8842,47.20917
17857,7.8842,47.24484
17858,7.88425,47.22705
17859,7.8843,47.20927
17860,7.8843,47.24494
17861,7.88435,47.22715
17862,7.88435,47.26283
17863,7.8844,47.24504
17864,7.88445,47.22725
17865,7.88445,47.26293
17866,7.8845,47.24514
17867,7.8845,47.28082
17868,7.88455,47.26303
17869,7.8846,47.24524
17870,7.8846,47.28092
17871,7.88465,47.26313
17872,7.88465,47.29881
17873,7.8847,47.28102
17874,7.88475,47.26323
17875,7.88475,47.29891
17876,7.8848,47.28112
17877,7.8848,47.3168
17878,7.88485,47.29901
17879,7.8849,47.28122
17880,7.8849,47.3169
17881,7.88495,47.29911
17882,7.88495,47.33479
17883,7.885,47.317
17884,7.88505,47.29921
17885,7.88505,47.33489
17886,7.8851,47.3171
17887,7.8851,47.35278
17888,7.88515,47.33499
17889,7.8852,47.3172
17890,7.8852,47.35288
17891,7.88525,47.33509
17892,7.88525,47.37076
17893,7.8853,47.35298
17894,7.88535,47.33519
17895,7.88535,47.37086
17896,7.8854,47.35308
17897,7.8854,47.38875
17898,7.88545,47.37096
17899,7.8855,47.35318
17900,7.8855,47.38885
17901,7.88555,47.37106
17902,7.88555,47.40674
17903,7.8856,47.38895
17904,7.88565,47.37116
17905,7.88565,47.40684
17906,7.8857,47.38905
17907,7.8857,47.42473
17908,7.88575,47.40694
17909,7.8858,47.38915
17910,7.8858,47.42483
17911,7.88585,47.40704
17912,7.88585,47.44272
17913,7.8859,47.42493
17914,7.88595,47.40714
17915,7.88595,47.44282
17916,7.886,47.42503
17917,7.886,47.4607
17918,7.88605,47.44292
17919,7.8861,47.42513
17920,7.8861,47.4608
17921,7.88615,47.44302
17922,7.88616,47.47869
17923,7.8862,47.4609
17924,7.88625,47.44312
17925,7.88626,47.47879
17926,7.8863,47.461
17927,7.88631,47.49668
17928,7.88636,47.47889
17929,7.8864,47.4611
17930,7.88641,47.49678
17931,7.88646,47.47899
17932,7.88646,47.51467
17933,7.88651,47.49688
17934,7.88656,47.47909
17935,7.88656,47.51477
17936,7.88661,47.49698
17937,7.88661,47.53265
17938,7.88666,47.51487
17939,7.88671,47.49708
17940,7.88671,47.53275
17941,7.88676,47.51497
17942,7.88676,47.55064
17943,7.88681,47.53285
17944,7.88686,47.51507
17945,7.88686,47.55074
17946,7.88691,47.53295
17947,7.88691,47.56863
17948,7.88696,47.55084
17949,7.88701,47.53305
17950,7.88701,47.56873
17951,7.88706,47.55094
17952,7.88706,47.58661
17953,7.88711,47.56883
17954,7.88716,47.55104
17955,7.88716,47.58671
17956,7.88721,47.56893
17957,7.88726,47.58681
17958,7.88731,47.56903
17959,7.90036,46.05737
17960,7.90046,46.05747
17961,7.90052,46.07536
17962,7.90056,46.05757
17963,7.90062,46.07546
17964,7.90066,46.05767
17965,7.90067,46.09335
17966,7.90072,46.07556
17967,7.90077,46.09345
17968,7.90082,46.07566
17969,7.90082,46.11134
17970,7.90087,46.09355
17971,7.90128,46.16532
17972,7.90138,46.16542
17973,7.90143,46.18331
17974,7.90148,46.16552
17975,7.90153,46.18341
17976,7.90158,46.16562
17977,7.90158,46.2013
17978,7.90163,46.18351
17979,7.90168,46.2014
17980,7.90173,46.18361
17981,7.90174,46.21929
17982,7.90178,46.2015
17983,7.90183,46.18371
17984,7.90184,46.21939
17985,7.90188,46.2016
17986,7.90189,46.23728
17987,7.90194,46.21949
17988,7.90198,46.2017
17989,7.90199,46.23738
17990,7.90204,46.21959
17991,7.90204,46.25527
17992,7.90209,46.23748
17993,7.90214,46.21969
17994,7.90214,46.25537
17995,7.90219,46.23758
17996,7.90219,46.27326
17997,7.90224,46.25547
17998,7.90229,46.23768
17999,7.90229,46.27336
18000,7.90234,46.25557
18001,7.90235,46.29125
18002,7.90239,46.27346
18003,7.90244,46.25567
18004,7.90245,46.29135
18005,7.90249,46.27356
18006,7.9025,46.30924
18007,7.90255,46.29145
18008,7.90259,46.27366
18009,7.9026,46.30934
18010,7.90265,46.29155
18011,7.90265,46.32723
18012,7.9027,46.30944
18013,7.90275,46.29165
18014,7.90275,46.32733
18015,7.9028,46.30954
18016,7.90285,46.32743
18017,7.9029,46.30964
18018,7.90295,46.32753
18019,7.90305,46.32763
18020,7.90419,46.50714
18021,7.90429,46.50724
18022,7.90435,46.52513
18023,7.90445,46.52523
18024,7.9045,46.54313
18025,7.90455,46.52533
18026,7.9046,46.54323
18027,7.90465,46.52543
18028,7.90466,46.56112
18029,7.9047,46.54333
18030,7.90475,46.52553
18031,7.90476,46.56122
18032,7.9048,46.54343
18033,7.90481,46.57911
18034,7.90486,46.56132
18035,7.9049,46.54353
18036,7.90491,46.57921
18037,7.90496,46.56142
18038,7.90497,46.5971
18039,7.90501,46.57931
18040,7.90506,46.56152
18041,7.90507,46.5972
18042,7.90511,46.57941
18043,7.90512,46.61509
18044,7.90517,46.5973
18045,7.90521,46.57951
18046,7.90522,46.61519
18047,7.90527,46.5974
18048,7.90528,46.63308
18049,7.90532,46.61529
18050,7.90537,46.5975
18051,7.90538,46.63318
18052,7.90542,46.61539
18053,7.90543,46.65107
18054,7.90548,46.63328
18055,7.90552,46.61549
18056,7.90553,46.65117
18057,7.90558,46.63338
18058,7.90559,46.66906
18059,7.90563,46.65127
18060,7.90568,46.63348
18061,7.90569,46.66916
18062,7.90573,46.65137
18063,7.90574,46.68705
18064,7.90579,46.66926
18065,7.90583,46.65147
18066,7.90584,46.68715
18067,7.90589,46.66936
18068,7.9059,46.70504
18069,7.90594,46.68725
18070,7.90599,46.66946
18071,7.906,46.70514
18072,7.90604,46.68735
18073,7.90606,46.72303
18074,7.9061,46.70524
18075,7.90614,46.68745
18076,7.90616,46.72313
18077,7.9062,46.70534
18078,7.90621,46.74102
18079,7.90626,46.72323
18080,7.9063,46.70544
18081,7.90631,46.74112
18082,7.90636,46.72333
18083,7.90637,46.75901
18084,7.90641,46.74122
18085,7.90646,46.72343
18086,7.90647,46.75911
18087,7.90651,46.74132
18088,7.90652,46.777
18089,7.90657,46.75921
18090,7.90661,46.74142
18091,7.90662,46.7771
18092,7.90667,46.75931
18093,7.90668,46.79499
18094,7.90672,46.7772
18095,7.90677,46.75941
18096,7.90678,46.79509
18097,7.90682,46.7773
18098,7.90684,46.81299
18099,7.90688,46.79519
18100,7.90692,46.7774
18101,7.90694,46.81309
18102,7.90698,46.79529
18103,7.90699,46.83098
18104,7.90704,46.81319
18105,7.90708,46.79539
18106,7.90709,46.83108
18107,7.90714,46.81329
18108,7.90715,46.84897
18109,7.90719,46.83118
18110,7.90724,46.81339
18111,7.90725,46.84907
18112,7.90729,46.83128
18113,7.9073,46.86696
18114,7.90735,46.84917
18115,7.90739,46.83138
18116,7.9074,46.86706
18117,7.90745,46.84927
18118,7.90746,46.88495
18119,7.9075,46.86716
18120,7.90755,46.84937
18121,7.90756,46.88505
18122,7.9076,46.86726
18123,7.90762,46.90294
18124,7.90766,46.88515
18125,7.9077,46.86736
18126,7.90772,46.90304
18127,7.90776,46.88525
18128,7.90777,46.92093
18129,7.90782,46.90314
18130,7.90786,46.88535
18131,7.90787,46.92103
18132,7.90792,46.90324
18133,7.90793,46.93892
18134,7.90797,46.92113
18135,7.90802,46.90334
18136,7.90803,46.93902
18137,7.90807,46.92123
18138,7.90809,46.95691
18139,7.90813,46.93912
18140,7.90817,46.92133
18141,7.90819,46.95701
18142,7.90823,46.93922
18143,7.90825,46.9749
18144,7.90829,46.95711
18145,7.90833,46.93932
18146,7.90835,46.975
18147,7.90839,46.95721
18148,7.9084,46.99289
18149,7.90845,46.9751
18150,7.90849,46.95731
18151,7.9085,46.99299
18152,7.90855,46.9752
18153,7.90856,47.01088
18154,7.9086,46.99309
18155,7.90865,46.9753
18156,7.90866,47.01098
18157,7.9087,46.99319
18158,7.90872,47.02887
18159,7.90876,47.01108
18160,7.9088,46.99329
18161,7.90882,47.02897
18162,7.90886,47.01118
18163,7.90888,47.04686
18164,7.90892,47.02907
18165,7.90896,47.01128
18166,7.90898,47.04696
18167,7.90902,47.02917
18168,7.90903,47.06485
18169,7.90908,47.04706
18170,7.90912,47.02927
18171,7.90913,47.06495
18172,7.90918,47.04716
18173,7.90919,47.08284
18174,7.90923,47.06505
18175,7.90928,47.04726
18176,7.90929,47.08294
18177,7.90933,47.06515
18178,7.90935,47.10082
18179,7.90939,47.08304
18180,7.90943,47.06525
18181,7.90945,47.10092
18182,7.90949,47.08314
18183,7.90951,47.11881
18184,7.90955,47.10102
18185,7.90959,47.08324
18186,7.90961,47.11891
18187,7.90965,47.10112
18188,7.90966,47.1368
18189,7.90971,47.11901
18190,7.90975,47.10122
18191,7.90976,47.1369
18192,7.90981,47.11911
18193,7.90982,47.15479
18194,7.90986,47.137
18195,7.90991,47.11921
18196,7.90992,47.15489
18197,7.90996,47.1371
18198,7.90998,47.17278
18199,7.91002,47.15499
18200,7.91006,47.1372
18201,7.91008,47.17288
18202,7.91012,47.15509
18203,7.91014,47.19077
18204,7.91018,47.17298
18205,7.91022,47.15519
18206,7.91024,47.19087
18207,7.91028,47.17308
18208,7.9103,47.20876
18209,7.91034,47.19097
18210,7.91038,47.17318
18211,7.9104,47.20886
18212,7.91044,47.19107
18213,7.91046,47.22675
18214,7.9105,47.20896
18215,7.91054,47.19117
18216,7.91056,47.22685
18217,7.9106,47.20906
18218,7.91062,47.24474
18219,7.91066,47.22695
18220,7.9107,47.20916
18221,7.91072,47.24484
18222,7.91076,47.22705
18223,7.91077,47.26273
18224,7.91082,47.24494
18225,7.91086,47.22715
18226,7.91087,47.26283
18227,7.91092,47.24504
18228,7.91093,47.28072
18229,7.91097,47.26293
18230,7.91102,47.24514
18231,7.91103,47.28082
18232,7.91107,47.26303
18233,7.91109,47.2987
18234,7.91113,47.28092
18235,7.91117,47.26313
18236,7.91119,47.2988
18237,7.91123,47.28102
18238,7.91125,47.31669
18239,7.91129,47.2989
18240,7.91133,47.28112
18241,7.91135,47.31679
18242,7.91139,47.299
18243,7.91141,47.33468
18244,7.91145,47.31689
18245,7.91149,47.2991
18246,7.91151,47.33478
18247,7.91155,47.31699
18248,7.91157,47.35267
18249,7.91161,47.33488
18250,7.91165,47.31709
18251,7.91167,47.35277
18252,7.91171,47.33498
18253,7.91173,47.37066
18254,7.91177,47.35287
18255,7.91181,47.33508
18256,7.91183,47.37076
18257,7.91187,47.35297
18258,7.91189,47.38865
18259,7.91193,47.37086
18260,7.91197,47.35307
18261,7.91199,47.38875
18262,7.91203,47.37096
18263,7.91205,47.40663
18264,7.91209,47.38885
18265,7.91213,47.37106
18266,7.91215,47.40673
18267,7.91219,47.38895
18268,7.91221,47.42462
18269,7.91225,47.40683
18270,7.91229,47.38905
18271,7.91231,47.42472
18272,7.91235,47.40693
18273,7.91237,47.44261
18274,7.91241,47.42482
18275,7.91245,47.40703
18276,7.91247,47.44271
18277,7.91251,47.42492
18278,7.91253,47.4606
18279,7.91257,47.44281
18280,7.91261,47.42502
18281,7.91263,47.4607
18282,7.91267,47.44291
18283,7.91269,47.47859
18284,7.91273,47.4608
18285,7.91277,47.44301
18286,7.91279,47.47869
18287,7.91283,47.4609
18288,7.91285,47.49657
18289,7.91289,47.47879
18290,7.91293,47.461
18291,7.91295,47.49667
18292,7.91299,47.47889
18293,7.91301,47.51456
18294,7.91305,47.49677
18295,7.91309,47.47899
18296,7.91311,47.51466
18297,7.91315,47.49687
18298,7.91317,47.53255
18299,7.91321,47.51476
18300,7.91325,47.49697
18301,7.91327,47.53265
18302,7.91331,47.51486
18303,7.91333,47.55053
18304,7.91337,47.53275
18305,7.91341,47.51496
18306,7.91343,47.55063
18307,7.91347,47.53285
18308,7.91349,47.56852
18309,7.91353,47.55073
18310,7.91357,47.53295
18311,7.91359,47.56862
18312,7.91363,47.55083
18313,7.91369,47.56872
18314,7.91373,47.55093
18315,7.91379,47.56882
18316,7.91389,47.56892
18317,7.92637,46.07525
18318,7.92647,46.07535
18319,7.92653,46.09324
18320,7.92657,46.07545
18321,7.92663,46.09334
18322,7.92667,46.07555
18323,7.92669,46.11123
18324,7.92673,46.09344
18325,7.92677,46.07565
18326,7.92679,46.11133
18327,7.92683,46.09354
18328,7.92685,46.12923
18329,7.92689,46.11143
18330,7.92693,46.09364
18331,7.92695,46.12933
18332,7.92699,46.11153
18333,7.92701,46.14722
18334,7.92705,46.12943
18335,7.92709,46.11163
18336,7.92711,46.14732
18337,7.92715,46.12953
18338,7.92717,46.16521
18339,7.92721,46.14742
18340,7.92725,46.12963
18341,7.92727,46.16531
18342,7.92731,46.14752
18343,7.92733,46.1832
18344,7.92737,46.16541
18345,7.92741,46.14762
18346,7.92747,46.16551
18347,7.92749,46.20119
18348,7.92757,46.16561
18349,7.92759,46.20129
18350,7.92782,46.23717
18351,7.92792,46.23727
18352,7.92798,46.25516
18353,7.92802,46.23737
18354,7.92808,46.25526
18355,7.92812,46.23747
18356,7.92814,46.27315
18357,7.92818,46.25536
18358,7.92822,46.23757
18359,7.92828,46.25546
18360,7.9283,46.29114
18361,7.92838,46.25556
18362,7.9284,46.29124
18363,7.92846,46.30913
18364,7.9285,46.29134
18365,7.92856,46.30923
18366,7.9286,46.29144
18367,7.92862,46.32712
18368,7.92866,46.30933
18369,7.9287,46.29154
18370,7.92872,46.32722
18371,7.92876,46.30943
18372,7.92882,46.32732
18373,7.92886,46.30953
18374,7.92892,46.32742
18375,7.92902,46.32752
18376,7.93074,46.56101
18377,7.93084,46.56111
18378,7.9309,46.579
18379,7.931,46.5791
18380,7.93107,46.59699
18381,7.9311,46.5792
18382,7.93117,46.59709
18383,7.9312,46.5793
18384,7.93123,46.61498
18385,7.93127,46.59719
18386,7.9313,46.5794
18387,7.93133,46.61508
18388,7.93137,46.59729
18389,7.9314,46.63297
18390,7.93143,46.61518
18391,7.93147,46.59739
18392,7.9315,46.63307
18393,7.93153,46.61528
18394,7.93156,46.65096
18395,7.9316,46.63317
18396,7.93163,46.61538
18397,7.93166,46.65106
18398,7.9317,46.63327
18399,7.93172,46.66895
18400,7.93176,46.65116
18401,7.9318,46.63337
18402,7.93182,46.66905
18403,7.93186,46.65126
18404,7.93189,46.68694
18405,7.93192,46.66915
18406,7.93196,46.65136
18407,7.93199,46.68704
18408,7.93202,46.66925
18409,7.93205,46.70493
18410,7.93209,46.68714
18411,7.93215,46.70503
18412,7.93219,46.68724
18413,7.93222,46.72292
18414,7.93225,46.70513
18415,7.93229,46.68734
18416,7.93232,46.72302
18417,7.93235,46.70523
18418,7.93238,46.74091
18419,7.93242,46.72312
18420,7.93248,46.74101
18421,7.93252,46.72322
18422,7.93255,46.7589
18423,7.93262,46.72332
18424,7.93265,46.759
18425,7.93271,46.77689
18426,7.93275,46.7591
18427,7.93281,46.77699
18428,7.93285,46.7592
18429,7.93287,46.79488
18430,7.93291,46.77709
18431,7.93295,46.7593
18432,7.93297,46.79498
18433,7.93301,46.77719
18434,7.93304,46.81287
18435,7.93307,46.79508
18436,7.93311,46.77729
18437,7.93314,46.81297
18438,7.93317,46.79518
18439,7.9332,46.83087
18440,7.93324,46.81307
18441,7.93327,46.79528
18442,7.9333,46.83097
18443,7.93334,46.81317
18444,7.93337,46.84886
18445,7.9334,46.83107
18446,7.93344,46.81327
18447,7.93347,46.84896
18448,7.9335,46.83117
18449,7.93353,46.86685
18450,7.93357,46.84906
18451,7.9336,46.83127
18452,7.93363,46.86695
18453,7.93367,46.84916
18454,7.9337,46.88484
18455,7.93373,46.86705
18456,7.93377,46.84926
18457,7.9338,46.88494
18458,7.93383,46.86715
18459,7.93387,46.90283
18460,7.9339,46.88504
18461,7.93393,46.86725
18462,7.93397,46.90293
18463,7.934,46.88514
18464,7.93403,46.92082
18465,7.93407,46.90303
18466,7.9341,46.88524
18467,7.93413,46.92092
18468,7.93417,46.90313
18469,7.9342,46.93881
18470,7.93423,46.92102
18471,7.93427,46.90323
18472,7.9343,46.93891
18473,7.93433,46.92112
18474,7.93436,46.9568
18475,7.9344,46.93901
18476,7.93443,46.92122
18477,7.93446,46.9569
18478,7.9345,46.93911
18479,7.93453,46.97479
18480,7.93456,46.957
18481,7.9346,46.93921
18482,7.93463,46.97489
18483,7.93466,46.9571
18484,7.93469,46.99278
18485,7.93473,46.97499
18486,7.93476,46.9572
18487,7.93479,46.99288
18488,7.93483,46.97509
18489,7.93486,47.01077
18490,7.93489,46.99298
18491,7.93493,46.97519
18492,7.93496,47.01087
18493,7.93499,46.99308
18494,7.93503,47.02876
18495,7.93506,47.01097
18496,7.93509,46.99318
18497,7.93513,47.02886
18498,7.93516,47.01107
18499,7.93519,47.04675
18500,7.93523,47.02896
18501,7.93526,47.01117
18502,7.93529,47.04685
18503,7.93533,47.02906
18504,7.93536,47.06473
18505,7.93539,47.04695
18506,7.93543,47.02916
18507,7.93546,47.06483
18508,7.93549,47.04705
18509,7.93553,47.08272
18510,7.93556,47.06493
18511,7.93559,47.04715
18512,7.93563,47.08282
18513,7.93566,47.06503
18514,7.93569,47.10071
18515,7.93573,47.08292
18516,7.93576,47.06513
18517,7.93579,47.10081
18518,7.93583,47.08302
18519,7.93586,47.1187
18520,7.93589,47.10091
18521,7.93593,47.08312
18522,7.93596,47.1188
18523,7.93599,47.10101
18524,7.93603,47.13669
18525,7.93606,47.1189
18526,7.93609,47.10111
18527,7.93613,47.13679
18528,7.93616,47.119
18529,7.93619,47.15468
18530,7.93623,47.13689
18531,7.93626,47.1191
18532,7.93629,47.15478
18533,7.93633,47.13699
18534,7.93636,47.17267
18535,7.93639,47.15488
18536,7.93643,47.13709
18537,7.93646,47.17277
18538,7.93649,47.15498
18539,7.93653,47.19066
18540,7.93656,47.17287
18541,7.93659,47.15508
18542,7.93663,47.19076
18543,7.93666,47.17297
18544,7.9367,47.20865
18545,7.93673,47.19086
18546,7.93676,47.17307
18547,7.9368,47.20875
18548,7.93683,47.19096
18549,7.93686,47.22664
18550,7.9369,47.20885
18551,7.93693,47.19106
18552,7.93696,47.22674
18553,7.937,47.20895
18554,7.93703,47.24463
18555,7.93706,47.22684
18556,7.9371,47.20905
18557,7.93713,47.24473
18558,7.93716,47.22694
18559,7.9372,47.26262
18560,7.93723,47.24483
18561,7.93726,47.22704
18562,7.9373,47.26272
18563,7.93733,47.24493
18564,7.93737,47.2806
18565,7.9374,47.26282
18566,7.93743,47.24503
18567,7.93747,47.2807
18568,7.9375,47.26292
18569,7.93753,47.29859
18570,7.93757,47.2808
18571,7.9376,47.26302
18572,7.93763,47.29869
18573,7.93767,47.2809
18574,7.9377,47.31658
18575,7.93773,47.29879
18576,7.93777,47.281
18577,7.9378,47.31668
18578,7.93783,47.29889
18579,7.93787,47.33457
18580,7.9379,47.31678
18581,7.93793,47.29899
18582,7.93797,47.33467
18583,7.938,47.31688
18584,7.93804,47.35256
18585,7.93807,47.33477
18586,7.9381,47.31698
18587,7.93814,47.35266
18588,7.93817,47.33487
18589,7.93821,47.37055
18590,7.93824,47.35276
18591,7.93827,47.33497
18592,7.93831,47.37065
18593,7.93834,47.35286
18594,7.93838,47.38853
18595,7.93841,47.37075
18596,7.93844,47.35296
18597,7.93848,47.38863
18598,7.93851,47.37085
18599,7.93855,47.40652
18600,7.93858,47.38873
18601,7.93861,47.37095
18602,7.93865,47.40662
18603,7.93868,47.38883
18604,7.93871,47.42451
18605,7.93875,47.40672
18606,7.93878,47.38893
18607,7.93881,47.42461
18608,7.93885,47.40682
18609,7.93888,47.4425
18610,7.93891,47.42471
18611,7.93895,47.40692
18612,7.93898,47.4426
18613,7.93901,47.42481
18614,7.93905,47.46049
18615,7.93908,47.4427
18616,7.93911,47.42491
18617,7.93915,47.46059
18618,7.93918,47.4428
18619,7.93922,47.47847
18620,7.93925,47.46069
18621,7.93928,47.4429
18622,7.93932,47.47857
18623,7.93935,47.46079
18624,7.93939,47.49646
18625,7.93942,47.47867
18626,7.93945,47.46089
18627,7.93949,47.49656
18628,7.93952,47.47877
18629,7.93956,47.51445
18630,7.93959,47.49666
18631,7.93962,47.47887
18632,7.93966,47.51455
18633,7.93969,47.49676
18634,7.93973,47.53244
18635,7.93976,47.51465
18636,7.93979,47.49686
18637,7.93983,47.53254
18638,7.93986,47.51475
18639,7.9399,47.55042
18640,7.93993,47.53264
18641,7.93996,47.51485
18642,7.94,47.55052
18643,7.94003,47.53274
18644,7.9401,47.55062
18645,7.94013,47.53284
18646,7.9402,47.55072
18647,7.9403,47.55082
18648,7.95222,46.07514
18649,7.95232,46.07524
18650,7.95239,46.09313
18651,7.95242,46.07534
18652,7.95249,46.09323
18653,7.95252,46.07544
18654,7.95255,46.11112
18655,7.95259,46.09333
18656,7.95262,46.07554
18657,7.95265,46.11122
18658,7.95269,46.09343
18659,7.95272,46.12911
18660,7.95275,46.11132
18661,7.95279,46.09353
18662,7.95282,46.12921
18663,7.95285,46.11142
18664,7.95289,46.1471
18665,7.95292,46.12931
18666,7.95295,46.11152
18667,7.95302,46.12941
18668,7.95306,46.16509
18669,7.95312,46.12951
18670,7.95316,46.16519
18671,7.95425,46.29103
18672,7.95435,46.29113
18673,7.95442,46.30902
18674,7.95445,46.29123
18675,7.95452,46.30912
18676,7.95455,46.29133
18677,7.95459,46.32701
18678,7.95462,46.30922
18679,7.95465,46.29143
18680,7.95469,46.32711
18681,7.95472,46.30932
18682,7.95477,46.345
18683,7.95479,46.32721
18684,7.95482,46.30942
18685,7.95487,46.3451
18686,7.95489,46.32731
18687,7.95494,46.36299
18688,7.95497,46.3452
18689,7.95499,46.32741
18690,7.95504,46.36309
18691,7.95507,46.3453
18692,7.95514,46.36319
18693,7.95517,46.3454
18694,7.95524,46.36329
18695,7.95534,46.36339
18696,7.95648,46.52491
18697,7.95682,46.56089
18698,7.95692,46.56099
18699,7.95699,46.57888
18700,7.95702,46.56109
18701,7.95709,46.57898
18702,7.95712,46.56119
18703,7.95717,46.59687
18704,7.95719,46.57908
18705,7.95727,46.59697
18706,7.95729,46.57918
18707,7.95734,46.61486
18708,7.95737,46.59707
18709,7.95739,46.57928
18710,7.95744,46.61496
18711,7.95747,46.59717
18712,7.95751,46.63285
18713,7.95754,46.61506
18714,7.95757,46.59727
18715,7.95761,46.63295
18716,7.95764,46.61516
18717,7.95768,46.65084
18718,7.95771,46.63305
18719,7.95774,46.61526
18720,7.95778,46.65094
18721,7.95781,46.63315
18722,7.95786,46.66883
18723,7.95788,46.65104
18724,7.95791,46.63325
18725,7.95798,46.65114
18726,7.95803,46.68683
18727,7.95808,46.65124
18728,7.95813,46.68693
18729,7.9582,46.70482
18730,7.95823,46.68703
18731,7.9583,46.70492
18732,7.95833,46.68713
18733,7.95838,46.72281
18734,7.9584,46.70502
18735,7.95843,46.68723
18736,7.95848,46.72291
18737,7.9585,46.70512
18738,7.95855,46.7408
18739,7.95858,46.72301
18740,7.9586,46.70522
18741,7.95865,46.7409
18742,7.95868,46.72311
18743,7.95872,46.75879
18744,7.95875,46.741
18745,7.95878,46.72321
18746,7.95882,46.75889
18747,7.95885,46.7411
18748,7.9589,46.77678
18749,7.95892,46.75899
18750,7.95895,46.7412
18751,7.959,46.77688
18752,7.95902,46.75909
18753,7.95907,46.79477
18754,7.9591,46.77698
18755,7.95912,46.75919
18756,7.95917,46.79487
18757,7.9592,46.77708
18758,7.95924,46.81276
18759,7.95927,46.79497
18760,7.9593,46.77718
18761,7.95934,46.81286
18762,7.95937,46.79507
18763,7.95944,46.81296
18764,7.95947,46.79517
18765,7.95954,46.81306
18766,7.95959,46.84874
18767,7.95964,46.81316
18768,7.95969,46.84884
18769,7.95977,46.86673
18770,7.95979,46.84894
18771,7.95987,46.86683
18772,7.95989,46.84904
18773,7.95994,46.88472
18774,7.95997,46.86693
18775,7.95999,46.84914
18776,7.96004,46.88482
18777,7.96007,46.86703
18778,7.96011,46.90271
18779,7.96014,46.88492
18780,7.96017,46.86713
18781,7.96021,46.90281
18782,7.96024,46.88502
18783,7.96029,46.9207
18784,7.96031,46.90291
18785,7.96034,46.88512
18786,7.96039,46.9208
18787,7.96041,46.90301
18788,7.96046,46.93869
18789,7.96049,46.9209
18790,7.96051,46.90311
18791,7.96056,46.93879
18792,7.96059,46.921
18793,7.96064,46.95668
18794,7.96066,46.93889
18795,7.96069,46.9211
18796,7.96074,46.95678
18797,7.96076,46.93899
18798,7.96081,46.97467
18799,7.96084,46.95688
18800,7.96086,46.93909
18801,7.96091,46.97477
18802,7.96094,46.95698
18803,7.96099,46.99266
18804,7.96101,46.97487
18805,7.96104,46.95708
18806,7.96109,46.99276
18807,7.96111,46.97497
18808,7.96116,47.01065
18809,7.96119,46.99286
18810,7.96121,46.97507
18811,7.96126,47.01075
18812,7.96129,46.99296
18813,7.96134,47.02864
18814,7.96136,47.01085
18815,7.96139,46.99306
18816,7.96144,47.02874
18817,7.96146,47.01095
18818,7.96151,47.04663
18819,7.96154,47.02884
18820,7.96156,47.01105
18821,7.96161,47.04673
18822,7.96164,47.02894
18823,7.96169,47.06462
18824,7.96171,47.04683
18825,7.96174,47.02904
18826,7.96179,47.06472
18827,7.96181,47.04693
18828,7.96186,47.08261
18829,7.96189,47.06482
18830,7.96191,47.04703
18831,7.96196,47.08271
18832,7.96199,47.06492
18833,7.96204,47.1006
18834,7.96206,47.08281
18835,7.96209,47.06502
18836,7.96214,47.1007
18837,7.96216,47.08291
18838,7.96221,47.11859
18839,7.96224,47.1008
18840,7.96226,47.08301
18841,7.96231,47.11869
18842,7.96234,47.1009
18843,7.96239,47.13658
18844,7.96241,47.11879
18845,7.96244,47.101
18846,7.96249,47.13668
18847,7.96251,47.11889
18848,7.96257,47.15456
18849,7.96259,47.13678
18850,7.96261,47.11899
18851,7.96267,47.15466
18852,7.96269,47.13688
18853,7.96274,47.17255
18854,7.96277,47.15476
18855,7.96279,47.13698
18856,7.96284,47.17265
18857,7.96287,47.15486
18858,7.96292,47.19054
18859,7.96294,47.17275
18860,7.96297,47.15496
18861,7.96302,47.19064
18862,7.96304,47.17285
18863,7.96309,47.20853
18864,7.96312,47.19074
18865,7.96314,47.17295
18866,7.96319,47.20863
18867,7.96322,47.19084
18868,7.96327,47.22652
18869,7.96329,47.20873
18870,7.96332,47.19094
18871,7.96337,47.22662
18872,7.96339,47.20883
18873,7.96345,47.24451
18874,7.96347,47.22672
18875,7.96349,47.20893
18876,7.96355,47.24461
18877,7.96357,47.22682
18878,7.96362,47.2625
18879,7.96365,47.24471
18880,7.96367,47.22692
18881,7.96372,47.2626
18882,7.96375,47.24481
18883,7.9638,47.28049
18884,7.96382,47.2627
18885,7.96385,47.24491
18886,7.9639,47.28059
18887,7.96392,47.2628
18888,7.96398,47.29848
18889,7.964,47.28069
18890,7.96402,47.2629
18891,7.96408,47.29858
18892,7.9641,47.28079
18893,7.96415,47.31646
18894,7.96418,47.29868
18895,7.9642,47.28089
18896,7.96425,47.31656
18897,7.96428,47.29878
18898,7.96433,47.33445
18899,7.96435,47.31666
18900,7.96438,47.29888
18901,7.96443,47.33455
18902,7.96445,47.31676
18903,7.96451,47.35244
18904,7.96453,47.33465
18905,7.96455,47.31686
18906,7.96461,47.35254
18907,7.96463,47.33475
18908,7.96469,47.37043
18909,7.96471,47.35264
18910,7.96473,47.33485
18911,7.96479,47.37053
18912,7.96481,47.35274
18913,7.96486,47.38842
18914,7.96489,47.37063
18915,7.96491,47.35284
18916,7.96496,47.38852
18917,7.96499,47.37073
18918,7.96504,47.40641
18919,7.96506,47.38862
18920,7.96509,47.37083
18921,7.96514,47.40651
18922,7.96516,47.38872
18923,7.96522,47.42439
18924,7.96524,47.40661
18925,7.96526,47.38882
18926,7.96532,47.42449
18927,7.96534,47.40671
18928,7.9654,47.44238
18929,7.96542,47.42459
18930,7.96544,47.40681
18931,7.9655,47.44248
18932,7.96552,47.42469
18933,7.96558,47.46037
18934,7.9656,47.44258
18935,7.96562,47.42479
18936,7.96568,47.46047
18937,7.9657,47.44268
18938,7.96575,47.47836
18939,7.96578,47.46057
18940,7.9658,47.44278
18941,7.96585,47.47846
18942,7.96588,47.46067
18943,7.96593,47.49634
18944,7.96595,47.47856
18945,7.96598,47.46077
18946,7.96603,47.49644
18947,7.96605,47.47866
18948,7.96611,47.51433
18949,7.96613,47.49654
18950,7.96615,47.47876
18951,7.96621,47.51443
18952,7.96623,47.49664
18953,7.96629,47.53232
18954,7.96631,47.51453
18955,7.96633,47.49674
18956,7.96639,47.53242
18957,7.96641,47.51463
18958,7.96647,47.55031
18959,7.96649,47.53252
18960,7.96651,47.51473
18961,7.96657,47.55041
18962,7.96659,47.53262
18963,7.96667,47.55051
18964,7.96669,47.53272
18965,7.96677,47.55061
18966,7.96687,47.55071
18967,7.97878,46.14698
18968,7.97888,46.14708
18969,7.97949,46.21894
18970,7.98038,46.3089
18971,7.98048,46.309
18972,7.98056,46.32689
18973,7.98058,46.3091
18974,7.98066,46.32699
18975,7.98068,46.3092
18976,7.98074,46.34488
18977,7.98076,46.32709
18978,7.98078,46.3093
18979,7.98084,46.34498
18980,7.98086,46.32719
18981,7.98092,46.36287
18982,7.98094,46.34508
18983,7.98096,46.32729
18984,7.98102,46.36297
18985,7.98104,46.34518
18986,7.9811,46.38086
18987,7.98112,46.36307
18988,7.98114,46.34528
18989,7.9812,46.38096
18990,7.98122,46.36317
18991,7.98128,46.39885
18992,7.9813,46.38106
18993,7.98132,46.36327
18994,7.98138,46.39895
18995,7.9814,46.38116
18996,7.98146,46.41684
18997,7.98148,46.39905
18998,7.9815,46.38126
18999,7.98272,46.54278
19000,7.98282,46.54288
19001,7.98309,46.57876
19002,7.98319,46.57886
19003,7.98327,46.59675
19004,7.98329,46.57896
19005,7.98337,46.59685
19006,7.98339,46.57906
19007,7.98345,46.61474
19008,7.98347,46.59695
19009,7.98349,46.57916
19010,7.98355,46.61484
19011,7.98357,46.59705
19012,7.98363,46.63273
19013,7.98365,46.61494
19014,7.98367,46.59715
19015,7.98373,46.63283
19016,7.98375,46.61504
19017,7.98381,46.65072
19018,7.98383,46.63293
19019,7.98385,46.61514
19020,7.98391,46.65082
19021,7.98393,46.63303
19022,7.98401,46.65092
19023,7.98403,46.63313
19024,7.98411,46.65102
19025,7.98417,46.6867
19026,7.98421,46.65112
19027,7.98427,46.6868
19028,7.98436,46.70469
19029,7.98437,46.6869
19030,7.98446,46.70479
19031,7.98447,46.687
19032,7.98454,46.72268
19033,7.98456,46.70489
19034,7.98464,46.72278
19035,7.98466,46.70499
19036,7.98472,46.74067
19037,7.98474,46.72288
19038,7.98476,46.70509
19039,7.98482,46.74077
19040,7.98484,46.72298
19041,7.9849,46.75867
19042,7.98492,46.74087
19043,7.98494,46.72308
19044,7.985,46.75877
19045,7.98508,46.77666
19046,7.9851,46.75887
19047,7.98518,46.77676
19048,7.9852,46.75897
19049,7.98527,46.79465
19050,7.98528,46.77686
19051,7.9853,46.75907
19052,7.98537,46.79475
19053,7.98538,46.77696
19054,7.98545,46.81264
19055,7.98547,46.79485
19056,7.98548,46.77706
19057,7.98555,46.81274
19058,7.98557,46.79495
19059,7.98563,46.83063
19060,7.98565,46.81284
19061,7.98567,46.79505
19062,7.98573,46.83073
19063,7.98575,46.81294
19064,7.98581,46.84862
19065,7.98583,46.83083
19066,7.98585,46.81304
19067,7.98591,46.84872
19068,7.98593,46.83093
19069,7.986,46.86661
19070,7.98601,46.84882
19071,7.98603,46.83103
19072,7.9861,46.86671
19073,7.98611,46.84892
19074,7.98618,46.8846
19075,7.9862,46.86681
19076,7.98628,46.8847
19077,7.9863,46.86691
19078,7.98636,46.90259
19079,7.98638,46.8848
19080,7.9864,46.86701
19081,7.98646,46.90269
19082,7.98648,46.8849
19083,7.98655,46.92058
19084,7.98656,46.90279
19085,7.98658,46.885
19086,7.98665,46.92068
19087,7.98666,46.90289
19088,7.98673,46.93857
19089,7.98675,46.92078
19090,7.98676,46.90299
19091,7.98683,46.93867
19092,7.98685,46.92088
19093,7.98691,46.95656
19094,7.98693,46.93877
19095,7.98695,46.92098
19096,7.98701,46.95666
19097,7.98703,46.93887
19098,7.9871,46.97455
19099,7.98711,46.95676
19100,7.98713,46.93897
19101,7.9872,46.97465
19102,7.98721,46.95686
19103,7.98728,46.99254
19104,7.9873,46.97475
19105,7.98731,46.95696
19106,7.98738,46.99264
19107,7.9874,46.97485
19108,7.98746,47.01053
19109,7.98748,46.99274
19110,7.9875,46.97495
19111,7.98756,47.01063
19112,7.98758,46.99284
19113,7.98765,47.02852
19114,7.98766,47.01073
19115,7.98768,46.99294
19116,7.98775,47.02862
19117,7.98776,47.01083
19118,7.98783,47.04651
19119,7.98785,47.02872
19120,7.98786,47.01093
19121,7.98793,47.04661
19122,7.98795,47.02882
19123,7.98802,47.0645
19124,7.98803,47.04671
19125,7.98805,47.02892
19126,7.98812,47.0646
19127,7.98813,47.04681
19128,7.9882,47.08248
19129,7.98822,47.0647
19130,7.98823,47.04691
19131,7.9883,47.08258
19132,7.98832,47.0648
19133,7.98838,47.10047
19134,7.9884,47.08268
19135,7.98842,47.0649
19136,7.98848,47.10057
19137,7.9885,47.08278
19138,7.98857,47.11846
19139,7.98858,47.10067
19140,7.9886,47.08288
19141,7.98867,47.11856
19142,7.98868,47.10077
19143,7.98875,47.13645
19144,7.98877,47.11866
19145,7.98878,47.10087
19146,7.98885,47.13655
19147,7.98887,47.11876
19148,7.98894,47.15444
19149,7.98895,47.13665
19150,7.98897,47.11886
19151,7.98904,47.15454
19152,7.98905,47.13675
19153,7.98912,47.17243
19154,7.98914,47.15464
19155,7.98915,47.13685
19156,7.98922,47.17253
19157,7.98924,47.15474
19158,7.98931,47.19042
19159,7.98932,47.17263
19160,7.98934,47.15484
19161,7.98941,47.19052
19162,7.98942,47.17273
19163,7.98949,47.20841
19164,7.98951,47.19062
19165,7.98952,47.17283
19166,7.98959,47.20851
19167,7.98961,47.19072
19168,7.98968,47.2264
19169,7.98969,47.20861
19170,7.98971,47.19082
19171,7.98978,47.2265
19172,7.98979,47.20871
19173,7.98986,47.24439
19174,7.98988,47.2266
19175,7.98989,47.20881
19176,7.98996,47.24449
19177,7.98998,47.2267
19178,7.99005,47.26238
19179,7.99006,47.24459
19180,7.99008,47.2268
19181,7.99015,47.26248
19182,7.99016,47.24469
19183,7.99023,47.28036
19184,7.99025,47.26258
19185,7.99026,47.24479
19186,7.99033,47.28046
19187,7.99035,47.26268
19188,7.99042,47.29835
19189,7.99043,47.28056
19190,7.99045,47.26278
19191,7.99052,47.29845
19192,7.99053,47.28066
19193,7.99061,47.31634
19194,7.99062,47.29855
19195,7.99063,47.28076
19196,7.99071,47.31644
19197,7.99072,47.29865
19198,7.99079,47.33433
19199,7.99081,47.31654
19200,7.99082,47.29875
19201,7.99089,47.33443
19202,7.99091,47.31664
19203,7.99098,47.35232
19204,7.99099,47.33453
19205,7.99101,47.31674
19206,7.99108,47.35242
19207,7.99109,47.33463
19208,7.99117,47.37031
19209,7.99118,47.35252
19210,7.99119,47.33473
19211,7.99127,47.37041
19212,7.99128,47.35262
19213,7.99135,47.38829
19214,7.99137,47.37051
19215,7.99138,47.35272
19216,7.99145,47.38839
19217,7.99147,47.37061
19218,7.99154,47.40628
19219,7.99155,47.38849
19220,7.99157,47.37071
19221,7.99164,47.40638
19222,7.99165,47.38859
19223,7.99172,47.42427
19224,7.99174,47.40648
19225,7.99175,47.38869
19226,7.99182,47.42437
19227,7.99184,47.40658
19228,7.99191,47.44226
19229,7.99192,47.42447
19230,7.99194,47.40668
19231,7.99201,47.44236
19232,7.99202,47.42457
19233,7.9921,47.46024
19234,7.99211,47.44246
19235,7.99212,47.42467
19236,7.9922,47.46034
19237,7.99221,47.44256
19238,7.99229,47.47823
19239,7.9923,47.46044
19240,7.99231,47.44266
19241,7.99239,47.47833
19242,7.9924,47.46054
19243,7.99247,47.49622
19244,7.99249,47.47843
19245,7.9925,47.46064
19246,7.99257,47.49632
19247,7.99259,47.47853
19248,7.99266,47.51421
19249,7.99267,47.49642
19250,7.99269,47.47863
19251,7.99276,47.51431
19252,7.99277,47.49652
19253,7.99285,47.53219
19254,7.99286,47.51441
19255,7.99287,47.49662
19256,7.99295,47.53229
19257,7.99296,47.51451
19258,7.99303,47.55018
19259,7.99305,47.53239
19260,7.99306,47.51461
19261,7.99313,47.55028
19262,7.99315,47.53249
19263,7.99323,47.55038
19264,7.99325,47.53259
19265,7.99333,47.55048
19266,7.99343,47.55058
19267,8.00466,46.14685
19268,8.00541,46.21882
19269,8.00551,46.21892
19270,8.0056,46.23681
19271,8.00561,46.21902
19272,8.0057,46.23691
19273,8.00571,46.21912
19274,8.0058,46.23701
19275,8.0059,46.23711
19276,8.00597,46.27279
19277,8.006,46.23721
19278,8.00607,46.27289
19279,8.00616,46.29078
19280,8.00617,46.27299
19281,8.00626,46.29088
19282,8.00627,46.27309
19283,8.00635,46.30877
19284,8.00636,46.29098
19285,8.00645,46.30887
19286,8.00646,46.29108
19287,8.00653,46.32676
19288,8.00655,46.30897
19289,8.00663,46.32686
19290,8.00665,46.30907
19291,8.00672,46.34475
19292,8.00673,46.32696
19293,8.00675,46.30917
19294,8.00682,46.34485
19295,8.00683,46.32706
19296,8.00691,46.36274
19297,8.00692,46.34495
19298,8.00693,46.32716
19299,8.00701,46.36284
19300,8.00702,46.34505
19301,8.0071,46.38073
19302,8.00711,46.36294
19303,8.00712,46.34515
19304,8.0072,46.38083
19305,8.00721,46.36304
19306,8.00729,46.39872
19307,8.0073,46.38093
19308,8.00731,46.36314
19309,8.00739,46.39882
19310,8.0074,46.38103
19311,8.00749,46.39892
19312,8.0075,46.38113
19313,8.00759,46.39902
19314,8.00899,46.56064
19315,8.00937,46.59662
19316,8.00947,46.59672
19317,8.00956,46.61461
19318,8.00957,46.59682
19319,8.00966,46.61471
19320,8.00967,46.59692
19321,8.00975,46.6326
19322,8.00976,46.61481
19323,8.00977,46.59702
19324,8.00985,46.6327
19325,8.00986,46.61491
19326,8.00994,46.65059
19327,8.00995,46.6328
19328,8.00996,46.61501
19329,8.01004,46.65069
19330,8.01005,46.6329
19331,8.01013,46.66858
19332,8.01014,46.65079
19333,8.01015,46.633
19334,8.01023,46.66868
19335,8.01024,46.65089
19336,8.01032,46.68658
19337,8.01034,46.65099
19338,8.01042,46.68668
19339,8.01051,46.70457
19340,8.01052,46.68678
19341,8.01061,46.70467
19342,8.01062,46.68688
19343,8.0107,46.72256
19344,8.01071,46.70477
19345,8.01072,46.68698
19346,8.0108,46.72266
19347,8.01081,46.70487
19348,8.01089,46.74055
19349,8.0109,46.72276
19350,8.01091,46.70497
19351,8.01099,46.74065
19352,8.011,46.72286
19353,8.01108,46.75854
19354,8.01109,46.74075
19355,8.0111,46.72296
19356,8.01118,46.75864
19357,8.01127,46.77653
19358,8.01128,46.75874
19359,8.01137,46.77663
19360,8.01138,46.75884
19361,8.01146,46.79452
19362,8.01147,46.77673
19363,8.01148,46.75894
19364,8.01156,46.79462
19365,8.01157,46.77683
19366,8.01165,46.81251
19367,8.01166,46.79472
19368,8.01167,46.77693
19369,8.01175,46.81261
19370,8.01176,46.79482
19371,8.01184,46.8305
19372,8.01185,46.81271
19373,8.01186,46.79492
19374,8.01194,46.8306
19375,8.01195,46.81281
19376,8.01203,46.84849
19377,8.01204,46.8307
19378,8.01205,46.81291
19379,8.01213,46.84859
19380,8.01214,46.8308
19381,8.01223,46.84869
19382,8.01223,46.86648
19383,8.01224,46.8309
19384,8.01233,46.84879
19385,8.01233,46.86658
19386,8.01242,46.88447
19387,8.01243,46.84889
19388,8.01243,46.86668
19389,8.01252,46.88457
19390,8.01253,46.86678
19391,8.01261,46.90246
19392,8.01262,46.88467
19393,8.01263,46.86688
19394,8.01271,46.90256
19395,8.01272,46.88477
19396,8.0128,46.92045
19397,8.01281,46.90266
19398,8.01282,46.88487
19399,8.0129,46.92055
19400,8.01291,46.90276
19401,8.01299,46.93844
19402,8.013,46.92065
19403,8.01301,46.90286
19404,8.01309,46.93854
19405,8.0131,46.92075
19406,8.01319,46.93864
19407,8.01319,46.95643
19408,8.0132,46.92085
19409,8.01329,46.93874
19410,8.01329,46.95653
19411,8.01338,46.97442
19412,8.01339,46.93884
19413,8.01339,46.95663
19414,8.01348,46.97452
19415,8.01349,46.95673
19416,8.01357,46.99241
19417,8.01358,46.97462
19418,8.01359,46.95683
19419,8.01367,46.99251
19420,8.01368,46.97472
19421,8.01376,47.0104
19422,8.01377,46.99261
19423,8.01378,46.97482
19424,8.01386,47.0105
19425,8.01387,46.99271
19426,8.01396,47.0106
19427,8.01396,47.02839
19428,8.01397,46.99281
19429,8.01406,47.0107
19430,8.01406,47.02849
19431,8.01415,47.04638
19432,8.01416,47.0108
19433,8.01416,47.02859
19434,8.01425,47.04648
19435,8.01426,47.02869
19436,8.01434,47.06437
19437,8.01435,47.04658
19438,8.01436,47.02879
19439,8.01444,47.06447
19440,8.01445,47.04668
19441,8.01454,47.06457
19442,8.01454,47.08236
19443,8.01455,47.04678
19444,8.01464,47.06467
19445,8.01464,47.08246
19446,8.01473,47.10035
19447,8.01474,47.06477
19448,8.01474,47.08256
19449,8.01483,47.10045
19450,8.01484,47.08266
19451,8.01492,47.11833
19452,8.01493,47.10055
19453,8.01494,47.08276
19454,8.01502,47.11843
19455,8.01503,47.10065
19456,8.01512,47.11853
19457,8.01512,47.13632
19458,8.01513,47.10075
19459,8.01522,47.11863
19460,8.01522,47.13642
19461,8.01531,47.15431
19462,8.01532,47.11873
19463,8.01532,47.13652
19464,8.01541,47.15441
19465,8.01542,47.13662
19466,8.0155,47.1723
19467,8.01551,47.15451
19468,8.01552,47.13672
19469,8.0156,47.1724
19470,8.01561,47.15461
19471,8.0157,47.1725
19472,8.0157,47.19029
19473,8.01571,47.15471
19474,8.0158,47.1726
19475,8.0158,47.19039
19476,8.01589,47.20828
19477,8.0159,47.1727
19478,8.0159,47.19049
19479,8.01599,47.20838
19480,8.016,47.19059
19481,8.01609,47.20848
19482,8.01609,47.22627
19483,8.0161,47.19069
19484,8.01619,47.20858
19485,8.01619,47.22637
19486,8.01628,47.24426
19487,8.01629,47.20868
19488,8.01629,47.22647
19489,8.01638,47.24436
19490,8.01639,47.22657
19491,8.01647,47.26225
19492,8.01648,47.24446
19493,8.01649,47.22667
19494,8.01657,47.26235
19495,8.01658,47.24456
19496,8.01667,47.26245
19497,8.01667,47.28023
19498,8.01668,47.24466
19499,8.01677,47.26255
19500,8.01677,47.28033
19501,8.01686,47.29822
19502,8.01687,47.26265
19503,8.01687,47.28043
19504,8.01696,47.29832
19505,8.01697,47.28053
19506,8.01706,47.29842
19507,8.01706,47.31621
19508,8.01707,47.28063
19509,8.01716,47.29852
19510,8.01716,47.31631
19511,8.01725,47.3342
19512,8.01726,47.29862
19513,8.01726,47.31641
19514,8.01735,47.3343
19515,8.01736,47.31651
19516,8.01745,47.3344
19517,8.01745,47.35219
19518,8.01746,47.31661
19519,8.01755,47.3345
19520,8.01755,47.35229
19521,8.01764,47.37018
19522,8.01765,47.3346
19523,8.01765,47.35239
19524,8.01774,47.37028
19525,8.01775,47.35249
19526,8.01784,47.37038
19527,8.01784,47.38816
19528,8.01785,47.35259
19529,8.01794,47.37048
19530,8.01794,47.38826
19531,8.01803,47.40615
19532,8.01804,47.37058
19533,8.01804,47.38836
19534,8.01813,47.40625
19535,8.01814,47.38846
19536,8.01823,47.40635
19537,8.01823,47.42414
19538,8.01824,47.38856
19539,8.01833,47.40645
19540,8.01833,47.42424
19541,8.01843,47.40655
19542,8.01843,47.42434
19543,8.01843,47.44213
19544,8.01853,47.42444
19545,8.01853,47.44223
19546,8.01862,47.46011
19547,8.01863,47.42454
19548,8.01863,47.44233
19549,8.01872,47.46021
19550,8.01873,47.44243
19551,8.01882,47.46031
19552,8.01882,47.4781
19553,8.01883,47.44253
19554,8.01892,47.46041
19555,8.01892,47.4782
19556,8.01901,47.49609
19557,8.01902,47.46051
19558,8.01902,47.4783
19559,8.01911,47.49619
19560,8.01912,47.4784
19561,8.01921,47.49629
19562,8.01921,47.51408
19563,8.01922,47.4785
19564,8.01931,47.49639
19565,8.01931,47.51418
19566,8.01941,47.49649
19567,8.01941,47.51428
19568,8.01941,47.53206
19569,8.01951,47.51438
19570,8.01951,47.53216
19571,8.0196,47.55005
19572,8.01961,47.51448
19573,8.01961,47.53226
19574,8.0197,47.55015
19575,8.01971,47.53236
19576,8.0198,47.55025
19577,8.01981,47.53246
19578,8.0199,47.55035
19579,8.02,47.55045
19580,8.03113,46.20069
19581,8.03123,46.20079
19582,8.03133,46.20089
19583,8.03133,46.21868
19584,8.03143,46.20099
19585,8.03143,46.21878
19586,8.03152,46.23667
19587,8.03153,46.20109
19588,8.03153,46.21888
19589,8.03162,46.23677
19590,8.03163,46.21898
19591,8.03172,46.23687
19592,8.03172,46.25467
19593,8.03173,46.21908
19594,8.03182,46.25477
19595,8.03191,46.27266
19596,8.03192,46.25487
19597,8.03201,46.27276
19598,8.03202,46.25497
19599,8.03211,46.27286
19600,8.03211,46.29065
19601,8.03212,46.25507
19602,8.03221,46.27296
19603,8.03221,46.29075
19604,8.03231,46.27306
19605,8.03231,46.29085
19606,8.03231,46.30864
19607,8.03241,46.29095
19608,8.03241,46.30874
19609,8.0325,46.32663
19610,8.03251,46.29105
19611,8.03251,46.30884
19612,8.0326,46.32673
19613,8.03261,46.30894
19614,8.0327,46.32683
19615,8.0327,46.34462
19616,8.03271,46.30904
19617,8.0328,46.32693
19618,8.0328,46.34472
19619,8.0329,46.32703
19620,8.0329,46.34482
19621,8.0329,46.36261
19622,8.033,46.34492
19623,8.033,46.36271
19624,8.03309,46.3806
19625,8.0331,46.34502
19626,8.0331,46.36281
19627,8.03319,46.3807
19628,8.0332,46.36291
19629,8.03329,46.3808
19630,8.0333,46.36301
19631,8.03339,46.3809
19632,8.03349,46.381
19633,8.03527,46.5785
19634,8.03566,46.61448
19635,8.03576,46.61458
19636,8.03586,46.61468
19637,8.03586,46.63247
19638,8.03596,46.61478
19639,8.03596,46.63257
19640,8.03606,46.61488
19641,8.03606,46.63267
19642,8.03606,46.65046
19643,8.03616,46.63277
19644,8.03616,46.65056
19645,8.03626,46.63287
19646,8.03626,46.65066
19647,8.03636,46.65076
19648,8.03646,46.65086
19649,8.03646,46.68644
19650,8.03656,46.68654
19651,8.03666,46.68664
19652,8.03666,46.70443
19653,8.03676,46.68674
19654,8.03676,46.70453
19655,8.03686,46.68684
19656,8.03686,46.70463
19657,8.03686,46.72242
19658,8.03696,46.70473
19659,8.03696,46.72252
19660,8.03706,46.70483
19661,8.03706,46.72262
19662,8.03706,46.74041
19663,8.03716,46.72272
19664,8.03716,46.74051
19665,8.03726,46.72282
19666,8.03726,46.74061
19667,8.03726,46.7584
19668,8.03736,46.74071
19669,8.03736,46.7585
19670,8.03746,46.74081
19671,8.03746,46.7586
19672,8.03746,46.77639
19673,8.03756,46.7587
19674,8.03756,46.77649
19675,8.03766,46.7588
19676,8.03766,46.77659
19677,8.03766,46.79438
19678,8.03776,46.77669
19679,8.03776,46.79448
19680,8.03786,46.77679
19681,8.03786,46.79458
19682,8.03786,46.81237
19683,8.03796,46.79468
19684,8.03796,46.81247
19685,8.03806,46.79478
19686,8.03806,46.81257
19687,8.03806,46.83036
19688,8.03816,46.81267
19689,8.03816,46.83046
19690,8.03826,46.81277
19691,8.03826,46.83056
19692,8.03826,46.84835
19693,8.03836,46.83066
19694,8.03836,46.84845
19695,8.03846,46.83076
19696,8.03846,46.84855
19697,8.03846,46.86634
19698,8.03856,46.84865
19699,8.03856,46.86644
19700,8.03866,46.84875
19701,8.03866,46.86654
19702,8.03866,46.88433
19703,8.03876,46.86664
19704,8.03876,46.88443
19705,8.03886,46.86674
19706,8.03886,46.88453
19707,8.03886,46.90232
19708,8.03896,46.88463
19709,8.03896,46.90242
19710,8.03906,46.88473
19711,8.03906,46.90252
19712,8.03906,46.92031
19713,8.03916,46.90262
19714,8.03916,46.92041
19715,8.03926,46.90272
19716,8.03926,46.92051
19717,8.03926,46.9383
19718,8.03936,46.92061
19719,8.03936,46.9384
19720,8.03946,46.92071
19721,8.03946,46.9385
19722,8.03946,46.95629
19723,8.03956,46.9386
19724,8.03956,46.95639
19725,8.03966,46.9387
19726,8.03966,46.95649
19727,8.03966,46.97428
19728,8.03976,46.95659
19729,8.03976,46.97438
19730,8.03986,46.95669
19731,8.03986,46.97448
19732,8.03986,46.99227
19733,8.03996,46.97458
19734,8.03996,46.99237
19735,8.04006,46.97468
19736,8.04006,46.99247
19737,8.04006,47.01026
19738,8.04016,46.99257
19739,8.04016,47.01036
19740,8.04026,46.99267
19741,8.04026,47.01046
19742,8.04027,47.02825
19743,8.04036,47.01056
19744,8.04037,47.02835
19745,8.04046,47.01066
19746,8.04047,47.02845
19747,8.04047,47.04624
19748,8.04057,47.02855
19749,8.04057,47.04634
19750,8.04067,47.02865
19751,8.04067,47.04644
19752,8.04067,47.06423
19753,8.04077,47.04654
19754,8.04077,47.06433
19755,8.04087,47.04664
19756,8.04087,47.06443
19757,8.04087,47.08222
19758,8.04097,47.06453
19759,8.04097,47.08232
19760,8.04107,47.06463
19761,8.04107,47.08242
19762,8.04107,47.10021
19763,8.04117,47.08252
19764,8.04117,47.10031
19765,8.04127,47.08262
19766,8.04127,47.10041
19767,8.04128,47.1182
19768,8.04137,47.10051
19769,8.04138,47.1183
19770,8.04147,47.10061
19771,8.04148,47.1184
19772,8.04148,47.13619
19773,8.04158,47.1185
19774,8.04158,47.13629
19775,8.04168,47.1186
19776,8.04168,47.13639
19777,8.04168,47.15418
19778,8.04178,47.13649
19779,8.04178,47.15428
19780,8.04188,47.13659
19781,8.04188,47.15438
19782,8.04188,47.17217
19783,8.04198,47.15448
19784,8.04198,47.17227
19785,8.04208,47.15458
19786,8.04208,47.17237
19787,8.04209,47.19016
19788,8.04218,47.17247
19789,8.04219,47.19026
19790,8.04228,47.17257
19791,8.04229,47.19036
19792,8.04229,47.20814
19793,8.04239,47.19046
19794,8.04239,47.20824
19795,8.04249,47.19056
19796,8.04249,47.20834
19797,8.04249,47.22613
19798,8.04259,47.20844
19799,8.04259,47.22623
19800,8.04269,47.20854
19801,8.04269,47.22633
19802,8.0427,47.24412
19803,8.04279,47.22643
19804,8.0428,47.24422
19805,8.04289,47.22653
19806,8.0429,47.24432
19807,8.0429,47.26211
19808,8.043,47.24442
19809,8.043,47.26221
19810,8.0431,47.24452
19811,8.0431,47.26231
19812,8.0431,47.2801
19813,8.0432,47.26241
19814,8.0432,47.2802
19815,8.0433,47.26251
19816,8.0433,47.2803
19817,8.04331,47.29809
19818,8.0434,47.2804
19819,8.04341,47.29819
19820,8.0435,47.2805
19821,8.04351,47.29829
19822,8.04351,47.31608
19823,8.04361,47.29839
19824,8.04361,47.31618
19825,8.04371,47.29849
19826,8.04371,47.31628
19827,8.04371,47.33406
19828,8.04381,47.31638
19829,8.04381,47.33416
19830,8.04391,47.31648
19831,8.04391,47.33426
19832,8.04392,47.35205
19833,8.04401,47.33436
19834,8.04402,47.35215
19835,8.04411,47.33446
19836,8.04412,47.35225
19837,8.04412,47.37004
19838,8.04422,47.35235
19839,8.04422,47.37014
19840,8.04432,47.35245
19841,8.04432,47.37024
19842,8.04433,47.38803
19843,8.04442,47.37034
19844,8.04443,47.38813
19845,8.04452,47.37044
19846,8.04453,47.38823
19847,8.04453,47.40602
19848,8.04463,47.38833
19849,8.04463,47.40612
19850,8.04473,47.38843
19851,8.04473,47.40622
19852,8.04474,47.424
19853,8.04483,47.40632
19854,8.04484,47.4241
19855,8.04493,47.40642
19856,8.04494,47.4242
19857,8.04494,47.44199
19858,8.04504,47.4243
19859,8.04504,47.44209
19860,8.04514,47.4244
19861,8.04514,47.44219
19862,8.04514,47.45998
19863,8.04524,47.44229
19864,8.04524,47.46008
19865,8.04534,47.44239
19866,8.04534,47.46018
19867,8.04535,47.47797
19868,8.04544,47.46028
19869,8.04545,47.47807
19870,8.04554,47.46038
19871,8.04555,47.47817
19872,8.04555,47.49595
19873,8.04565,47.47827
19874,8.04565,47.49605
19875,8.04575,47.47837
19876,8.04575,47.49615
19877,8.04576,47.51394
19878,8.04585,47.49625
19879,8.04586,47.51404
19880,8.04595,47.49635
19881,8.04596,47.51414
19882,8.04597,47.53193
19883,8.04606,47.51424
19884,8.04607,47.53203
19885,8.04616,47.51434
19886,8.04617,47.53213
19887,8.04617,47.54992
19888,8.04627,47.53223
19889,8.04627,47.55002
19890,8.04637,47.53233
19891,8.04637,47.55012
19892,8.04638,47.5679
19893,8.04647,47.55022
19894,8.04648,47.568
19895,8.04657,47.55032
19896,8.04658,47.5681
19897,8.04668,47.5682
19898,8.04678,47.5683
19899,8.05663,46.16457
19900,8.05673,46.16467
19901,8.05683,46.16477
19902,8.05684,46.18256
19903,8.05693,46.16487
19904,8.05694,46.18266
19905,8.05703,46.16497
19906,8.05704,46.18276
19907,8.05704,46.20055
19908,8.05714,46.18286
19909,8.05714,46.20065
19910,8.05724,46.18296
19911,8.05724,46.20075
19912,8.05724,46.21854
19913,8.05734,46.20085
19914,8.05734,46.21864
19915,8.05744,46.20095
19916,8.05744,46.21874
19917,8.05754,46.21884
19918,8.05764,46.21894
19919,8.05765,46.25453
19920,8.05775,46.25463
19921,8.05785,46.25473
19922,8.05786,46.27252
19923,8.05796,46.27262
19924,8.05806,46.27272
19925,8.05806,46.29051
19926,8.05816,46.27282
19927,8.05816,46.29061
19928,8.05826,46.27292
19929,8.05826,46.29071
19930,8.05827,46.3085
19931,8.05836,46.29081
19932,8.05837,46.3086
19933,8.05846,46.29091
19934,8.05847,46.3087
19935,8.05857,46.3088
19936,8.05867,46.3089
19937,8.05868,46.34448
19938,8.05878,46.34458
19939,8.05888,46.34468
19940,8.05888,46.36247
19941,8.05898,46.34478
19942,8.05898,46.36257
19943,8.05908,46.34488
19944,8.05908,46.36267
19945,8.05909,46.38046
19946,8.05918,46.36277
19947,8.05919,46.38056
19948,8.05928,46.36287
19949,8.05929,46.38066
19950,8.05929,46.39845
19951,8.05939,46.38076
19952,8.05939,46.39855
19953,8.05949,46.38086
19954,8.05949,46.39865
19955,8.05959,46.39875
19956,8.05969,46.39885
19957,8.06053,46.5064
19958,8.06156,46.59635
19959,8.06177,46.61434
19960,8.06187,46.61444
19961,8.06197,46.61454
19962,8.06198,46.63233
19963,8.06207,46.61464
19964,8.06208,46.63243
19965,8.06217,46.61474
19966,8.06218,46.63253
19967,8.06219,46.65032
19968,8.06228,46.63263
19969,8.06229,46.65042
19970,8.06238,46.63273
19971,8.06239,46.65052
19972,8.06239,46.66831
19973,8.06249,46.65062
19974,8.06249,46.66841
19975,8.06259,46.65072
19976,8.06259,46.66851
19977,8.06269,46.66861
19978,8.06279,46.66871
19979,8.06281,46.70429
19980,8.06291,46.70439
19981,8.06301,46.70449
19982,8.06302,46.72228
19983,8.06311,46.70459
19984,8.06312,46.72238
19985,8.06321,46.70469
19986,8.06322,46.72248
19987,8.06323,46.74027
19988,8.06332,46.72258
19989,8.06333,46.74037
19990,8.06342,46.72268
19991,8.06343,46.74047
19992,8.06343,46.75826
19993,8.06353,46.74057
19994,8.06353,46.75836
19995,8.06363,46.74067
19996,8.06363,46.75846
19997,8.06364,46.77625
19998,8.06373,46.75856
19999,8.06374,46.77635
20000,8.06383,46.75866
20001,8.06384,46.77645
20002,8.06385,46.79424
20003,8.06394,46.77655
20004,8.06395,46.79434
20005,8.06404,46.77665
20006,8.06405,46.79444
20007,8.06406,46.81223
20008,8.06415,46.79454
20009,8.06416,46.81233
20010,8.06425,46.79464
20011,8.06426,46.81243
20012,8.06427,46.83022
20013,8.06436,46.81253
20014,8.06437,46.83032
20015,8.06446,46.81263
20016,8.06447,46.83042
20017,8.06448,46.84821
20018,8.06457,46.83052
20019,8.06458,46.84831
20020,8.06467,46.83062
20021,8.06468,46.84841
20022,8.06469,46.8662
20023,8.06478,46.84851
20024,8.06479,46.8663
20025,8.06489,46.8664
20026,8.0649,46.88419
20027,8.06499,46.8665
20028,8.065,46.88429
20029,8.06509,46.8666
20030,8.0651,46.88439
20031,8.06511,46.90218
20032,8.0652,46.88449
20033,8.06521,46.90228
20034,8.0653,46.88459
20035,8.06531,46.90238
20036,8.06532,46.92017
20037,8.06542,46.92027
20038,8.06552,46.92037
20039,8.06552,46.93816
20040,8.06562,46.92047
20041,8.06562,46.93826
20042,8.06572,46.92057
20043,8.06572,46.93836
20044,8.06573,46.95615
20045,8.06582,46.93846
20046,8.06583,46.95625
20047,8.06592,46.93856
20048,8.06593,46.95635
20049,8.06594,46.97414
20050,8.06603,46.95645
20051,8.06604,46.97424
20052,8.06613,46.95655
20053,8.06614,46.97434
20054,8.06615,46.99213
20055,8.06624,46.97444
20056,8.06625,46.99223
20057,8.06634,46.97454
20058,8.06635,46.99233
20059,8.06636,47.01012
20060,8.06645,46.99243
20061,8.06646,47.01022
20062,8.06655,46.99253
20063,8.06656,47.01032
20064,8.06658,47.02811
20065,8.06666,47.01042
20066,8.06668,47.02821
20067,8.06676,47.01052
20068,8.06678,47.02831
20069,8.06679,47.0461
20070,8.06688,47.02841
20071,8.06689,47.0462
20072,8.06698,47.02851
20073,8.06699,47.0463
20074,8.067,47.06409
20075,8.06709,47.0464
20076,8.0671,47.06419
20077,8.06719,47.0465
20078,8.0672,47.06429
20079,8.06721,47.08208
20080,8.0673,47.06439
20081,8.06731,47.08218
20082,8.0674,47.06449
20083,8.06741,47.08228
20084,8.06742,47.10007
20085,8.06751,47.08238
20086,8.06752,47.10017
20087,8.06761,47.08248
20088,8.06762,47.10027
20089,8.06763,47.11806
20090,8.06772,47.10037
20091,8.06773,47.11816
20092,8.06782,47.10047
20093,8.06783,47.11826
20094,8.06784,47.13605
20095,8.06793,47.11836
20096,8.06794,47.13615
20097,8.06803,47.11846
20098,8.06804,47.13625
20099,8.06805,47.15404
20100,8.06814,47.13635
20101,8.06815,47.15414
20102,8.06824,47.13645
20103,8.06825,47.15424
20104,8.06826,47.17203
20105,8.06835,47.15434
20106,8.06836,47.17213
20107,8.06845,47.15444
20108,8.06846,47.17223
20109,8.06848,47.19001
20110,8.06856,47.17233
20111,8.06858,47.19011
20112,8.06866,47.17243
20113,8.06868,47.19021
20114,8.06869,47.208
20115,8.06878,47.19031
20116,8.06879,47.2081
20117,8.06888,47.19041
20118,8.06889,47.2082
20119,8.0689,47.22599
20120,8.06899,47.2083
20121,8.069,47.22609
20122,8.06909,47.2084
20123,8.0691,47.22619
20124,8.06911,47.24398
20125,8.0692,47.22629
20126,8.06921,47.24408
20127,8.0693,47.22639
20128,8.06931,47.24418
20129,8.06932,47.26197
20130,8.06941,47.24428
20131,8.06942,47.26207
20132,8.06951,47.24438
20133,8.06952,47.26217
20134,8.06954,47.27996
20135,8.06962,47.26227
20136,8.06964,47.28006
20137,8.06972,47.26237
20138,8.06974,47.28016
20139,8.06975,47.29795
20140,8.06984,47.28026
20141,8.06985,47.29805
20142,8.06994,47.28036
20143,8.06995,47.29815
20144,8.06996,47.31593
20145,8.07005,47.29825
20146,8.07006,47.31603
20147,8.07015,47.29835
20148,8.07016,47.31613
20149,8.07017,47.33392
20150,8.07026,47.31623
20151,8.07027,47.33402
20152,8.07036,47.31633
20153,8.07037,47.33412
20154,8.07039,47.35191
20155,8.07047,47.33422
20156,8.07049,47.35201
20157,8.07057,47.33432
20158,8.07059,47.35211
20159,8.0706,47.3699
20160,8.07069,47.35221
20161,8.0707,47.37
20162,8.07079,47.35231
20163,8.0708,47.3701
20164,8.07081,47.38789
20165,8.0709,47.3702
20166,8.07091,47.38799
20167,8.071,47.3703
20168,8.07101,47.38809
20169,8.07103,47.40587
20170,8.07111,47.38819
20171,8.07113,47.40597
20172,8.07121,47.38829
20173,8.07123,47.40607
20174,8.07124,47.42386
20175,8.07133,47.40617
20176,8.07134,47.42396
20177,8.07143,47.40627
20178,8.07144,47.42406
20179,8.07145,47.44185
20180,8.07154,47.42416
20181,8.07155,47.44195
20182,8.07164,47.42426
20183,8.07165,47.44205
20184,8.07167,47.45984
20185,8.07175,47.44215
20186,8.07177,47.45994
20187,8.07185,47.44225
20188,8.07187,47.46004
20189,8.07188,47.47782
20190,8.07197,47.46014
20191,8.07198,47.47792
20192,8.07207,47.46024
20193,8.07208,47.47802
20194,8.0721,47.49581
20195,8.07218,47.47812
20196,8.0722,47.49591
20197,8.07228,47.47822
20198,8.0723,47.49601
20199,8.07231,47.5138
20200,8.0724,47.49611
20201,8.07241,47.5139
20202,8.0725,47.49621
20203,8.07251,47.514
20204,8.07252,47.53179
20205,8.07261,47.5141
20206,8.07262,47.53189
20207,8.07271,47.5142
20208,8.07272,47.53199
20209,8.07274,47.54977
20210,8.07282,47.53209
20211,8.07284,47.54987
20212,8.07292,47.53219
20213,8.07294,47.54997
20214,8.07295,47.56776
20215,8.07304,47.55007
20216,8.07305,47.56786
20217,8.07314,47.55017
20218,8.07315,47.56796
20219,8.07325,47.56806
20220,8.07335,47.56816
20221,8.0821,46.12845
20222,8.08252,46.16443
20223,8.08262,46.16453
20224,8.08274,46.18242
20225,8.08284,46.18252
20226,8.08294,46.18262
20227,8.08295,46.20041
20228,8.08304,46.18272
20229,8.08314,46.18282
20230,8.08359,46.25438
20231,8.08402,46.29036
20232,8.08412,46.29046
20233,8.08487,46.36233
20234,8.08497,46.36243
20235,8.08507,46.36253
20236,8.08508,46.38032
20237,8.08517,46.36263
20238,8.08518,46.38042
20239,8.08527,46.36273
20240,8.08528,46.38052
20241,8.0853,46.39831
20242,8.08538,46.38062
20243,8.0854,46.39841
20244,8.08548,46.38072
20245,8.0855,46.39851
20246,8.08551,46.4163
20247,8.0856,46.39861
20248,8.08561,46.4164
20249,8.0857,46.39871
20250,8.08571,46.4165
20251,8.08745,46.57821
20252,8.0881,46.63218
20253,8.0882,46.63228
20254,8.0883,46.63238
20255,8.08831,46.65017
20256,8.0884,46.63248
20257,8.08841,46.65027
20258,8.0885,46.63258
20259,8.08851,46.65037
20260,8.08853,46.66816
20261,8.08861,46.65047
20262,8.08863,46.66826
20263,8.08871,46.65057
20264,8.08873,46.66836
20265,8.08883,46.66846
20266,8.08893,46.66856
20267,8.08896,46.70415
20268,8.08918,46.72214
20269,8.08928,46.72224
20270,8.08938,46.72234
20271,8.08939,46.74013
20272,8.08948,46.72244
20273,8.08949,46.74023
20274,8.08958,46.72254
20275,8.08959,46.74033
20276,8.08961,46.75812
20277,8.08969,46.74043
20278,8.08971,46.75822
20279,8.08979,46.74053
20280,8.08981,46.75832
20281,8.08983,46.77611
20282,8.08991,46.75842
20283,8.08993,46.77621
20284,8.09001,46.75852
20285,8.09003,46.77631
20286,8.09005,46.7941
20287,8.09013,46.77641
20288,8.09015,46.7942
20289,8.09023,46.77651
20290,8.09025,46.7943
20291,8.09026,46.81209
20292,8.09035,46.7944
20293,8.09036,46.81219
20294,8.09045,46.7945
20295,8.09046,46.81229
20296,8.09048,46.83008
20297,8.09056,46.81239
20298,8.09058,46.83018
20299,8.09066,46.81249
20300,8.09068,46.83028
20301,8.0907,46.84807
20302,8.09078,46.83038
20303,8.0908,46.84817
20304,8.09088,46.83048
20305,8.0909,46.84827
20306,8.09092,46.86606
20307,8.091,46.84837
20308,8.09102,46.86616
20309,8.0911,46.84847
20310,8.09112,46.86626
20311,8.09113,46.88405
20312,8.09122,46.86636
20313,8.09123,46.88415
20314,8.09133,46.88425
20315,8.09135,46.90204
20316,8.09143,46.88435
20317,8.09145,46.90214
20318,8.09153,46.88445
20319,8.09155,46.90224
20320,8.09157,46.92003
20321,8.09165,46.90234
20322,8.09167,46.92013
20323,8.09175,46.90244
20324,8.09177,46.92023
20325,8.09179,46.93802
20326,8.09187,46.92033
20327,8.09189,46.93812
20328,8.09197,46.92043
20329,8.09199,46.93822
20330,8.09201,46.95601
20331,8.09209,46.93832
20332,8.09211,46.95611
20333,8.09219,46.93842
20334,8.09221,46.95621
20335,8.09223,46.974
20336,8.09231,46.95631
20337,8.09233,46.9741
20338,8.09241,46.95641
20339,8.09243,46.9742
20340,8.09245,46.99199
20341,8.09253,46.9743
20342,8.09255,46.99209
20343,8.09263,46.9744
20344,8.09265,46.99219
20345,8.09267,47.00998
20346,8.09275,46.99229
20347,8.09277,47.01008
20348,8.09285,46.99239
20349,8.09287,47.01018
20350,8.09288,47.02796
20351,8.09297,47.01028
20352,8.09298,47.02806
20353,8.09307,47.01038
20354,8.09308,47.02816
20355,8.0931,47.04595
20356,8.09318,47.02826
20357,8.0932,47.04605
20358,8.09328,47.02836
20359,8.0933,47.04615
20360,8.09332,47.06394
20361,8.0934,47.04625
20362,8.09342,47.06404
20363,8.0935,47.04635
20364,8.09352,47.06414
20365,8.09354,47.08193
20366,8.09362,47.06424
20367,8.09364,47.08203
20368,8.09372,47.06434
20369,8.09374,47.08213
20370,8.09376,47.09992
20371,8.09384,47.08223
20372,8.09386,47.10002
20373,8.09394,47.08233
20374,8.09396,47.10012
20375,8.09398,47.11791
20376,8.09406,47.10022
20377,8.09408,47.11801
20378,8.09416,47.10032
20379,8.09418,47.11811
20380,8.0942,47.1359
20381,8.09428,47.11821
20382,8.0943,47.136
20383,8.09438,47.11831
20384,8.0944,47.1361
20385,8.09442,47.15389
20386,8.0945,47.1362
20387,8.09452,47.15399
20388,8.0946,47.1363
20389,8.09462,47.15409
20390,8.09464,47.17188
20391,8.09472,47.15419
20392,8.09474,47.17198
20393,8.09482,47.15429
20394,8.09484,47.17208
20395,8.09486,47.18987
20396,8.09494,47.17218
20397,8.09496,47.18997
20398,8.09504,47.17228
20399,8.09506,47.19007
20400,8.09508,47.20786
20401,8.09516,47.19017
20402,8.09518,47.20796
20403,8.09526,47.19027
20404,8.09528,47.20806
20405,8.09531,47.22584
20406,8.09538,47.20816
20407,8.09541,47.22594
20408,8.09548,47.20826
20409,8.09551,47.22604
20410,8.09553,47.24383
20411,8.09561,47.22614
20412,8.09563,47.24393
20413,8.09571,47.22624
20414,8.09573,47.24403
20415,8.09575,47.26182
20416,8.09583,47.24413
20417,8.09585,47.26192
20418,8.09593,47.24423
20419,8.09595,47.26202
20420,8.09597,47.27981
20421,8.09605,47.26212
20422,8.09607,47.27991
20423,8.09615,47.26222
20424,8.09617,47.28001
20425,8.09619,47.2978
20426,8.09627,47.28011
20427,8.09629,47.2979
20428,8.09637,47.28021
20429,8.09639,47.298
20430,8.09641,47.31579
20431,8.09649,47.2981
20432,8.09651,47.31589
20433,8.09659,47.2982
20434,8.09661,47.31599
20435,8.09663,47.33377
20436,8.09671,47.31609
20437,8.09673,47.33387
20438,8.09681,47.31619
20439,8.09683,47.33397
20440,8.09686,47.35176
20441,8.09693,47.33407
20442,8.09696,47.35186
20443,8.09703,47.33417
20444,8.09706,47.35196
20445,8.09708,47.36975
20446,8.09716,47.35206
20447,8.09718,47.36985
20448,8.09726,47.35216
20449,8.09728,47.36995
20450,8.0973,47.38774
20451,8.09738,47.37005
20452,8.0974,47.38784
20453,8.09748,47.37015
20454,8.0975,47.38794
20455,8.09752,47.40573
20456,8.0976,47.38804
20457,8.09762,47.40583
20458,8.0977,47.38814
20459,8.09772,47.40593
20460,8.09774,47.42371
20461,8.09782,47.40603
20462,8.09784,47.42381
20463,8.09792,47.40613
20464,8.09794,47.42391
20465,8.09797,47.4417
20466,8.09804,47.42401
20467,8.09807,47.4418
20468,8.09814,47.42411
20469,8.09817,47.4419
20470,8.09819,47.45969
20471,8.09827,47.442
20472,8.09829,47.45979
20473,8.09837,47.4421
20474,8.09839,47.45989
20475,8.09841,47.47768
20476,8.09849,47.45999
20477,8.09851,47.47778
20478,8.09859,47.46009
20479,8.09861,47.47788
20480,8.09864,47.49566
20481,8.09871,47.47798
20482,8.09874,47.49576
20483,8.09881,47.47808
20484,8.09884,47.49586
20485,8.09886,47.51365
20486,8.09894,47.49596
20487,8.09896,47.51375
20488,8.09904,47.49606
20489,8.09906,47.51385
20490,8.09908,47.53164
20491,8.09916,47.51395
20492,8.09918,47.53174
20493,8.09926,47.51405
20494,8.09928,47.53184
20495,8.09931,47.54962
20496,8.09938,47.53194
20497,8.09941,47.54972
20498,8.09948,47.53204
20499,8.09951,47.54982
20500,8.09953,47.56761
20501,8.09961,47.54992
20502,8.09963,47.56771
20503,8.09971,47.55002
20504,8.09973,47.56781
20505,8.09975,47.5856
20506,8.09983,47.56791
20507,8.09985,47.5857
20508,8.09993,47.56801
20509,8.09995,47.5858
20510,8.1082,46.14629
20511,8.1083,46.14639
20512,8.10842,46.16428
20513,8.10852,46.16438
20514,8.10862,46.16448
20515,8.10864,46.18227
20516,8.10872,46.16458
20517,8.10874,46.18237
20518,8.10882,46.16468
20519,8.10884,46.18247
20520,8.10886,46.20026
20521,8.10894,46.18257
20522,8.10896,46.20036
20523,8.10904,46.18267
20524,8.10906,46.20046
20525,8.10908,46.21825
20526,8.10916,46.20056
20527,8.10918,46.21835
20528,8.10926,46.20066
20529,8.10928,46.21845
20530,8.10938,46.21855
20531,8.10948,46.21865
20532,8.11086,46.36217
20533,8.11096,46.36227
20534,8.11106,46.36237
20535,8.11108,46.38016
20536,8.11116,46.36247
20537,8.11118,46.38026
20538,8.11126,46.36257
20539,8.11128,46.38036
20540,8.1113,46.39816
20541,8.11138,46.38046
20542,8.1114,46.39826
20543,8.11148,46.38056
20544,8.1115,46.39836
20545,8.11152,46.41615
20546,8.1116,46.39846
20547,8.11162,46.41625
20548,8.1117,46.39856
20549,8.11172,46.41635
20550,8.11175,46.43414
20551,8.11182,46.41645
20552,8.11192,46.41655
20553,8.11287,46.52409
20554,8.11444,46.65002
20555,8.11454,46.65012
20556,8.11466,46.66801
20557,8.11476,46.66811
20558,8.11486,46.66821
20559,8.11489,46.686
20560,8.11496,46.66831
20561,8.11499,46.6861
20562,8.11506,46.66841
20563,8.11509,46.6862
20564,8.11519,46.6863
20565,8.11529,46.6864
20566,8.11534,46.72198
20567,8.11544,46.72208
20568,8.11554,46.72218
20569,8.11556,46.73997
20570,8.11564,46.72228
20571,8.11566,46.74007
20572,8.11574,46.72238
20573,8.11576,46.74017
20574,8.11579,46.75796
20575,8.11586,46.74027
20576,8.11589,46.75806
20577,8.11596,46.74037
20578,8.11599,46.75816
20579,8.11601,46.77595
20580,8.11609,46.75826
20581,8.11611,46.77605
20582,8.11619,46.75836
20583,8.11621,46.77615
20584,8.11624,46.79394
20585,8.11631,46.77625
20586,8.11634,46.79404
20587,8.11644,46.79414
20588,8.11647,46.81193
20589,8.11654,46.79424
20590,8.11657,46.81203
20591,8.11664,46.79434
20592,8.11667,46.81213
20593,8.11669,46.82992
20594,8.11677,46.81223
20595,8.11679,46.83002
20596,8.11687,46.81233
20597,8.11689,46.83012
20598,8.11692,46.84791
20599,8.11699,46.83022
20600,8.11702,46.84801
20601,8.11709,46.83032
20602,8.11712,46.84811
20603,8.11715,46.8659
20604,8.11722,46.84821
20605,8.11725,46.866
20606,8.11732,46.84831
20607,8.11735,46.8661
20608,8.11737,46.88389
20609,8.11745,46.8662
20610,8.11747,46.88399
20611,8.11757,46.88409
20612,8.1176,46.90188
20613,8.11767,46.88419
20614,8.1177,46.90198
20615,8.11777,46.88429
20616,8.1178,46.90208
20617,8.11783,46.91987
20618,8.1179,46.90218
20619,8.11793,46.91997
20620,8.118,46.90228
20621,8.11803,46.92007
20622,8.11805,46.93786
20623,8.11813,46.92017
20624,8.11815,46.93796
20625,8.11823,46.92027
20626,8.11825,46.93806
20627,8.11828,46.95585
20628,8.11835,46.93816
20629,8.11838,46.95595
20630,8.11845,46.93826
20631,8.11848,46.95605
20632,8.11851,46.97384
20633,8.11858,46.95615
20634,8.11861,46.97394
20635,8.11868,46.95625
20636,8.11871,46.97404
20637,8.11874,46.99183
20638,8.11881,46.97414
20639,8.11884,46.99193
20640,8.11891,46.97424
20641,8.11894,46.99203
20642,8.11897,47.00982
20643,8.11904,46.99213
20644,8.11907,47.00992
20645,8.11914,46.99223
20646,8.11917,47.01002
20647,8.11919,47.02781
20648,8.11927,47.01012
20649,8.11929,47.02791
20650,8.11937,47.01022
20651,8.11939,47.02801
20652,8.11942,47.0458
20653,8.11949,47.02811
20654,8.11952,47.0459
20655,8.11959,47.02821
20656,8.11962,47.046
20657,8.11965,47.06379
20658,8.11972,47.0461
20659,8.11975,47.06389
20660,8.11982,47.0462
20661,8.11985,47.06399
20662,8.11988,47.08178
20663,8.11995,47.06409
20664,8.11998,47.08188
20665,8.12005,47.06419
20666,8.12008,47.08198
20667,8.12011,47.09977
20668,8.12018,47.08208
20669,8.12021,47.09987
20670,8.12028,47.08218
20671,8.12031,47.09997
20672,8.12034,47.11776
20673,8.12041,47.10007
20674,8.12044,47.11786
20675,8.12051,47.10017
20676,8.12054,47.11796
20677,8.12056,47.13575
20678,8.12064,47.11806
20679,8.12066,47.13585
20680,8.12074,47.11816
20681,8.12076,47.13595
20682,8.12079,47.15374
20683,8.12086,47.13605
20684,8.12089,47.15384
20685,8.12096,47.13615
20686,8.12099,47.15394
20687,8.12102,47.17172
20688,8.12109,47.15404
20689,8.12112,47.17182
20690,8.12119,47.15414
20691,8.12122,47.17192
20692,8.12125,47.18971
20693,8.12132,47.17202
20694,8.12135,47.18981
20695,8.12142,47.17212
20696,8.12145,47.18991
20697,8.12148,47.2077
20698,8.12155,47.19001
20699,8.12158,47.2078
20700,8.12165,47.19011
20701,8.12168,47.2079
20702,8.12171,47.22569
20703,8.12178,47.208
20704,8.12181,47.22579
20705,8.12188,47.2081
20706,8.12191,47.22589
20707,8.12194,47.24368
20708,8.12201,47.22599
20709,8.12204,47.24378
20710,8.12211,47.22609
20711,8.12214,47.24388
20712,8.12217,47.26167
20713,8.12224,47.24398
20714,8.12227,47.26177
20715,8.12234,47.24408
20716,8.12237,47.26187
20717,8.1224,47.27966
20718,8.12247,47.26197
20719,8.1225,47.27976
20720,8.12257,47.26207
20721,8.1226,47.27986
20722,8.12263,47.29764
20723,8.1227,47.27996
20724,8.12273,47.29774
20725,8.1228,47.28006
20726,8.12283,47.29784
20727,8.12286,47.31563
20728,8.12293,47.29794
20729,8.12296,47.31573
20730,8.12303,47.29804
20731,8.12306,47.31583
20732,8.12309,47.33362
20733,8.12316,47.31593
20734,8.12319,47.33372
20735,8.12326,47.31603
20736,8.12329,47.33382
20737,8.12332,47.35161
20738,8.12339,47.33392
20739,8.12342,47.35171
20740,8.12349,47.33402
20741,8.12352,47.35181
20742,8.12356,47.3696
20743,8.12362,47.35191
20744,8.12366,47.3697
20745,8.12372,47.35201
20746,8.12376,47.3698
20747,8.12379,47.38758
20748,8.12386,47.3699
20749,8.12389,47.38768
20750,8.12396,47.37
20751,8.12399,47.38778
20752,8.12402,47.40557
20753,8.12409,47.38788
20754,8.12412,47.40567
20755,8.12419,47.38798
20756,8.12422,47.40577
20757,8.12425,47.42356
20758,8.12432,47.40587
20759,8.12435,47.42366
20760,8.12442,47.40597
20761,8.12445,47.42376
20762,8.12448,47.44155
20763,8.12455,47.42386
20764,8.12458,47.44165
20765,8.12465,47.42396
20766,8.12468,47.44175
20767,8.12471,47.45953
20768,8.12478,47.44185
20769,8.12481,47.45963
20770,8.12488,47.44195
20771,8.12491,47.45973
20772,8.12494,47.47752
20773,8.12501,47.45983
20774,8.12504,47.47762
20775,8.12511,47.45993
20776,8.12514,47.47772
20777,8.12518,47.49551
20778,8.12524,47.47782
20779,8.12528,47.49561
20780,8.12534,47.47792
20781,8.12538,47.49571
20782,8.12541,47.5135
20783,8.12548,47.49581
20784,8.12551,47.5136
20785,8.12558,47.49591
20786,8.12561,47.5137
20787,8.12564,47.53148
20788,8.12571,47.5138
20789,8.12574,47.53158
20790,8.12581,47.5139
20791,8.12584,47.53168
20792,8.12587,47.54947
20793,8.12594,47.53178
20794,8.12597,47.54957
20795,8.12604,47.53188
20796,8.12607,47.54967
20797,8.12611,47.56746
20798,8.12617,47.54977
20799,8.12621,47.56756
20800,8.12627,47.54987
20801,8.12631,47.56766
20802,8.12634,47.58544
20803,8.12641,47.56776
20804,8.12644,47.58554
20805,8.12651,47.56786
20806,8.12654,47.58564
20807,8.12664,47.58574
20808,8.12674,47.58584
20809,8.13408,46.14613
20810,8.13431,46.16412
20811,8.13441,46.16422
20812,8.13451,46.16432
20813,8.13454,46.18211
20814,8.13461,46.16442
20815,8.13464,46.18221
20816,8.13474,46.18231
20817,8.13477,46.2001
20818,8.13484,46.18241
20819,8.13487,46.2002
20820,8.13494,46.18251
20821,8.13497,46.2003
20822,8.135,46.21809
20823,8.13507,46.2004
20824,8.1351,46.21819
20825,8.13517,46.2005
20826,8.1352,46.21829
20827,8.13684,46.36202
20828,8.13694,46.36212
20829,8.13704,46.36222
20830,8.13707,46.38001
20831,8.13714,46.36232
20832,8.13717,46.38011
20833,8.13724,46.36242
20834,8.13727,46.38021
20835,8.13731,46.398
20836,8.13737,46.38031
20837,8.13741,46.3981
20838,8.13747,46.38041
20839,8.13751,46.3982
20840,8.13754,46.41599
20841,8.13761,46.3983
20842,8.13764,46.41609
20843,8.13771,46.3984
20844,8.13774,46.41619
20845,8.13777,46.43398
20846,8.13784,46.41629
20847,8.13787,46.43408
20848,8.13794,46.41639
20849,8.13797,46.43418
20850,8.138,46.45197
20851,8.13807,46.43428
20852,8.1381,46.45207
20853,8.13817,46.43438
20854,8.14079,46.66785
20855,8.14089,46.66795
20856,8.14099,46.66805
20857,8.14103,46.68585
20858,8.14109,46.66815
20859,8.14113,46.68595
20860,8.14119,46.66825
20861,8.14123,46.68605
20862,8.14126,46.70384
20863,8.14133,46.68615
20864,8.14136,46.70394
20865,8.14143,46.68625
20866,8.14146,46.70404
20867,8.1415,46.72183
20868,8.14156,46.70414
20869,8.1416,46.72193
20870,8.14166,46.70424
20871,8.1417,46.72203
20872,8.14173,46.73982
20873,8.1418,46.72213
20874,8.14183,46.73992
20875,8.1419,46.72223
20876,8.14193,46.74002
20877,8.14197,46.75781
20878,8.14203,46.74012
20879,8.14207,46.75791
20880,8.14213,46.74022
20881,8.14217,46.75801
20882,8.1422,46.7758
20883,8.14227,46.75811
20884,8.1423,46.7759
20885,8.14237,46.75821
20886,8.1424,46.776
20887,8.14244,46.79379
20888,8.1425,46.7761
20889,8.14254,46.79389
20890,8.1426,46.7762
20891,8.14264,46.79399
20892,8.14267,46.81178
20893,8.14274,46.79409
20894,8.14277,46.81188
20895,8.14284,46.79419
20896,8.14287,46.81198
20897,8.14291,46.82977
20898,8.14297,46.81208
20899,8.14301,46.82987
20900,8.14307,46.81218
20901,8.14311,46.82997
20902,8.14314,46.84776
20903,8.14321,46.83007
20904,8.14324,46.84786
20905,8.14331,46.83017
20906,8.14334,46.84796
20907,8.14338,46.86575
20908,8.14344,46.84806
20909,8.14348,46.86585
20910,8.14354,46.84816
20911,8.14358,46.86595
20912,8.14361,46.88374
20913,8.14368,46.86605
20914,8.14371,46.88384
20915,8.14378,46.86615
20916,8.14381,46.88394
20917,8.14385,46.90173
20918,8.14391,46.88404
20919,8.14401,46.88414
20920,8.14408,46.91972
20921,8.14418,46.91982
20922,8.14428,46.91992
20923,8.14432,46.93771
20924,8.14442,46.93781
20925,8.14452,46.93791
20926,8.14456,46.95569
20927,8.14462,46.93801
20928,8.14466,46.95579
20929,8.14472,46.93811
20930,8.14476,46.95589
20931,8.14479,46.97368
20932,8.14486,46.95599
20933,8.14489,46.97378
20934,8.14496,46.95609
20935,8.14499,46.97388
20936,8.14503,46.99167
20937,8.14509,46.97398
20938,8.14513,46.99177
20939,8.14519,46.97408
20940,8.14523,46.99187
20941,8.14527,47.00966
20942,8.14533,46.99197
20943,8.14537,47.00976
20944,8.14543,46.99207
20945,8.14547,47.00986
20946,8.1455,47.02765
20947,8.14557,47.00996
20948,8.1456,47.02775
20949,8.14567,47.01006
20950,8.1457,47.02785
20951,8.14574,47.04564
20952,8.1458,47.02795
20953,8.14584,47.04574
20954,8.1459,47.02805
20955,8.14594,47.04584
20956,8.14598,47.06363
20957,8.14604,47.04594
20958,8.14608,47.06373
20959,8.14614,47.04604
20960,8.14618,47.06383
20961,8.14621,47.08162
20962,8.14628,47.06393
20963,8.14631,47.08172
20964,8.14638,47.06403
20965,8.14641,47.08182
20966,8.14645,47.09961
20967,8.14651,47.08192
20968,8.14655,47.09971
20969,8.14661,47.08202
20970,8.14665,47.09981
20971,8.14669,47.1176
20972,8.14675,47.09991
20973,8.14679,47.1177
20974,8.14685,47.10001
20975,8.14689,47.1178
20976,8.14693,47.13559
20977,8.14699,47.1179
20978,8.14703,47.13569
20979,8.14709,47.118
20980,8.14713,47.13579
20981,8.14716,47.15358
20982,8.14723,47.13589
20983,8.14726,47.15368
20984,8.14733,47.13599
20985,8.14736,47.15378
20986,8.1474,47.17157
20987,8.14746,47.15388
20988,8.1475,47.17167
20989,8.14756,47.15398
20990,8.1476,47.17177
20991,8.14764,47.18955
20992,8.1477,47.17187
20993,8.14774,47.18965
20994,8.1478,47.17197
20995,8.14784,47.18975
20996,8.14788,47.20754
20997,8.14794,47.18985
20998,8.14798,47.20764
20999,8.14804,47.18995
21000,8.14808,47.20774
21001,8.14812,47.22553
21002,8.14818,47.20784
21003,8.14822,47.22563
21004,8.14828,47.20794
21005,8.14832,47.22573
21006,8.14836,47.24352
21007,8.14842,47.22583
21008,8.14846,47.24362
21009,8.14852,47.22593
21010,8.14856,47.24372
21011,8.1486,47.26151
21012,8.14866,47.24382
21013,8.1487,47.26161
21014,8.14876,47.24392
21015,8.1488,47.26171
21016,8.14884,47.2795
21017,8.1489,47.26181
21018,8.14894,47.2796
21019,8.149,47.26191
21020,8.14904,47.2797
21021,8.14907,47.29748
21022,8.14914,47.2798
21023,8.14917,47.29758
21024,8.14924,47.2799
21025,8.14927,47.29768
21026,8.14931,47.31547
21027,8.14937,47.29778
21028,8.14941,47.31557
21029,8.14947,47.29788
21030,8.14951,47.31567
21031,8.14955,47.33346
21032,8.14961,47.31577
21033,8.14965,47.33356
21034,8.14971,47.31587
21035,8.14975,47.33366
21036,8.14979,47.35145
21037,8.14985,47.33376
21038,8.14989,47.35155
21039,8.14995,47.33386
21040,8.14999,47.35165
21041,8.15003,47.36944
21042,8.15009,47.35175
21043,8.15013,47.36954
21044,8.15019,47.35185
21045,8.15023,47.36964
21046,8.15027,47.38742
21047,8.15033,47.36974
21048,8.15037,47.38752
21049,8.15043,47.36984
21050,8.15047,47.38762
21051,8.15051,47.40541
21052,8.15057,47.38772
21053,8.15061,47.40551
21054,8.15067,47.38782
21055,8.15071,47.40561
21056,8.15075,47.4234
21057,8.15081,47.40571
21058,8.15085,47.4235
21059,8.15091,47.40581
21060,8.15095,47.4236
21061,8.15099,47.44139
21062,8.15105,47.4237
21063,8.15109,47.44149
21064,8.15115,47.4238
21065,8.15119,47.44159
21066,8.15124,47.45937
21067,8.15129,47.44169
21068,8.15134,47.45947
21069,8.15139,47.44179
21070,8.15144,47.45957
21071,8.15148,47.47736
21072,8.15154,47.45967
21073,8.15158,47.47746
21074,8.15164,47.45977
21075,8.15168,47.47756
21076,8.15172,47.49535
21077,8.15178,47.47766
21078,8.15182,47.49545
21079,8.15188,47.47776
21080,8.15192,47.49555
21081,8.15196,47.51334
21082,8.15202,47.49565
21083,8.15206,47.51344
21084,8.15212,47.49575
21085,8.15216,47.51354
21086,8.1522,47.53132
21087,8.15226,47.51364
21088,8.1523,47.53142
21089,8.15236,47.51374
21090,8.1524,47.53152
21091,8.15244,47.54931
21092,8.1525,47.53162
21093,8.15254,47.54941
21094,8.1526,47.53172
21095,8.15264,47.54951
21096,8.15268,47.5673
21097,8.15274,47.54961
21098,8.15278,47.5674
21099,8.15284,47.54971
21100,8.15288,47.5675
21101,8.15293,47.58528
21102,8.15298,47.5676
21103,8.15303,47.58538
21104,8.15308,47.5677
21105,8.15313,47.58548
21106,8.15317,47.60327
21107,8.15323,47.58558
21108,8.15333,47.58568
21109,8.16068,46.19994
21110,8.16078,46.20004
21111,8.16088,46.20014
21112,8.16259,46.34386
21113,8.16269,46.34396
21114,8.16279,46.34406
21115,8.16283,46.36185
21116,8.16289,46.34416
21117,8.16293,46.36195
21118,8.16299,46.34426
21119,8.16303,46.36205
21120,8.16307,46.37984
21121,8.16313,46.36215
21122,8.16317,46.37994
21123,8.16323,46.36225
21124,8.16327,46.38004
21125,8.16331,46.39783
21126,8.16337,46.38014
21127,8.16341,46.39793
21128,8.16347,46.38024
21129,8.16351,46.39803
21130,8.16355,46.41583
21131,8.16361,46.39813
21132,8.16365,46.41593
21133,8.16371,46.39823
21134,8.16375,46.41603
21135,8.16379,46.43382
21136,8.16385,46.41613
21137,8.16389,46.43392
21138,8.16395,46.41623
21139,8.16399,46.43402
21140,8.16409,46.43412
21141,8.16419,46.43422
21142,8.16499,46.52377
21143,8.16669,46.6497
21144,8.16717,46.68568
21145,8.16727,46.68578
21146,8.16737,46.68588
21147,8.16741,46.70367
21148,8.16747,46.68598
21149,8.16751,46.70377
21150,8.16757,46.68608
21151,8.16761,46.70387
21152,8.16766,46.72166
21153,8.16771,46.70397
21154,8.16776,46.72176
21155,8.16781,46.70407
21156,8.16786,46.72186
21157,8.1679,46.73965
21158,8.16796,46.72196
21159,8.168,46.73975
21160,8.16806,46.72206
21161,8.1681,46.73985
21162,8.16814,46.75764
21163,8.1682,46.73995
21164,8.16824,46.75774
21165,8.1683,46.74005
21166,8.16834,46.75784
21167,8.16839,46.77563
21168,8.16844,46.75794
21169,8.16849,46.77573
21170,8.16854,46.75804
21171,8.16859,46.77583
21172,8.16863,46.79362
21173,8.16869,46.77593
21174,8.16873,46.79372
21175,8.16879,46.77603
21176,8.16883,46.79382
21177,8.16887,46.81161
21178,8.16893,46.79392
21179,8.16897,46.81171
21180,8.16903,46.79402
21181,8.16907,46.81181
21182,8.16912,46.8296
21183,8.16917,46.81191
21184,8.16922,46.8297
21185,8.16927,46.81201
21186,8.16932,46.8298
21187,8.16936,46.84759
21188,8.16942,46.8299
21189,8.16946,46.84769
21190,8.16952,46.83
21191,8.16956,46.84779
21192,8.16961,46.86558
21193,8.16966,46.84789
21194,8.16971,46.86568
21195,8.16976,46.84799
21196,8.16981,46.86578
21197,8.16985,46.88357
21198,8.16991,46.86588
21199,8.16995,46.88367
21200,8.17001,46.86598
21201,8.17005,46.88377
21202,8.17009,46.90156
21203,8.17015,46.88387
21204,8.17019,46.90166
21205,8.17025,46.88397
21206,8.17029,46.90176
21207,8.17034,46.91955
21208,8.17039,46.90186
21209,8.17044,46.91965
21210,8.17049,46.90196
21211,8.17054,46.91975
21212,8.17058,46.93754
21213,8.17064,46.91985
21214,8.17068,46.93764
21215,8.17074,46.91995
21216,8.17078,46.93774
21217,8.17083,46.95553
21218,8.17093,46.95563
21219,8.17103,46.95573
21220,8.17107,46.97352
21221,8.17113,46.95583
21222,8.17117,46.97362
21223,8.17123,46.95593
21224,8.17127,46.97372
21225,8.17132,46.99151
21226,8.17137,46.97382
21227,8.17142,46.99161
21228,8.17147,46.97392
21229,8.17152,46.99171
21230,8.17157,47.0095
21231,8.17162,46.99181
21232,8.17167,47.0096
21233,8.17172,46.99191
21234,8.17177,47.0097
21235,8.17181,47.02749
21236,8.17187,47.0098
21237,8.17191,47.02759
21238,8.17197,47.0099
21239,8.17201,47.02769
21240,8.17206,47.04548
21241,8.17211,47.02779
21242,8.17216,47.04558
21243,8.17221,47.02789
21244,8.17226,47.04568
21245,8.1723,47.06347
21246,8.17236,47.04578
21247,8.1724,47.06357
21248,8.17246,47.04588
21249,8.1725,47.06367
21250,8.17255,47.08146
21251,8.1726,47.06377
21252,8.17265,47.08156
21253,8.1727,47.06387
21254,8.17275,47.08166
21255,8.1728,47.09944
21256,8.17285,47.08176
21257,8.1729,47.09954
21258,8.17295,47.08186
21259,8.173,47.09964
21260,8.17304,47.11743
21261,8.1731,47.09974
21262,8.17314,47.11753
21263,8.1732,47.09984
21264,8.17324,47.11763
21265,8.17329,47.13542
21266,8.17334,47.11773
21267,8.17339,47.13552
21268,8.17344,47.11783
21269,8.17349,47.13562
21270,8.17354,47.15341
21271,8.17359,47.13572
21272,8.17364,47.15351
21273,8.17369,47.13582
21274,8.17374,47.15361
21275,8.17378,47.1714
21276,8.17384,47.15371
21277,8.17388,47.1715
21278,8.17394,47.15381
21279,8.17398,47.1716
21280,8.17403,47.18939
21281,8.17408,47.1717
21282,8.17413,47.18949
21283,8.17418,47.1718
21284,8.17423,47.18959
21285,8.17428,47.20738
21286,8.17433,47.18969
21287,8.17438,47.20748
21288,8.17443,47.18979
21289,8.17448,47.20758
21290,8.17452,47.22537
21291,8.17458,47.20768
21292,8.17462,47.22547
21293,8.17468,47.20778
21294,8.17472,47.22557
21295,8.17477,47.24335
21296,8.17482,47.22567
21297,8.17487,47.24345
21298,8.17492,47.22577
21299,8.17497,47.24355
21300,8.17502,47.26134
21301,8.17507,47.24365
21302,8.17512,47.26144
21303,8.17517,47.24375
21304,8.17522,47.26154
21305,8.17527,47.27933
21306,8.17532,47.26164
21307,8.17537,47.27943
21308,8.17542,47.26174
21309,8.17547,47.27953
21310,8.17552,47.29732
21311,8.17557,47.27963
21312,8.17562,47.29742
21313,8.17567,47.27973
21314,8.17572,47.29752
21315,8.17576,47.31531
21316,8.17582,47.29762
21317,8.17586,47.31541
21318,8.17592,47.29772
21319,8.17596,47.31551
21320,8.17601,47.33329
21321,8.17606,47.31561
21322,8.17611,47.33339
21323,8.17616,47.31571
21324,8.17621,47.33349
21325,8.17626,47.35128
21326,8.17631,47.33359
21327,8.17636,47.35138
21328,8.17641,47.33369
21329,8.17646,47.35148
21330,8.17651,47.36927
21331,8.17656,47.35158
21332,8.17661,47.36937
21333,8.17666,47.35168
21334,8.17671,47.36947
21335,8.17676,47.38726
21336,8.17681,47.36957
21337,8.17686,47.38736
21338,8.17691,47.36967
21339,8.17696,47.38746
21340,8.17701,47.40525
21341,8.17706,47.38756
21342,8.17711,47.40535
21343,8.17716,47.38766
21344,8.17721,47.40545
21345,8.17726,47.42323
21346,8.17731,47.40555
21347,8.17736,47.42333
21348,8.17741,47.40565
21349,8.17746,47.42343
21350,8.17751,47.44122
21351,8.17756,47.42353
21352,8.17761,47.44132
21353,8.17766,47.42363
21354,8.17771,47.44142
21355,8.17776,47.45921
21356,8.17781,47.44152
21357,8.17786,47.45931
21358,8.17791,47.44162
21359,8.17796,47.45941
21360,8.17801,47.4772
21361,8.17806,47.45951
21362,8.17811,47.4773
21363,8.17816,47.45961
21364,8.17821,47.4774
21365,8.17826,47.49518
21366,8.17831,47.4775
21367,8.17836,47.49528
21368,8.17841,47.4776
21369,8.17846,47.49538
21370,8.17851,47.51317
21371,8.17856,47.49548
21372,8.17861,47.51327
21373,8.17866,47.49558
21374,8.17871,47.51337
21375,8.17876,47.53116
21376,8.17881,47.51347
21377,8.17886,47.53126
21378,8.17891,47.51357
21379,8.17896,47.53136
21380,8.17901,47.54914
21381,8.17906,47.53146
21382,8.17911,47.54924
21383,8.17916,47.53156
21384,8.17921,47.54934
21385,8.17926,47.56713
21386,8.17931,47.54944
21387,8.17936,47.56723
21388,8.17941,47.54954
21389,8.17946,47.56733
21390,8.17951,47.58512
21391,8.17956,47.56743
21392,8.17961,47.58522
21393,8.17966,47.56753
21394,8.17971,47.58532
21395,8.17976,47.6031
21396,8.17981,47.58542
21397,8.17986,47.6032
21398,8.17991,47.58552
21399,8.17996,47.6033
21400,8.18006,47.6034
21401,8.18016,47.6035
21402,8.18857,46.34369
21403,8.18867,46.34379
21404,8.18877,46.34389
21405,8.18881,46.36168
21406,8.18887,46.34399
21407,8.18891,46.36178
21408,8.18901,46.36188
21409,8.18911,46.36198
21410,8.18921,46.36208
21411,8.18931,46.39767
21412,8.18956,46.41566
21413,8.18966,46.41576
21414,8.18976,46.41586
21415,8.18981,46.43365
21416,8.18986,46.41596
21417,8.18991,46.43375
21418,8.18996,46.41606
21419,8.19001,46.43385
21420,8.19006,46.45164
21421,8.19011,46.43395
21422,8.19016,46.45174
21423,8.19021,46.43405
21424,8.19026,46.45184
21425,8.19036,46.45194
21426,8.19046,46.45204
21427,8.19281,46.64953
21428,8.19306,46.66752
21429,8.19316,46.66762
21430,8.19356,46.7035
21431,8.19366,46.7036
21432,8.19376,46.7037
21433,8.19382,46.72149
21434,8.19386,46.7038
21435,8.19392,46.72159
21436,8.19396,46.7039
21437,8.19402,46.72169
21438,8.19407,46.73948
21439,8.19412,46.72179
21440,8.19417,46.73958
21441,8.19422,46.72189
21442,8.19427,46.73968
21443,8.19432,46.75747
21444,8.19437,46.73978
21445,8.19442,46.75757
21446,8.19447,46.73988
21447,8.19452,46.75767
21448,8.19457,46.77546
21449,8.19462,46.75777
21450,8.19467,46.77556
21451,8.19472,46.75787
21452,8.19477,46.77566
21453,8.19482,46.79345
21454,8.19487,46.77576
21455,8.19492,46.79355
21456,8.19497,46.77586
21457,8.19502,46.79365
21458,8.19508,46.81144
21459,8.19512,46.79375
21460,8.19518,46.81154
21461,8.19522,46.79385
21462,8.19528,46.81164
21463,8.19533,46.82943
21464,8.19538,46.81174
21465,8.19543,46.82953
21466,8.19553,46.82963
21467,8.19558,46.84742
21468,8.19563,46.82973
21469,8.19568,46.84752
21470,8.19573,46.82983
21471,8.19578,46.84762
21472,8.19584,46.86541
21473,8.19588,46.84772
21474,8.19594,46.86551
21475,8.19598,46.84782
21476,8.19604,46.86561
21477,8.19609,46.8834
21478,8.19614,46.86571
21479,8.19619,46.8835
21480,8.19624,46.86581
21481,8.19629,46.8836
21482,8.19634,46.90139
21483,8.19639,46.8837
21484,8.19644,46.90149
21485,8.19649,46.8838
21486,8.19654,46.90159
21487,8.1966,46.91938
21488,8.19664,46.90169
21489,8.1967,46.91948
21490,8.19674,46.90179
21491,8.1968,46.91958
21492,8.19685,46.93737
21493,8.19695,46.93747
21494,8.19705,46.93757
21495,8.1971,46.95536
21496,8.19715,46.93767
21497,8.1972,46.95546
21498,8.19725,46.93777
21499,8.1973,46.95556
21500,8.19736,46.97335
21501,8.1974,46.95566
21502,8.19746,46.97345
21503,8.1975,46.95576
21504,8.19756,46.97355
21505,8.19761,46.99134
21506,8.19766,46.97365
21507,8.19771,46.99144
21508,8.19776,46.97375
21509,8.19781,46.99154
21510,8.19787,47.00933
21511,8.19791,46.99164
21512,8.19797,47.00943
21513,8.19801,46.99174
21514,8.19807,47.00953
21515,8.19812,47.02732
21516,8.19817,47.00963
21517,8.19822,47.02742
21518,8.19827,47.00973
21519,8.19832,47.02752
21520,8.19837,47.04531
21521,8.19842,47.02762
21522,8.19847,47.04541
21523,8.19852,47.02772
21524,8.19857,47.04551
21525,8.19863,47.06329
21526,8.19867,47.04561
21527,8.19873,47.06339
21528,8.19877,47.04571
21529,8.19883,47.06349
21530,8.19888,47.08128
21531,8.19893,47.06359
21532,8.19898,47.08138
21533,8.19903,47.06369
21534,8.19908,47.08148
21535,8.19914,47.09927
21536,8.19918,47.08158
21537,8.19924,47.09937
21538,8.19928,47.08168
21539,8.19934,47.09947
21540,8.19939,47.11726
21541,8.19944,47.09957
21542,8.19949,47.11736
21543,8.19954,47.09967
21544,8.19959,47.11746
21545,8.19965,47.13525
21546,8.19969,47.11756
21547,8.19975,47.13535
21548,8.19979,47.11766
21549,8.19985,47.13545
21550,8.19991,47.15324
21551,8.19995,47.13555
21552,8.20001,47.15334
21553,8.20005,47.13565
21554,8.20011,47.15344
21555,8.20016,47.17123
21556,8.20021,47.15354
21557,8.20026,47.17133
21558,8.20031,47.15364
21559,8.20036,47.17143
21560,8.20042,47.18922
21561,8.20046,47.17153
21562,8.20052,47.18932
21563,8.20056,47.17163
21564,8.20062,47.18942
21565,8.20067,47.20721
21566,8.20072,47.18952
21567,8.20077,47.20731
21568,8.20082,47.18962
21569,8.20087,47.20741
21570,8.20093,47.22519
21571,8.20097,47.20751
21572,8.20103,47.22529
21573,8.20107,47.20761
21574,8.20113,47.22539
21575,8.20119,47.24318
21576,8.20123,47.22549
21577,8.20129,47.24328
21578,8.20133,47.22559
21579,8.20139,47.24338
21580,8.20144,47.26117
21581,8.20149,47.24348
21582,8.20154,47.26127
21583,8.20159,47.24358
21584,8.20164,47.26137
21585,8.2017,47.27916
21586,8.20174,47.26147
21587,8.2018,47.27926
21588,8.20184,47.26157
21589,8.2019,47.27936
21590,8.20196,47.29715
21591,8.202,47.27946
21592,8.20206,47.29725
21593,8.2021,47.27956
21594,8.20216,47.29735
21595,8.20222,47.31513
21596,8.20226,47.29745
21597,8.20232,47.31523
21598,8.20236,47.29755
21599,8.20242,47.31533
21600,8.20247,47.33312
21601,8.20252,47.31543
21602,8.20257,47.33322
21603,8.20262,47.31553
21604,8.20267,47.33332
21605,8.20273,47.35111
21606,8.20277,47.33342
21607,8.20283,47.35121
21608,8.20287,47.33352
21609,8.20293,47.35131
21610,8.20299,47.3691
21611,8.20303,47.35141
21612,8.20309,47.3692
21613,8.20313,47.35151
21614,8.20319,47.3693
21615,8.20325,47.38709
21616,8.20329,47.3694
21617,8.20335,47.38719
21618,8.20339,47.3695
21619,8.20345,47.38729
21620,8.2035,47.40507
21621,8.20355,47.38739
21622,8.2036,47.40517
21623,8.20365,47.38749
21624,8.2037,47.40527
21625,8.20376,47.42306
21626,8.2038,47.40537
21627,8.20386,47.42316
21628,8.2039,47.40547
21629,8.20396,47.42326
21630,8.20402,47.44105
21631,8.20406,47.42336
21632,8.20412,47.44115
21633,8.20416,47.42346
21634,8.20422,47.44125
21635,8.20428,47.45904
21636,8.20432,47.44135
21637,8.20438,47.45914
21638,8.20442,47.44145
21639,8.20448,47.45924
21640,8.20454,47.47702
21641,8.20458,47.45934
21642,8.20464,47.47712
21643,8.20468,47.45944
21644,8.20474,47.47722
21645,8.2048,47.49501
21646,8.20484,47.47732
21647,8.2049,47.49511
21648,8.20494,47.47742
21649,8.205,47.49521
21650,8.20506,47.513
21651,8.2051,47.49531
21652,8.20516,47.5131
21653,8.2052,47.49541
21654,8.20526,47.5132
21655,8.20532,47.53098
21656,8.20536,47.5133
21657,8.20542,47.53108
21658,8.20546,47.5134
21659,8.20552,47.53118
21660,8.20558,47.54897
21661,8.20562,47.53128
21662,8.20568,47.54907
21663,8.20572,47.53138
21664,8.20578,47.54917
21665,8.20584,47.56696
21666,8.20588,47.54927
21667,8.20594,47.56706
21668,8.20598,47.54937
21669,8.20604,47.56716
21670,8.2061,47.58494
21671,8.20614,47.56726
21672,8.2062,47.58504
21673,8.20624,47.56736
21674,8.2063,47.58514
21675,8.20636,47.60293
21676,8.2064,47.58524
21677,8.20646,47.60303
21678,8.2065,47.58534
21679,8.20656,47.60313
21680,8.20662,47.62092
21681,8.20666,47.60323
21682,8.20672,47.62102
21683,8.20676,47.60333
21684,8.20682,47.62112
21685,8.20692,47.62122
21686,8.20702,47.62132
21687,8.2148,46.36151
21688,8.2149,46.36161
21689,8.215,46.36171
21690,8.21506,46.3795
21691,8.2151,46.36181
21692,8.21516,46.3796
21693,8.2152,46.36191
21694,8.21526,46.3797
21695,8.21536,46.3798
21696,8.21583,46.43347
21697,8.21593,46.43357
21698,8.21603,46.43367
21699,8.21609,46.45146
21700,8.21613,46.43377
21701,8.21619,46.45156
21702,8.21623,46.43387
21703,8.21629,46.45166
21704,8.21635,46.46945
21705,8.21639,46.45176
21706,8.21645,46.46955
21707,8.21649,46.45186
21708,8.2179,46.57739
21709,8.21868,46.63136
21710,8.21893,46.64935
21711,8.21919,46.66735
21712,8.21929,46.66745
21713,8.21939,46.66755
21714,8.21945,46.68534
21715,8.21949,46.66765
21716,8.21955,46.68544
21717,8.21959,46.66775
21718,8.21965,46.68554
21719,8.21971,46.70333
21720,8.21975,46.68564
21721,8.21981,46.70343
21722,8.21985,46.68574
21723,8.21991,46.70353
21724,8.21998,46.72132
21725,8.22001,46.70363
21726,8.22008,46.72142
21727,8.22011,46.70373
21728,8.22018,46.72152
21729,8.22024,46.73931
21730,8.22028,46.72162
21731,8.22034,46.73941
21732,8.22038,46.72172
21733,8.22044,46.73951
21734,8.2205,46.7573
21735,8.22054,46.73961
21736,8.2206,46.7574
21737,8.22064,46.73971
21738,8.2207,46.7575
21739,8.22076,46.77529
21740,8.2208,46.7576
21741,8.22086,46.77539
21742,8.2209,46.7577
21743,8.22096,46.77549
21744,8.22102,46.79328
21745,8.22106,46.77559
21746,8.22112,46.79338
21747,8.22116,46.77569
21748,8.22122,46.79348
21749,8.22128,46.81126
21750,8.22132,46.79358
21751,8.22138,46.81136
21752,8.22142,46.79368
21753,8.22148,46.81146
21754,8.22154,46.82925
21755,8.22158,46.81156
21756,8.22164,46.82935
21757,8.22168,46.81166
21758,8.22174,46.82945
21759,8.2218,46.84724
21760,8.22184,46.82955
21761,8.2219,46.84734
21762,8.22194,46.82965
21763,8.222,46.84744
21764,8.22206,46.86523
21765,8.2221,46.84754
21766,8.22216,46.86533
21767,8.2222,46.84764
21768,8.22226,46.86543
21769,8.22233,46.88322
21770,8.22236,46.86553
21771,8.22243,46.88332
21772,8.22246,46.86563
21773,8.22253,46.88342
21774,8.22259,46.90121
21775,8.22263,46.88352
21776,8.22269,46.90131
21777,8.22273,46.88362
21778,8.22279,46.90141
21779,8.22285,46.9192
21780,8.22289,46.90151
21781,8.22295,46.9193
21782,8.22299,46.90161
21783,8.22305,46.9194
21784,8.22311,46.93719
21785,8.22315,46.9195
21786,8.22321,46.93729
21787,8.22325,46.9196
21788,8.22331,46.93739
21789,8.22338,46.95518
21790,8.22341,46.93749
21791,8.22348,46.95528
21792,8.22351,46.93759
21793,8.22358,46.95538
21794,8.22364,46.97317
21795,8.22368,46.95548
21796,8.22374,46.97327
21797,8.22378,46.95558
21798,8.22384,46.97337
21799,8.2239,46.99116
21800,8.22394,46.97347
21801,8.224,46.99126
21802,8.22404,46.97357
21803,8.2241,46.99136
21804,8.22416,47.00915
21805,8.2242,46.99146
21806,8.22426,47.00925
21807,8.2243,46.99156
21808,8.22436,47.00935
21809,8.22443,47.02714
21810,8.22446,47.00945
21811,8.22453,47.02724
21812,8.22456,47.00955
21813,8.22463,47.02734
21814,8.22469,47.04513
21815,8.22473,47.02744
21816,8.22479,47.04523
21817,8.22483,47.02754
21818,8.22489,47.04533
21819,8.22496,47.06312
21820,8.22499,47.04543
21821,8.22506,47.06322
21822,8.22509,47.04553
21823,8.22516,47.06332
21824,8.22522,47.08111
21825,8.22526,47.06342
21826,8.22532,47.08121
21827,8.22536,47.06352
21828,8.22542,47.08131
21829,8.22548,47.0991
21830,8.22552,47.08141
21831,8.22558,47.0992
21832,8.22562,47.08151
21833,8.22568,47.0993
21834,8.22575,47.11708
21835,8.22578,47.0994
21836,8.22585,47.11718
21837,8.22588,47.0995
21838,8.22595,47.11728
21839,8.22601,47.13507
21840,8.22605,47.11738
21841,8.22611,47.13517
21842,8.22615,47.11748
21843,8.22621,47.13527
21844,8.22628,47.15306
21845,8.22631,47.13537
21846,8.22638,47.15316
21847,8.22641,47.13547
21848,8.22648,47.15326
21849,8.22654,47.17105
21850,8.22658,47.15336
21851,8.22664,47.17115
21852,8.22668,47.15346
21853,8.22674,47.17125
21854,8.22681,47.18904
21855,8.22684,47.17135
21856,8.22691,47.18914
21857,8.22694,47.17145
21858,8.22701,47.18924
21859,8.22707,47.20703
21860,8.22711,47.18934
21861,8.22717,47.20713
21862,8.22721,47.18944
21863,8.22727,47.20723
21864,8.22734,47.22502
21865,8.22737,47.20733
21866,8.22744,47.22512
21867,8.22747,47.20743
21868,8.22754,47.22522
21869,8.2276,47.243
21870,8.22764,47.22532
21871,8.2277,47.2431
21872,8.22774,47.22542
21873,8.2278,47.2432
21874,8.22787,47.26099
21875,8.2279,47.2433
21876,8.22797,47.26109
21877,8.228,47.2434
21878,8.22807,47.26119
21879,8.22813,47.27898
21880,8.22817,47.26129
21881,8.22823,47.27908
21882,8.22827,47.26139
21883,8.22833,47.27918
21884,8.2284,47.29697
21885,8.22843,47.27928
21886,8.2285,47.29707
21887,8.22853,47.27938
21888,8.2286,47.29717
21889,8.22867,47.31496
21890,8.2287,47.29727
21891,8.22877,47.31506
21892,8.2288,47.29737
21893,8.22887,47.31516
21894,8.22893,47.33294
21895,8.22897,47.31526
21896,8.22903,47.33304
21897,8.22907,47.31536
21898,8.22913,47.33314
21899,8.2292,47.35093
21900,8.22923,47.33324
21901,8.2293,47.35103
21902,8.22933,47.33334
21903,8.2294,47.35113
21904,8.22947,47.36892
21905,8.2295,47.35123
21906,8.22957,47.36902
21907,8.2296,47.35133
21908,8.22967,47.36912
21909,8.22973,47.38691
21910,8.22977,47.36922
21911,8.22983,47.38701
21912,8.22987,47.36932
21913,8.22993,47.38711
21914,8.23,47.4049
21915,8.23003,47.38721
21916,8.2301,47.405
21917,8.23013,47.38731
21918,8.2302,47.4051
21919,8.23027,47.42288
21920,8.2303,47.4052
21921,8.23037,47.42298
21922,8.2304,47.4053
21923,8.23047,47.42308
21924,8.23053,47.44087
21925,8.23057,47.42318
21926,8.23063,47.44097
21927,8.23067,47.42328
21928,8.23073,47.44107
21929,8.2308,47.45886
21930,8.23083,47.44117
21931,8.2309,47.45896
21932,8.23093,47.44127
21933,8.231,47.45906
21934,8.23107,47.47684
21935,8.2311,47.45916
21936,8.23117,47.47694
21937,8.2312,47.45926
21938,8.23127,47.47704
21939,8.23134,47.49483
21940,8.23137,47.47714
21941,8.23144,47.49493
21942,8.23147,47.47724
21943,8.23154,47.49503
21944,8.23161,47.51282
21945,8.23164,47.49513
21946,8.23171,47.51292
21947,8.23174,47.49523
21948,8.23181,47.51302
21949,8.23187,47.5308
21950,8.23191,47.51312
21951,8.23197,47.5309
21952,8.23201,47.51322
21953,8.23207,47.531
21954,8.23214,47.54879
21955,8.23217,47.5311
21956,8.23224,47.54889
21957,8.23227,47.5312
21958,8.23234,47.54899
21959,8.23241,47.56678
21960,8.23244,47.54909
21961,8.23251,47.56688
21962,8.23254,47.54919
21963,8.23261,47.56698
21964,8.23268,47.58476
21965,8.23271,47.56708
21966,8.23278,47.58486
21967,8.23281,47.56718
21968,8.23288,47.58496
21969,8.23295,47.60275
21970,8.23298,47.58506
21971,8.23305,47.60285
21972,8.23308,47.58516
21973,8.23315,47.60295
21974,8.23322,47.62074
21975,8.23325,47.60305
21976,8.23332,47.62084
21977,8.23335,47.60315
21978,8.24105,46.37932
21979,8.24115,46.37942
21980,8.24212,46.45128
21981,8.24222,46.45138
21982,8.24232,46.45148
21983,8.24238,46.46927
21984,8.24248,46.46937
21985,8.24258,46.46947
21986,8.24265,46.48726
21987,8.24268,46.46957
21988,8.24275,46.48736
21989,8.24278,46.46967
21990,8.24285,46.48746
21991,8.24295,46.48756
21992,8.24305,46.48766
21993,8.24479,46.63118
21994,8.24489,46.63128
21995,8.24499,46.63138
21996,8.24533,46.66716
21997,8.24543,46.66726
21998,8.24553,46.66736
21999,8.2456,46.68515
22000,8.2457,46.68525
22001,8.2458,46.68535
22002,8.24587,46.70314
22003,8.2459,46.68545
22004,8.24597,46.70324
22005,8.246,46.68555
22006,8.24607,46.70334
22007,8.24613,46.72113
22008,8.24617,46.70344
22009,8.24623,46.72123
22010,8.24627,46.70354
22011,8.24633,46.72133
22012,8.2464,46.73912
22013,8.24643,46.72143
22014,8.2465,46.73922
22015,8.24653,46.72153
22016,8.2466,46.73932
22017,8.24667,46.75711
22018,8.2467,46.73942
22019,8.24677,46.75721
22020,8.2468,46.73952
22021,8.24687,46.75731
22022,8.24694,46.7751
22023,8.24697,46.75741
22024,8.24704,46.7752
22025,8.24707,46.75751
22026,8.24714,46.7753
22027,8.24721,46.79309
22028,8.24724,46.7754
22029,8.24731,46.79319
22030,8.24734,46.7755
22031,8.24741,46.79329
22032,8.24748,46.81108
22033,8.24751,46.79339
22034,8.24758,46.81118
22035,8.24761,46.79349
22036,8.24768,46.81128
22037,8.24775,46.82907
22038,8.24778,46.81138
22039,8.24785,46.82917
22040,8.24788,46.81148
22041,8.24795,46.82927
22042,8.24802,46.84706
22043,8.24805,46.82937
22044,8.24812,46.84716
22045,8.24815,46.82947
22046,8.24822,46.84726
22047,8.24829,46.86505
22048,8.24832,46.84736
22049,8.24839,46.86515
22050,8.24842,46.84746
22051,8.24849,46.86525
22052,8.24856,46.88304
22053,8.24859,46.86535
22054,8.24866,46.88314
22055,8.24869,46.86545
22056,8.24876,46.88324
22057,8.24883,46.90103
22058,8.24886,46.88334
22059,8.24893,46.90113
22060,8.24896,46.88344
22061,8.24903,46.90123
22062,8.24911,46.91902
22063,8.24913,46.90133
22064,8.24921,46.91912
22065,8.24923,46.90143
22066,8.24931,46.91922
22067,8.24938,46.93701
22068,8.24941,46.91932
22069,8.24948,46.93711
22070,8.24951,46.91942
22071,8.24958,46.93721
22072,8.24965,46.955
22073,8.24968,46.93731
22074,8.24975,46.9551
22075,8.24978,46.93741
22076,8.24985,46.9552
22077,8.24992,46.97299
22078,8.24995,46.9553
22079,8.25002,46.97309
22080,8.25005,46.9554
22081,8.25012,46.97319
22082,8.25019,46.99098
22083,8.25022,46.97329
22084,8.25029,46.99108
22085,8.25032,46.97339
22086,8.25039,46.99118
22087,8.25046,47.00897
22088,8.25049,46.99128
22089,8.25056,47.00907
22090,8.25059,46.99138
22091,8.25066,47.00917
22092,8.25074,47.02696
22093,8.25076,47.00927
22094,8.25084,47.02706
22095,8.25086,47.00937
22096,8.25094,47.02716
22097,8.25101,47.04495
22098,8.25104,47.02726
22099,8.25111,47.04505
22100,8.25114,47.02736
22101,8.25121,47.04515
22102,8.25128,47.06293
22103,8.25131,47.04525
22104,8.25138,47.06303
22105,8.25141,47.04535
22106,8.25148,47.06313
22107,8.25155,47.08092
22108,8.25158,47.06323
22109,8.25165,47.08102
22110,8.25168,47.06333
22111,8.25175,47.08112
22112,8.25183,47.09891
22113,8.25185,47.08122
22114,8.25193,47.09901
22115,8.25195,47.08132
22116,8.25203,47.09911
22117,8.2521,47.1169
22118,8.25213,47.09921
22119,8.2522,47.117
22120,8.25223,47.09931
22121,8.2523,47.1171
22122,8.25237,47.13489
22123,8.2524,47.1172
22124,8.25247,47.13499
22125,8.2525,47.1173
22126,8.25257,47.13509
22127,8.25265,47.15288
22128,8.25267,47.13519
22129,8.25275,47.15298
22130,8.25277,47.13529
22131,8.25285,47.15308
22132,8.25292,47.17087
22133,8.25295,47.15318
22134,8.25302,47.17097
22135,8.25305,47.15328
22136,8.25312,47.17107
22137,8.25319,47.18886
22138,8.25322,47.17117
22139,8.25329,47.18896
22140,8.25332,47.17127
22141,8.25339,47.18906
22142,8.25347,47.20684
22143,8.25349,47.18916
22144,8.25357,47.20694
22145,8.25359,47.18926
22146,8.25367,47.20704
22147,8.25374,47.22483
22148,8.25377,47.20714
22149,8.25384,47.22493
22150,8.25387,47.20724
22151,8.25394,47.22503
22152,8.25402,47.24282
22153,8.25404,47.22513
22154,8.25412,47.24292
22155,8.25414,47.22523
22156,8.25422,47.24302
22157,8.25429,47.26081
22158,8.25432,47.24312
22159,8.25439,47.26091
22160,8.25442,47.24322
22161,8.25449,47.26101
22162,8.25457,47.2788
22163,8.25459,47.26111
22164,8.25467,47.2789
22165,8.25469,47.26121
22166,8.25477,47.279
22167,8.25484,47.29678
22168,8.25487,47.2791
22169,8.25494,47.29688
22170,8.25497,47.2792
22171,8.25504,47.29698
22172,8.25512,47.31477
22173,8.25514,47.29708
22174,8.25522,47.31487
22175,8.25524,47.29718
22176,8.25532,47.31497
22177,8.25539,47.33276
22178,8.25542,47.31507
22179,8.25549,47.33286
22180,8.25552,47.31517
22181,8.25559,47.33296
22182,8.25567,47.35075
22183,8.25569,47.33306
22184,8.25577,47.35085
22185,8.25579,47.33316
22186,8.25587,47.35095
22187,8.25594,47.36874
22188,8.25597,47.35105
22189,8.25604,47.36884
22190,8.25607,47.35115
22191,8.25614,47.36894
22192,8.25622,47.38672
22193,8.25624,47.36904
22194,8.25632,47.38682
22195,8.25634,47.36914
22196,8.25642,47.38692
22197,8.25649,47.40471
22198,8.25652,47.38702
22199,8.25659,47.40481
22200,8.25662,47.38712
22201,8.25669,47.40491
22202,8.25677,47.4227
22203,8.25679,47.40501
22204,8.25687,47.4228
22205,8.25689,47.40511
22206,8.25697,47.4229
22207,8.25705,47.44069
22208,8.25707,47.423
22209,8.25715,47.44079
22210,8.25717,47.4231
22211,8.25725,47.44089
22212,8.25732,47.45867
22213,8.25735,47.44099
22214,8.25742,47.45877
22215,8.25745,47.44109
22216,8.25752,47.45887
22217,8.2576,47.47666
22218,8.25762,47.45897
22219,8.2577,47.47676
22220,8.25772,47.45907
22221,8.2578,47.47686
22222,8.25788,47.49465
22223,8.2579,47.47696
22224,8.25798,47.49475
22225,8.258,47.47706
22226,8.25808,47.49485
22227,8.25815,47.51263
22228,8.25818,47.49495
22229,8.25825,47.51273
22230,8.25828,47.49505
22231,8.25835,47.51283
22232,8.25843,47.53062
22233,8.25845,47.51293
22234,8.25853,47.53072
22235,8.25855,47.51303
22236,8.25863,47.53082
22237,8.25871,47.54861
22238,8.25873,47.53092
22239,8.25881,47.54871
22240,8.25883,47.53102
22241,8.25891,47.54881
22242,8.25899,47.56659
22243,8.25901,47.54891
22244,8.25909,47.56669
22245,8.25911,47.54901
22246,8.25919,47.56679
22247,8.25926,47.58458
22248,8.25929,47.56689
22249,8.25936,47.58468
22250,8.25939,47.56699
22251,8.25946,47.58478
22252,8.25954,47.60257
22253,8.25956,47.58488
22254,8.25964,47.60267
22255,8.25966,47.58498
22256,8.25974,47.60277
22257,8.25982,47.62055
22258,8.25984,47.60287
22259,8.25992,47.62065
22260,8.25994,47.60297
22261,8.26002,47.62075
22262,8.26842,46.46908
22263,8.26852,46.46918
22264,8.26862,46.46928
22265,8.2687,46.48707
22266,8.26872,46.46938
22267,8.2688,46.48717
22268,8.26882,46.46948
22269,8.2689,46.48727
22270,8.26897,46.50506
22271,8.269,46.48737
22272,8.26907,46.50516
22273,8.2691,46.48747
22274,8.26917,46.50526
22275,8.26927,46.50536
22276,8.26937,46.50546
22277,8.26952,46.54104
22278,8.26962,46.54114
22279,8.26972,46.54124
22280,8.27035,46.59501
22281,8.27118,46.64899
22282,8.27146,46.66698
22283,8.27156,46.66708
22284,8.27166,46.66718
22285,8.27174,46.68497
22286,8.27176,46.66728
22287,8.27186,46.66738
22288,8.27202,46.70296
22289,8.27212,46.70306
22290,8.27222,46.70316
22291,8.27229,46.72095
22292,8.27232,46.70326
22293,8.27239,46.72105
22294,8.27242,46.70336
22295,8.27249,46.72115
22296,8.27257,46.73893
22297,8.27259,46.72125
22298,8.27267,46.73903
22299,8.27269,46.72135
22300,8.27277,46.73913
22301,8.27287,46.73923
22302,8.27297,46.73933
22303,8.27313,46.77491
22304,8.27323,46.77501
22305,8.27333,46.77511
22306,8.27341,46.7929
22307,8.27343,46.77521
22308,8.27351,46.793
22309,8.27353,46.77531
22310,8.27361,46.7931
22311,8.27368,46.81089
22312,8.27371,46.7932
22313,8.27378,46.81099
22314,8.27381,46.7933
22315,8.27388,46.81109
22316,8.27396,46.82888
22317,8.27398,46.81119
22318,8.27406,46.82898
22319,8.27408,46.81129
22320,8.27416,46.82908
22321,8.27424,46.84687
22322,8.27426,46.82918
22323,8.27434,46.84697
22324,8.27436,46.82928
22325,8.27444,46.84707
22326,8.27452,46.86486
22327,8.27462,46.86496
22328,8.27472,46.86506
22329,8.2748,46.88285
22330,8.27482,46.86516
22331,8.2749,46.88295
22332,8.27492,46.86526
22333,8.275,46.88305
22334,8.27508,46.90084
22335,8.2751,46.88315
22336,8.27518,46.90094
22337,8.2752,46.88325
22338,8.27528,46.90104
22339,8.27536,46.91883
22340,8.27538,46.90114
22341,8.27546,46.91893
22342,8.27548,46.90124
22343,8.27556,46.91903
22344,8.27564,46.93682
22345,8.27566,46.91913
22346,8.27574,46.93692
22347,8.27576,46.91923
22348,8.27584,46.93702
22349,8.27592,46.95481
22350,8.27594,46.93712
22351,8.27602,46.95491
22352,8.27604,46.93722
22353,8.27612,46.95501
22354,8.2762,46.9728
22355,8.27622,46.95511
22356,8.2763,46.9729
22357,8.27632,46.95521
22358,8.2764,46.973
22359,8.27648,46.99079
22360,8.2765,46.9731
22361,8.27658,46.99089
22362,8.2766,46.9732
22363,8.27668,46.99099
22364,8.27676,47.00878
22365,8.27678,46.99109
22366,8.27686,47.00888
22367,8.27688,46.99119
22368,8.27696,47.00898
22369,8.27704,47.02677
22370,8.27706,47.00908
22371,8.27714,47.02687
22372,8.27716,47.00918
22373,8.27724,47.02697
22374,8.27733,47.04476
22375,8.27734,47.02707
22376,8.27743,47.04486
22377,8.27744,47.02717
22378,8.27753,47.04496
22379,8.27761,47.06275
22380,8.27763,47.04506
22381,8.27771,47.06285
22382,8.27773,47.04516
22383,8.27781,47.06295
22384,8.27789,47.08073
22385,8.27791,47.06305
22386,8.27799,47.08083
22387,8.27801,47.06315
22388,8.27809,47.08093
22389,8.27817,47.09872
22390,8.27819,47.08103
22391,8.27827,47.09882
22392,8.27829,47.08113
22393,8.27837,47.09892
22394,8.27845,47.11671
22395,8.27847,47.09902
22396,8.27855,47.11681
22397,8.27857,47.09912
22398,8.27865,47.11691
22399,8.27873,47.1347
22400,8.27875,47.11701
22401,8.27883,47.1348
22402,8.27885,47.11711
22403,8.27893,47.1349
22404,8.27902,47.15269
22405,8.27903,47.135
22406,8.27912,47.15279
22407,8.27913,47.1351
22408,8.27922,47.15289
22409,8.2793,47.17068
22410,8.27932,47.15299
22411,8.2794,47.17078
22412,8.27942,47.15309
22413,8.2795,47.17088
22414,8.27958,47.18867
22415,8.2796,47.17098
22416,8.27968,47.18877
22417,8.2797,47.17108
22418,8.27978,47.18887
22419,8.27986,47.20665
22420,8.27988,47.18897
22421,8.27996,47.20675
22422,8.27998,47.18907
22423,8.28006,47.20685
22424,8.28015,47.22464
22425,8.28016,47.20695
22426,8.28025,47.22474
22427,8.28026,47.20705
22428,8.28035,47.22484
22429,8.28043,47.24263
22430,8.28045,47.22494
22431,8.28053,47.24273
22432,8.28055,47.22504
22433,8.28063,47.24283
22434,8.28071,47.26062
22435,8.28073,47.24293
22436,8.28081,47.26072
22437,8.28083,47.24303
22438,8.28091,47.26082
22439,8.281,47.27861
22440,8.28101,47.26092
22441,8.2811,47.27871
22442,8.28111,47.26102
22443,8.2812,47.27881
22444,8.28128,47.29659
22445,8.2813,47.27891
22446,8.28138,47.29669
22447,8.2814,47.27901
22448,8.28148,47.29679
22449,8.28157,47.31458
22450,8.28158,47.29689
22451,8.28167,47.31468
22452,8.28168,47.29699
22453,8.28177,47.31478
22454,8.28185,47.33257
22455,8.28187,47.31488
22456,8.28195,47.33267
22457,8.28197,47.31498
22458,8.28205,47.33277
22459,8.28213,47.35056
22460,8.28215,47.33287
22461,8.28223,47.35066
22462,8.28225,47.33297
22463,8.28233,47.35076
22464,8.28242,47.36855
22465,8.28243,47.35086
22466,8.28252,47.36865
22467,8.28253,47.35096
22468,8.28262,47.36875
22469,8.2827,47.38653
22470,8.28272,47.36885
22471,8.2828,47.38663
22472,8.28282,47.36895
22473,8.2829,47.38673
22474,8.28299,47.40452
22475,8.283,47.38683
22476,8.28309,47.40462
22477,8.2831,47.38693
22478,8.28319,47.40472
22479,8.28327,47.42251
22480,8.28329,47.40482
22481,8.28337,47.42261
22482,8.28339,47.40492
22483,8.28347,47.42271
22484,8.28356,47.44049
22485,8.28357,47.42281
22486,8.28366,47.44059
22487,8.28367,47.42291
22488,8.28376,47.44069
22489,8.28385,47.45848
22490,8.28386,47.44079
22491,8.28395,47.45858
22492,8.28396,47.44089
22493,8.28405,47.45868
22494,8.28413,47.47647
22495,8.28415,47.45878
22496,8.28423,47.47657
22497,8.28425,47.45888
22498,8.28433,47.47667
22499,8.28442,47.49446
22500,8.28443,47.47677
22501,8.28452,47.49456
22502,8.28453,47.47687
22503,8.28462,47.49466
22504,8.2847,47.51244
22505,8.28472,47.49476
22506,8.2848,47.51254
22507,8.28482,47.49486
22508,8.2849,47.51264
22509,8.28499,47.53043
22510,8.285,47.51274
22511,8.28509,47.53053
22512,8.2851,47.51284
22513,8.28519,47.53063
22514,8.28528,47.54842
22515,8.28529,47.53073
22516,8.28538,47.54852
22517,8.28539,47.53083
22518,8.28548,47.54862
22519,8.28556,47.5664
22520,8.28558,47.54872
22521,8.28566,47.5665
22522,8.28568,47.54882
22523,8.28576,47.5666
22524,8.28585,47.58439
22525,8.28586,47.5667
22526,8.28595,47.58449
22527,8.28596,47.5668
22528,8.28605,47.58459
22529,8.28614,47.60237
22530,8.28615,47.58469
22531,8.28624,47.60247
22532,8.28625,47.58479
22533,8.28634,47.60257
22534,8.28644,47.60267
22535,8.28654,47.60277
22536,8.29474,46.48688
22537,8.29484,46.48698
22538,8.29494,46.48708
22539,8.29503,46.50487
22540,8.29504,46.48718
22541,8.29513,46.50497
22542,8.29514,46.48728
22543,8.29523,46.50507
22544,8.29531,46.52286
22545,8.29533,46.50517
22546,8.29541,46.52296
22547,8.29543,46.50527
22548,8.29559,46.54085
22549,8.29674,46.61281
22550,8.29684,46.61291
22551,8.29694,46.61301
22552,8.29704,46.61311
22553,8.29714,46.61321
22554,8.29731,46.64879
22555,8.29741,46.64889
22556,8.29751,46.64899
22557,8.29759,46.66678
22558,8.29761,46.64909
22559,8.29769,46.66688
22560,8.29771,46.64919
22561,8.29779,46.66698
22562,8.29789,46.66708
22563,8.29799,46.66718
22564,8.29845,46.72075
22565,8.29855,46.72085
22566,8.29865,46.72095
22567,8.29875,46.72105
22568,8.29885,46.72115
22569,8.29903,46.75673
22570,8.29913,46.75683
22571,8.29923,46.75693
22572,8.29931,46.77472
22573,8.29933,46.75703
22574,8.29941,46.77482
22575,8.29951,46.77492
22576,8.2996,46.79271
22577,8.29961,46.77502
22578,8.2997,46.79281
22579,8.2998,46.79291
22580,8.29989,46.8107
22581,8.2999,46.79301
22582,8.29999,46.8108
22583,8.3,46.79311
22584,8.30009,46.8109
22585,8.30017,46.82869
22586,8.30019,46.811
22587,8.30027,46.82879
22588,8.30029,46.8111
22589,8.30037,46.82889
22590,8.30046,46.84668
22591,8.30047,46.82899
22592,8.30056,46.84678
22593,8.30057,46.82909
22594,8.30066,46.84688
22595,8.30075,46.86467
22596,8.30076,46.84698
22597,8.30085,46.86477
22598,8.30086,46.84708
22599,8.30095,46.86487
22600,8.30104,46.88266
22601,8.30105,46.86497
22602,8.30114,46.88276
22603,8.30115,46.86507
22604,8.30124,46.88286
22605,8.30133,46.90065
22606,8.30134,46.88296
22607,8.30143,46.90075
22608,8.30144,46.88306
22609,8.30153,46.90085
22610,8.30162,46.91864
22611,8.30163,46.90095
22612,8.30172,46.91874
22613,8.30173,46.90105
22614,8.30182,46.91884
22615,8.3019,46.93663
22616,8.30192,46.91894
22617,8.302,46.93673
22618,8.30202,46.91904
22619,8.3021,46.93683
22620,8.30219,46.95462
22621,8.3022,46.93693
22622,8.30229,46.95472
22623,8.3023,46.93703
22624,8.30239,46.95482
22625,8.30248,46.9726
22626,8.30249,46.95492
22627,8.30258,46.9727
22628,8.30259,46.95502
22629,8.30268,46.9728
22630,8.30277,46.99059
22631,8.30278,46.9729
22632,8.30287,46.99069
22633,8.30288,46.973
22634,8.30297,46.99079
22635,8.30306,47.00858
22636,8.30307,46.99089
22637,8.30316,47.00868
22638,8.30317,46.99099
22639,8.30326,47.00878
22640,8.30335,47.02657
22641,8.30336,47.00888
22642,8.30345,47.02667
22643,8.30346,47.00898
22644,8.30355,47.02677
22645,8.30364,47.04456
22646,8.30365,47.02687
22647,8.30374,47.04466
22648,8.30375,47.02697
22649,8.30384,47.04476
22650,8.30393,47.06255
22651,8.30394,47.04486
22652,8.30403,47.06265
22653,8.30404,47.04496
22654,8.30413,47.06275
22655,8.30422,47.08054
22656,8.30423,47.06285
22657,8.30432,47.08064
22658,8.30433,47.06295
22659,8.30442,47.08074
22660,8.30451,47.09853
22661,8.30452,47.08084
22662,8.30461,47.09863
22663,8.30462,47.08094
22664,8.30471,47.09873
22665,8.3048,47.11652
22666,8.30481,47.09883
22667,8.3049,47.11662
22668,8.30491,47.09893
22669,8.305,47.11672
22670,8.3051,47.11682
22671,8.3051,47.1345
22672,8.3052,47.11692
22673,8.3052,47.1346
22674,8.3053,47.1347
22675,8.30539,47.15249
22676,8.3054,47.1348
22677,8.30549,47.15259
22678,8.3055,47.1349
22679,8.30559,47.15269
22680,8.30568,47.17048
22681,8.30569,47.15279
22682,8.30578,47.17058
22683,8.30579,47.15289
22684,8.30588,47.17068
22685,8.30597,47.18847
22686,8.30598,47.17078
22687,8.30607,47.18857
22688,8.30608,47.17088
22689,8.30617,47.18867
22690,8.30626,47.20646
22691,8.30627,47.18877
22692,8.30636,47.20656
22693,8.30637,47.18887
22694,8.30646,47.20666
22695,8.30655,47.22445
22696,8.30656,47.20676
22697,8.30665,47.22455
22698,8.30666,47.20686
22699,8.30675,47.22465
22700,8.30685,47.22475
22701,8.30685,47.24243
22702,8.30695,47.22485
22703,8.30695,47.24253
22704,8.30705,47.24263
22705,8.30714,47.26042
22706,8.30715,47.24273
22707,8.30724,47.26052
22708,8.30725,47.24283
22709,8.30734,47.26062
22710,8.30743,47.27841
22711,8.30744,47.26072
22712,8.30753,47.27851
22713,8.30754,47.26082
22714,8.30763,47.27861
22715,8.30772,47.2964
22716,8.30773,47.27871
22717,8.30782,47.2965
22718,8.30783,47.27881
22719,8.30792,47.2966
22720,8.30802,47.2967
22721,8.30802,47.31439
22722,8.30812,47.2968
22723,8.30812,47.31449
22724,8.30822,47.31459
22725,8.30831,47.33237
22726,8.30832,47.31469
22727,8.30841,47.33247
22728,8.30842,47.31479
22729,8.30851,47.33257
22730,8.3086,47.35036
22731,8.30861,47.33267
22732,8.3087,47.35046
22733,8.30871,47.33277
22734,8.3088,47.35056
22735,8.3089,47.35066
22736,8.3089,47.36835
22737,8.309,47.35076
22738,8.309,47.36845
22739,8.3091,47.36855
22740,8.30919,47.38634
22741,8.3092,47.36865
22742,8.30929,47.38644
22743,8.3093,47.36875
22744,8.30939,47.38654
22745,8.30948,47.40432
22746,8.30949,47.38664
22747,8.30958,47.40442
22748,8.30959,47.38674
22749,8.30968,47.40452
22750,8.30978,47.40462
22751,8.30978,47.42231
22752,8.30988,47.40472
22753,8.30988,47.42241
22754,8.30998,47.42251
22755,8.31007,47.4403
22756,8.31008,47.42261
22757,8.31017,47.4404
22758,8.31018,47.42271
22759,8.31027,47.4405
22760,8.31037,47.4406
22761,8.31037,47.45828
22762,8.31047,47.4407
22763,8.31047,47.45838
22764,8.31057,47.45848
22765,8.31066,47.47627
22766,8.31067,47.45858
22767,8.31076,47.47637
22768,8.31077,47.45868
22769,8.31086,47.47647
22770,8.31096,47.47657
22771,8.31096,47.49426
22772,8.31106,47.47667
22773,8.31106,47.49436
22774,8.31116,47.49446
22775,8.31125,47.51225
22776,8.31126,47.49456
22777,8.31135,47.51235
22778,8.31136,47.49466
22779,8.31145,47.51245
22780,8.31155,47.51255
22781,8.31155,47.53023
22782,8.31165,47.51265
22783,8.31165,47.53033
22784,8.31175,47.53043
22785,8.31184,47.54822
22786,8.31185,47.53053
22787,8.31194,47.54832
22788,8.31195,47.53063
22789,8.31204,47.54842
22790,8.31214,47.54852
22791,8.31214,47.5662
22792,8.31224,47.54862
22793,8.31224,47.5663
22794,8.31234,47.5664
22795,8.31243,47.58419
22796,8.31244,47.5665
22797,8.31253,47.58429
22798,8.31254,47.5666
22799,8.31263,47.58439
22800,8.31273,47.58449
22801,8.31283,47.58459
22802,8.32108,46.50467
22803,8.32118,46.50477
22804,8.32128,46.50487
22805,8.32137,46.52266
22806,8.32138,46.50497
22807,8.32147,46.52276
22808,8.32148,46.50507
22809,8.32157,46.52286
22810,8.32167,46.52296
22811,8.32177,46.52306
22812,8.32196,46.55864
22813,8.32206,46.55874
22814,8.32216,46.55884
22815,8.32225,46.57663
22816,8.32226,46.55894
22817,8.32235,46.57673
22818,8.32245,46.57683
22819,8.32255,46.57693
22820,8.32255,46.59462
22821,8.32265,46.57703
22822,8.32265,46.59472
22823,8.32275,46.59482
22824,8.32284,46.61261
22825,8.32285,46.59492
22826,8.32294,46.61271
22827,8.32304,46.61281
22828,8.32314,46.61291
22829,8.32431,46.70256
22830,8.32441,46.70266
22831,8.32451,46.70276
22832,8.32461,46.70286
22833,8.32461,46.72055
22834,8.32471,46.70296
22835,8.32471,46.72065
22836,8.32481,46.72075
22837,8.32491,46.72085
22838,8.32491,46.73854
22839,8.32501,46.72095
22840,8.32501,46.73864
22841,8.32511,46.73874
22842,8.3252,46.75653
22843,8.32521,46.73884
22844,8.3253,46.75663
22845,8.32531,46.73894
22846,8.3254,46.75673
22847,8.3255,46.75683
22848,8.3255,46.77452
22849,8.3256,46.75693
22850,8.3256,46.77462
22851,8.3257,46.77472
22852,8.32579,46.79251
22853,8.3258,46.77482
22854,8.3259,46.77492
22855,8.32609,46.8105
22856,8.32639,46.82849
22857,8.32649,46.82859
22858,8.32659,46.82869
22859,8.32668,46.84648
22860,8.32669,46.82879
22861,8.32678,46.84658
22862,8.32688,46.84668
22863,8.32698,46.84678
22864,8.32698,46.86447
22865,8.32708,46.84688
22866,8.32708,46.86457
22867,8.32718,46.86467
22868,8.32728,46.88246
22869,8.32738,46.88256
22870,8.32748,46.88266
22871,8.32757,46.90045
22872,8.32758,46.88276
22873,8.32767,46.90055
22874,8.32768,46.88286
22875,8.32777,46.90065
22876,8.32787,46.90075
22877,8.32787,46.91844
22878,8.32797,46.90085
22879,8.32797,46.91854
22880,8.32807,46.91864
22881,8.32817,46.91874
22882,8.32817,46.93643
22883,8.32827,46.91884
22884,8.32827,46.93653
22885,8.32837,46.93663
22886,8.32847,46.93673
22887,8.32847,46.95441
22888,8.32857,46.93683
22889,8.32857,46.95451
22890,8.32867,46.95461
22891,8.32876,46.9724
22892,8.32877,46.95471
22893,8.32886,46.9725
22894,8.32887,46.95481
22895,8.32896,46.9726
22896,8.32906,46.9727
22897,8.32906,46.99039
22898,8.32916,46.9728
22899,8.32936,47.00838
22900,8.32946,47.00848
22901,8.32956,47.00858
22902,8.32966,47.00868
22903,8.32966,47.02637
22904,8.32976,47.00878
22905,8.32976,47.02647
22906,8.32986,47.02657
22907,8.32996,47.02667
22908,8.32996,47.04436
22909,8.33006,47.02677
22910,8.33006,47.04446
22911,8.33016,47.04456
22912,8.33026,47.04466
22913,8.33026,47.06235
22914,8.33036,47.04476
22915,8.33036,47.06245
22916,8.33046,47.06255
22917,8.33056,47.06265
22918,8.33056,47.08034
22919,8.33066,47.06275
22920,8.33066,47.08044
22921,8.33076,47.08054
22922,8.33086,47.08064
22923,8.33086,47.09833
22924,8.33096,47.08074
22925,8.33096,47.09843
22926,8.33106,47.09853
22927,8.33116,47.09863
22928,8.33116,47.11631
22929,8.33126,47.09873
22930,8.33126,47.11641
22931,8.33136,47.11651
22932,8.33146,47.11661
22933,8.33146,47.1343
22934,8.33156,47.11671
22935,8.33156,47.1344
22936,8.33166,47.1345
22937,8.33176,47.1346
22938,8.33176,47.15229
22939,8.33186,47.1347
22940,8.33186,47.15239
22941,8.33196,47.15249
22942,8.33206,47.15259
22943,8.33206,47.17028
22944,8.33216,47.15269
22945,8.33216,47.17038
22946,8.33226,47.17048
22947,8.33236,47.17058
22948,8.33236,47.18827
22949,8.33246,47.17068
22950,8.33246,47.18837
22951,8.33256,47.18847
22952,8.33266,47.18857
22953,8.33266,47.20626
22954,8.33276,47.18867
22955,8.33276,47.20636
22956,8.33286,47.20646
22957,8.33296,47.20656
22958,8.33296,47.22424
22959,8.33306,47.20666
22960,8.33306,47.22434
22961,8.33316,47.22444
22962,8.33326,47.22454
22963,8.33326,47.24223
22964,8.33336,47.22464
22965,8.33336,47.24233
22966,8.33346,47.24243
22967,8.33356,47.24253
22968,8.33356,47.26022
22969,8.33366,47.24263
22970,8.33366,47.26032
22971,8.33376,47.26042
22972,8.33386,47.26052
22973,8.33386,47.27821
22974,8.33396,47.26062
22975,8.33396,47.27831
22976,8.33406,47.27841
22977,8.33416,47.27851
22978,8.33416,47.2962
22979,8.33426,47.27861
22980,8.33426,47.2963
22981,8.33436,47.2964
22982,8.33446,47.2965
22983,8.33447,47.31418
22984,8.33456,47.2966
22985,8.33457,47.31428
22986,8.33467,47.31438
22987,8.33477,47.31448
22988,8.33477,47.33217
22989,8.33487,47.31458
22990,8.33487,47.33227
22991,8.33497,47.33237
22992,8.33507,47.33247
22993,8.33507,47.35016
22994,8.33517,47.33257
22995,8.33517,47.35026
22996,8.33527,47.35036
22997,8.33537,47.35046
22998,8.33537,47.36815
22999,8.33547,47.35056
23000,8.33547,47.36825
23001,8.33557,47.36835
23002,8.33567,47.36845
23003,8.33567,47.38613
23004,8.33577,47.36855
23005,8.33577,47.38623
23006,8.33587,47.38633
23007,8.33597,47.38643
23008,8.33598,47.40412
23009,8.33607,47.38653
23010,8.33608,47.40422
23011,8.33618,47.40432
23012,8.33628,47.40442
23013,8.33628,47.42211
23014,8.33638,47.40452
23015,8.33638,47.42221
23016,8.33648,47.42231
23017,8.33658,47.42241
23018,8.33658,47.4401
23019,8.33668,47.42251
23020,8.33668,47.4402
23021,8.33678,47.4403
23022,8.33688,47.4404
23023,8.33689,47.45808
23024,8.33698,47.4405
23025,8.33699,47.45818
23026,8.33709,47.45828
23027,8.33719,47.45838
23028,8.33719,47.47607
23029,8.33729,47.45848
23030,8.33729,47.47617
23031,8.33739,47.47627
23032,8.33749,47.47637
23033,8.3375,47.49406
23034,8.33759,47.47647
23035,8.3376,47.49416
23036,8.3377,47.49426
23037,8.3378,47.49436
23038,8.3378,47.51204
23039,8.3379,47.49446
23040,8.3379,47.51214
23041,8.338,47.51224
23042,8.3381,47.51234
23043,8.3381,47.53003
23044,8.3382,47.51244
23045,8.3382,47.53013
23046,8.3383,47.53023
23047,8.3384,47.53033
23048,8.33841,47.54801
23049,8.3385,47.53043
23050,8.33851,47.54811
23051,8.33861,47.54821
23052,8.33871,47.54831
23053,8.33871,47.566
23054,8.33881,47.54841
23055,8.33881,47.5661
23056,8.33891,47.5662
23057,8.33901,47.5663
23058,8.33911,47.5664
23059,8.34744,46.52246
23060,8.34754,46.52256
23061,8.34764,46.52266
23062,8.34774,46.52276
23063,8.34774,46.54045
23064,8.34784,46.52286
23065,8.34784,46.54055
23066,8.34794,46.54065
23067,8.34804,46.54075
23068,8.34804,46.55844
23069,8.34814,46.54085
23070,8.34814,46.55854
23071,8.34824,46.55864
23072,8.34834,46.55874
23073,8.34834,46.57643
23074,8.34844,46.55884
23075,8.34925,46.6304
23076,8.35046,46.70235
23077,8.35077,46.72034
23078,8.35107,46.73833
23079,8.35117,46.73843
23080,8.35127,46.73853
23081,8.35137,46.73863
23082,8.35138,46.75632
23083,8.35147,46.73873
23084,8.35148,46.75642
23085,8.35168,46.77431
23086,8.35178,46.77441
23087,8.35188,46.77451
23088,8.35198,46.77461
23089,8.35208,46.77471
23090,8.35229,46.81029
23091,8.35239,46.81039
23092,8.35249,46.81049
23093,8.35259,46.81059
23094,8.3526,46.82828
23095,8.35269,46.81069
23096,8.3527,46.82838
23097,8.3528,46.82848
23098,8.3529,46.82858
23099,8.3529,46.84627
23100,8.353,46.82868
23101,8.353,46.84637
23102,8.3531,46.84647
23103,8.3532,46.84657
23104,8.35321,46.86426
23105,8.3533,46.84667
23106,8.35331,46.86436
23107,8.35341,46.86446
23108,8.35351,46.86456
23109,8.35351,46.88225
23110,8.35361,46.86466
23111,8.35361,46.88235
23112,8.35371,46.88245
23113,8.35381,46.88255
23114,8.35382,46.90024
23115,8.35391,46.88265
23116,8.35392,46.90034
23117,8.35402,46.90044
23118,8.35412,46.90054
23119,8.35413,46.91823
23120,8.35422,46.90064
23121,8.35423,46.91833
23122,8.35433,46.91843
23123,8.35443,46.91853
23124,8.35443,46.93622
23125,8.35453,46.91863
23126,8.35453,46.93632
23127,8.35463,46.93642
23128,8.35473,46.93652
23129,8.35474,46.95421
23130,8.35483,46.93662
23131,8.35484,46.95431
23132,8.35494,46.95441
23133,8.35504,46.95451
23134,8.35505,46.9722
23135,8.35514,46.95461
23136,8.35515,46.9723
23137,8.35525,46.9724
23138,8.35535,46.9725
23139,8.35535,46.99019
23140,8.35545,46.9726
23141,8.35545,46.99029
23142,8.35555,46.99039
23143,8.35565,46.99049
23144,8.35566,47.00817
23145,8.35575,46.99059
23146,8.35576,47.00827
23147,8.35586,47.00837
23148,8.35596,47.00847
23149,8.35597,47.02616
23150,8.35606,47.00857
23151,8.35607,47.02626
23152,8.35617,47.02636
23153,8.35627,47.02646
23154,8.35627,47.04415
23155,8.35637,47.02656
23156,8.35637,47.04425
23157,8.35647,47.04435
23158,8.35657,47.04445
23159,8.35658,47.06214
23160,8.35667,47.04455
23161,8.35668,47.06224
23162,8.35678,47.06234
23163,8.35688,47.06244
23164,8.35689,47.08013
23165,8.35698,47.06254
23166,8.35699,47.08023
23167,8.35709,47.08033
23168,8.35719,47.08043
23169,8.3572,47.09812
23170,8.35729,47.08053
23171,8.3573,47.09822
23172,8.3574,47.09832
23173,8.3575,47.09842
23174,8.35751,47.11611
23175,8.3576,47.09852
23176,8.35761,47.11621
23177,8.35771,47.11631
23178,8.35781,47.11641
23179,8.35782,47.1341
23180,8.35791,47.11651
23181,8.35792,47.1342
23182,8.35802,47.1343
23183,8.35812,47.1344
23184,8.35813,47.15208
23185,8.35822,47.1345
23186,8.35823,47.15218
23187,8.35833,47.15228
23188,8.35843,47.15238
23189,8.35843,47.17007
23190,8.35853,47.15248
23191,8.35853,47.17017
23192,8.35863,47.17027
23193,8.35873,47.17037
23194,8.35874,47.18806
23195,8.35883,47.17047
23196,8.35884,47.18816
23197,8.35894,47.18826
23198,8.35904,47.18836
23199,8.35905,47.20605
23200,8.35914,47.18846
23201,8.35915,47.20615
23202,8.35925,47.20625
23203,8.35935,47.20635
23204,8.35936,47.22404
23205,8.35945,47.20645
23206,8.35946,47.22414
23207,8.35956,47.22424
23208,8.35966,47.22434
23209,8.35967,47.24202
23210,8.35976,47.22444
23211,8.35977,47.24212
23212,8.35987,47.24222
23213,8.35997,47.24232
23214,8.35998,47.26001
23215,8.36007,47.24242
23216,8.36008,47.26011
23217,8.36018,47.26021
23218,8.36028,47.26031
23219,8.36029,47.278
23220,8.36038,47.26041
23221,8.36039,47.2781
23222,8.36049,47.2782
23223,8.36059,47.2783
23224,8.3606,47.29599
23225,8.36069,47.2784
23226,8.3607,47.29609
23227,8.3608,47.29619
23228,8.3609,47.29629
23229,8.36091,47.31398
23230,8.361,47.29639
23231,8.36101,47.31408
23232,8.36111,47.31418
23233,8.36121,47.31428
23234,8.36123,47.33196
23235,8.36131,47.31438
23236,8.36133,47.33206
23237,8.36143,47.33216
23238,8.36153,47.33226
23239,8.36154,47.34995
23240,8.36163,47.33236
23241,8.36164,47.35005
23242,8.36174,47.35015
23243,8.36184,47.35025
23244,8.36185,47.36794
23245,8.36194,47.35035
23246,8.36195,47.36804
23247,8.36205,47.36814
23248,8.36215,47.36824
23249,8.36216,47.38593
23250,8.36225,47.36834
23251,8.36226,47.38603
23252,8.36236,47.38613
23253,8.36246,47.38623
23254,8.36247,47.40391
23255,8.36256,47.38633
23256,8.36257,47.40401
23257,8.36267,47.40411
23258,8.36277,47.40421
23259,8.36278,47.4219
23260,8.36287,47.40431
23261,8.36288,47.422
23262,8.36298,47.4221
23263,8.36308,47.4222
23264,8.3631,47.43989
23265,8.36318,47.4223
23266,8.3632,47.43999
23267,8.3633,47.44009
23268,8.3634,47.44019
23269,8.36341,47.45787
23270,8.3635,47.44029
23271,8.36351,47.45797
23272,8.36361,47.45807
23273,8.36371,47.45817
23274,8.36372,47.47586
23275,8.36381,47.45827
23276,8.36382,47.47596
23277,8.36392,47.47606
23278,8.36402,47.47616
23279,8.36403,47.49385
23280,8.36412,47.47626
23281,8.36413,47.49395
23282,8.36423,47.49405
23283,8.36433,47.49415
23284,8.36435,47.51183
23285,8.36443,47.49425
23286,8.36445,47.51193
23287,8.36455,47.51203
23288,8.36465,47.51213
23289,8.36466,47.52982
23290,8.36475,47.51223
23291,8.36476,47.52992
23292,8.36486,47.53002
23293,8.36496,47.53012
23294,8.36497,47.54781
23295,8.36506,47.53022
23296,8.36507,47.54791
23297,8.36517,47.54801
23298,8.36527,47.54811
23299,8.36529,47.56579
23300,8.36537,47.54821
23301,8.36539,47.56589
23302,8.36549,47.56599
23303,8.36559,47.56609
23304,8.36569,47.56619
23305,8.3735,46.52224
23306,8.3736,46.52234
23307,8.3737,46.52244
23308,8.3738,46.52254
23309,8.37381,46.54023
23310,8.3739,46.52264
23311,8.37391,46.54033
23312,8.37401,46.54043
23313,8.37411,46.54053
23314,8.37412,46.55822
23315,8.37421,46.54063
23316,8.37422,46.55832
23317,8.37432,46.55842
23318,8.37442,46.55852
23319,8.37443,46.57621
23320,8.3763,46.68415
23321,8.37724,46.73812
23322,8.37734,46.73822
23323,8.37744,46.73832
23324,8.37754,46.73842
23325,8.37755,46.75611
23326,8.37764,46.73852
23327,8.37765,46.75621
23328,8.37775,46.75631
23329,8.37787,46.7741
23330,8.37797,46.7742
23331,8.37807,46.7743
23332,8.37817,46.7744
23333,8.37818,46.79209
23334,8.37827,46.7745
23335,8.37828,46.79219
23336,8.37838,46.79229
23337,8.37848,46.79239
23338,8.37849,46.81008
23339,8.37858,46.79249
23340,8.37859,46.81018
23341,8.37869,46.81028
23342,8.37879,46.81038
23343,8.37881,46.82807
23344,8.37889,46.81048
23345,8.37891,46.82817
23346,8.37901,46.82827
23347,8.37911,46.82837
23348,8.37912,46.84606
23349,8.37921,46.82847
23350,8.37922,46.84616
23351,8.37932,46.84626
23352,8.37942,46.84636
23353,8.37944,46.86405
23354,8.37952,46.84646
23355,8.37954,46.86415
23356,8.37964,46.86425
23357,8.37974,46.86435
23358,8.37975,46.88204
23359,8.37984,46.86445
23360,8.37985,46.88214
23361,8.37995,46.88224
23362,8.38005,46.88234
23363,8.38006,46.90003
23364,8.38015,46.88244
23365,8.38016,46.90013
23366,8.38026,46.90023
23367,8.38036,46.90033
23368,8.38038,46.91802
23369,8.38046,46.90043
23370,8.38048,46.91812
23371,8.38058,46.91822
23372,8.38068,46.91832
23373,8.3807,46.93601
23374,8.38078,46.91842
23375,8.3808,46.93611
23376,8.3809,46.93621
23377,8.381,46.93631
23378,8.38101,46.95399
23379,8.3811,46.93641
23380,8.38111,46.95409
23381,8.38121,46.95419
23382,8.38131,46.95429
23383,8.38133,46.97198
23384,8.38141,46.95439
23385,8.38143,46.97208
23386,8.38153,46.97218
23387,8.38163,46.97228
23388,8.38164,46.98997
23389,8.38173,46.97238
23390,8.38174,46.99007
23391,8.38184,46.99017
23392,8.38194,46.99027
23393,8.38196,47.00796
23394,8.38204,46.99037
23395,8.38206,47.00806
23396,8.38216,47.00816
23397,8.38226,47.00826
23398,8.38236,47.00836
23399,8.38259,47.04394
23400,8.38269,47.04404
23401,8.38279,47.04414
23402,8.38289,47.04424
23403,8.38291,47.06193
23404,8.38299,47.04434
23405,8.38301,47.06203
23406,8.38311,47.06213
23407,8.38321,47.06223
23408,8.38322,47.07992
23409,8.38331,47.06233
23410,8.38332,47.08002
23411,8.38342,47.08012
23412,8.38352,47.08022
23413,8.38354,47.0979
23414,8.38362,47.08032
23415,8.38364,47.098
23416,8.38374,47.0981
23417,8.38384,47.0982
23418,8.38386,47.11589
23419,8.38394,47.0983
23420,8.38396,47.11599
23421,8.38406,47.11609
23422,8.38416,47.11619
23423,8.38418,47.13388
23424,8.38426,47.11629
23425,8.38428,47.13398
23426,8.38438,47.13408
23427,8.38448,47.13418
23428,8.38449,47.15187
23429,8.38458,47.13428
23430,8.38459,47.15197
23431,8.38469,47.15207
23432,8.38479,47.15217
23433,8.38481,47.16986
23434,8.38489,47.15227
23435,8.38491,47.16996
23436,8.38501,47.17006
23437,8.38511,47.17016
23438,8.38513,47.18785
23439,8.38521,47.17026
23440,8.38523,47.18795
23441,8.38533,47.18805
23442,8.38543,47.18815
23443,8.38545,47.20583
23444,8.38553,47.18825
23445,8.38555,47.20593
23446,8.38565,47.20603
23447,8.38575,47.20613
23448,8.38577,47.22382
23449,8.38585,47.20623
23450,8.38587,47.22392
23451,8.38597,47.22402
23452,8.38607,47.22412
23453,8.38609,47.24181
23454,8.38617,47.22422
23455,8.38619,47.24191
23456,8.38629,47.24201
23457,8.38639,47.24211
23458,8.38641,47.2598
23459,8.38649,47.24221
23460,8.38651,47.2599
23461,8.38661,47.26
23462,8.38671,47.2601
23463,8.38672,47.27779
23464,8.38681,47.2602
23465,8.38682,47.27789
23466,8.38692,47.27799
23467,8.38702,47.27809
23468,8.38704,47.29577
23469,8.38712,47.27819
23470,8.38714,47.29587
23471,8.38724,47.29597
23472,8.38734,47.29607
23473,8.38736,47.31376
23474,8.38744,47.29617
23475,8.38746,47.31386
23476,8.38756,47.31396
23477,8.38766,47.31406
23478,8.38768,47.33175
23479,8.38776,47.31416
23480,8.38778,47.33185
23481,8.38788,47.33195
23482,8.38798,47.33205
23483,8.388,47.34974
23484,8.38808,47.33215
23485,8.3881,47.34984
23486,8.3882,47.34994
23487,8.3883,47.35004
23488,8.38832,47.36772
23489,8.3884,47.35014
23490,8.38842,47.36782
23491,8.38852,47.36792
23492,8.38862,47.36802
23493,8.38864,47.38571
23494,8.38872,47.36812
23495,8.38874,47.38581
23496,8.38884,47.38591
23497,8.38894,47.38601
23498,8.38897,47.4037
23499,8.38904,47.38611
23500,8.38907,47.4038
23501,8.38917,47.4039
23502,8.38927,47.404
23503,8.38929,47.42168
23504,8.38937,47.4041
23505,8.38939,47.42178
23506,8.38949,47.42188
23507,8.38959,47.42198
23508,8.38961,47.43967
23509,8.38969,47.42208
23510,8.38971,47.43977
23511,8.38981,47.43987
23512,8.38991,47.43997
23513,8.38993,47.45766
23514,8.39001,47.44007
23515,8.39003,47.45776
23516,8.39013,47.45786
23517,8.39023,47.45796
23518,8.39025,47.47564
23519,8.39033,47.45806
23520,8.39035,47.47574
23521,8.39045,47.47584
23522,8.39055,47.47594
23523,8.39057,47.49363
23524,8.39065,47.47604
23525,8.39067,47.49373
23526,8.39077,47.49383
23527,8.39087,47.49393
23528,8.39089,47.51162
23529,8.39097,47.49403
23530,8.39099,47.51172
23531,8.39109,47.51182
23532,8.39119,47.51192
23533,8.39122,47.5296
23534,8.39129,47.51202
23535,8.39132,47.5297
23536,8.39142,47.5298
23537,8.39152,47.5299
23538,8.39154,47.54759
23539,8.39162,47.53
23540,8.39164,47.54769
23541,8.39174,47.54779
23542,8.39184,47.54789
23543,8.39186,47.56558
23544,8.39194,47.54799
23545,8.39196,47.56568
23546,8.39206,47.56578
23547,8.39216,47.56588
23548,8.39219,47.58356
23549,8.39226,47.56598
23550,8.39413,47.69148
23551,8.39423,47.69158
23552,8.39433,47.69168
23553,8.39443,47.69178
23554,8.39453,47.69188
23555,8.3986,46.46806
23556,8.39892,46.48605
23557,8.39902,46.48615
23558,8.40052,46.576
23559,8.40062,46.5761
23560,8.40072,46.5762
23561,8.40082,46.5763
23562,8.40092,46.5764
23563,8.40276,46.70192
23564,8.40308,46.71991
23565,8.40341,46.7379
23566,8.40351,46.738
23567,8.40361,46.7381
23568,8.40405,46.77388
23569,8.40437,46.79187
23570,8.40447,46.79197
23571,8.40457,46.79207
23572,8.40467,46.79217
23573,8.40469,46.80986
23574,8.40477,46.79227
23575,8.40479,46.80996
23576,8.40489,46.81006
23577,8.40499,46.81016
23578,8.40502,46.82785
23579,8.40509,46.81026
23580,8.40512,46.82795
23581,8.40522,46.82805
23582,8.40532,46.82815
23583,8.40534,46.84584
23584,8.40542,46.82825
23585,8.40544,46.84594
23586,8.40554,46.84604
23587,8.40564,46.84614
23588,8.40566,46.86383
23589,8.40574,46.84624
23590,8.40576,46.86393
23591,8.40599,46.88182
23592,8.40609,46.88192
23593,8.40619,46.88202
23594,8.40629,46.88212
23595,8.40631,46.89981
23596,8.40639,46.88222
23597,8.40641,46.89991
23598,8.40651,46.90001
23599,8.40661,46.90011
23600,8.40663,46.9178
23601,8.40671,46.90021
23602,8.40673,46.9179
23603,8.40683,46.918
23604,8.40693,46.9181
23605,8.40696,46.93579
23606,8.40703,46.9182
23607,8.40706,46.93589
23608,8.40716,46.93599
23609,8.40726,46.93609
23610,8.40728,46.95378
23611,8.40736,46.93619
23612,8.40738,46.95388
23613,8.40748,46.95398
23614,8.40758,46.95408
23615,8.40761,46.97176
23616,8.40768,46.95418
23617,8.40771,46.97186
23618,8.40781,46.97196
23619,8.40791,46.97206
23620,8.40793,46.98975
23621,8.40801,46.97216
23622,8.40803,46.98985
23623,8.40813,46.98995
23624,8.40823,46.99005
23625,8.40826,47.00774
23626,8.40833,46.99015
23627,8.40836,47.00784
23628,8.40846,47.00794
23629,8.40856,47.00804
23630,8.40858,47.02573
23631,8.40868,47.02583
23632,8.40878,47.02593
23633,8.40888,47.02603
23634,8.40891,47.04372
23635,8.40898,47.02613
23636,8.40901,47.04382
23637,8.40911,47.04392
23638,8.40921,47.04402
23639,8.40923,47.06171
23640,8.40931,47.04412
23641,8.40933,47.06181
23642,8.40943,47.06191
23643,8.40953,47.06201
23644,8.40956,47.0797
23645,8.40963,47.06211
23646,8.40966,47.0798
23647,8.40976,47.0799
23648,8.40986,47.08
23649,8.40988,47.09768
23650,8.40996,47.0801
23651,8.40998,47.09778
23652,8.41008,47.09788
23653,8.41018,47.09798
23654,8.41021,47.11567
23655,8.41028,47.09808
23656,8.41031,47.11577
23657,8.41041,47.11587
23658,8.41051,47.11597
23659,8.41054,47.13366
23660,8.41061,47.11607
23661,8.41064,47.13376
23662,8.41074,47.13386
23663,8.41084,47.13396
23664,8.41086,47.15165
23665,8.41094,47.13406
23666,8.41096,47.15175
23667,8.41106,47.15185
23668,8.41116,47.15195
23669,8.41119,47.16964
23670,8.41126,47.15205
23671,8.41129,47.16974
23672,8.41139,47.16984
23673,8.41149,47.16994
23674,8.41152,47.18763
23675,8.41159,47.17004
23676,8.41162,47.18773
23677,8.41172,47.18783
23678,8.41182,47.18793
23679,8.41184,47.20561
23680,8.41192,47.18803
23681,8.41194,47.20571
23682,8.41204,47.20581
23683,8.41214,47.20591
23684,8.41217,47.2236
23685,8.41224,47.20601
23686,8.41227,47.2237
23687,8.41237,47.2238
23688,8.41247,47.2239
23689,8.4125,47.24159
23690,8.41257,47.224
23691,8.4126,47.24169
23692,8.4127,47.24179
23693,8.4128,47.24189
23694,8.41283,47.25958
23695,8.4129,47.24199
23696,8.41293,47.25968
23697,8.41303,47.25978
23698,8.41313,47.25988
23699,8.41316,47.27757
23700,8.41323,47.25998
23701,8.41326,47.27767
23702,8.41336,47.27777
23703,8.41346,47.27787
23704,8.41348,47.29555
23705,8.41356,47.27797
23706,8.41358,47.29565
23707,8.41368,47.29575
23708,8.41378,47.29585
23709,8.41381,47.31354
23710,8.41388,47.29595
23711,8.41391,47.31364
23712,8.41401,47.31374
23713,8.41411,47.31384
23714,8.41414,47.33153
23715,8.41421,47.31394
23716,8.41424,47.33163
23717,8.41434,47.33173
23718,8.41444,47.33183
23719,8.41447,47.34952
23720,8.41454,47.33193
23721,8.41457,47.34962
23722,8.41467,47.34972
23723,8.41477,47.34982
23724,8.4148,47.3675
23725,8.41487,47.34992
23726,8.4149,47.3676
23727,8.415,47.3677
23728,8.4151,47.3678
23729,8.41513,47.38549
23730,8.4152,47.3679
23731,8.41523,47.38559
23732,8.41533,47.38569
23733,8.41543,47.38579
23734,8.41546,47.40348
23735,8.41553,47.38589
23736,8.41556,47.40358
23737,8.41566,47.40368
23738,8.41576,47.40378
23739,8.41579,47.42146
23740,8.41586,47.40388
23741,8.41589,47.42156
23742,8.41599,47.42166
23743,8.41609,47.42176
23744,8.41612,47.43945
23745,8.41619,47.42186
23746,8.41622,47.43955
23747,8.41632,47.43965
23748,8.41642,47.43975
23749,8.41645,47.45744
23750,8.41652,47.43985
23751,8.41655,47.45754
23752,8.41665,47.45764
23753,8.41675,47.45774
23754,8.41678,47.47542
23755,8.41685,47.45784
23756,8.41688,47.47552
23757,8.41698,47.47562
23758,8.41708,47.47572
23759,8.41711,47.49341
23760,8.41718,47.47582
23761,8.41721,47.49351
23762,8.41731,47.49361
23763,8.41741,47.49371
23764,8.41744,47.5114
23765,8.41751,47.49381
23766,8.41754,47.5115
23767,8.41764,47.5116
23768,8.41774,47.5117
23769,8.41777,47.52938
23770,8.41784,47.5118
23771,8.41787,47.52948
23772,8.41797,47.52958
23773,8.41807,47.52968
23774,8.41811,47.54737
23775,8.41817,47.52978
23776,8.41821,47.54747
23777,8.41831,47.54757
23778,8.41841,47.54767
23779,8.41844,47.56535
23780,8.41851,47.54777
23781,8.41854,47.56545
23782,8.41864,47.56555
23783,8.41874,47.56565
23784,8.41877,47.58334
23785,8.41884,47.56575
23786,8.4201,47.65528
23787,8.4202,47.65538
23788,8.4203,47.65548
23789,8.4204,47.65558
23790,8.42043,47.67327
23791,8.4205,47.65568
23792,8.42053,47.67337
23793,8.42063,47.67347
23794,8.42073,47.67357
23795,8.42077,47.69125
23796,8.42083,47.67367
23797,8.42087,47.69135
23798,8.42097,47.69145
23799,8.42107,47.69155
23800,8.4211,47.70924
23801,8.42117,47.69165
23802,8.42464,46.46783
23803,8.42474,46.46793
23804,8.42484,46.46803
23805,8.42494,46.46813
23806,8.42497,46.48582
23807,8.42504,46.46823
23808,8.42628,46.55778
23809,8.42661,46.57577
23810,8.42671,46.57587
23811,8.42681,46.57597
23812,8.42691,46.57607
23813,8.42694,46.59376
23814,8.42701,46.57617
23815,8.42825,46.66572
23816,8.42957,46.73768
23817,8.42967,46.73778
23818,8.43023,46.77366
23819,8.43033,46.77376
23820,8.43043,46.77386
23821,8.43056,46.79165
23822,8.4309,46.80964
23823,8.431,46.80974
23824,8.4311,46.80984
23825,8.4312,46.80994
23826,8.43123,46.82763
23827,8.4313,46.81004
23828,8.43133,46.82773
23829,8.43143,46.82783
23830,8.43153,46.82793
23831,8.43156,46.84562
23832,8.43163,46.82803
23833,8.43166,46.84572
23834,8.43176,46.84582
23835,8.43186,46.84592
23836,8.43189,46.8636
23837,8.43196,46.84602
23838,8.43199,46.8637
23839,8.43209,46.8638
23840,8.43219,46.8639
23841,8.43222,46.88159
23842,8.43229,46.864
23843,8.43232,46.88169
23844,8.43242,46.88179
23845,8.43252,46.88189
23846,8.43256,46.89958
23847,8.43262,46.88199
23848,8.43266,46.89968
23849,8.43276,46.89978
23850,8.43286,46.89988
23851,8.43289,46.91757
23852,8.43296,46.89998
23853,8.43299,46.91767
23854,8.43309,46.91777
23855,8.43319,46.91787
23856,8.43322,46.93556
23857,8.43329,46.91797
23858,8.43332,46.93566
23859,8.43342,46.93576
23860,8.43352,46.93586
23861,8.43355,46.95355
23862,8.43362,46.93596
23863,8.43365,46.95365
23864,8.43375,46.95375
23865,8.43385,46.95385
23866,8.43389,46.97154
23867,8.43395,46.95395
23868,8.43399,46.97164
23869,8.43409,46.97174
23870,8.43419,46.97184
23871,8.43422,46.98953
23872,8.43429,46.97194
23873,8.43432,46.98963
23874,8.43442,46.98973
23875,8.43452,46.98983
23876,8.43455,47.00752
23877,8.43462,46.98993
23878,8.43465,47.00762
23879,8.43475,47.00772
23880,8.43485,47.00782
23881,8.43489,47.02551
23882,8.43499,47.02561
23883,8.43509,47.02571
23884,8.43519,47.02581
23885,8.43522,47.04349
23886,8.43529,47.02591
23887,8.43532,47.04359
23888,8.43542,47.04369
23889,8.43552,47.04379
23890,8.43556,47.06148
23891,8.43562,47.04389
23892,8.43566,47.06158
23893,8.43576,47.06168
23894,8.43586,47.06178
23895,8.43589,47.07947
23896,8.43596,47.06188
23897,8.43599,47.07957
23898,8.43609,47.07967
23899,8.43619,47.07977
23900,8.43623,47.09746
23901,8.43629,47.07987
23902,8.43633,47.09756
23903,8.43643,47.09766
23904,8.43653,47.09776
23905,8.43656,47.11545
23906,8.43663,47.09786
23907,8.43666,47.11555
23908,8.43676,47.11565
23909,8.43686,47.11575
23910,8.4369,47.13344
23911,8.43696,47.11585
23912,8.437,47.13354
23913,8.4371,47.13364
23914,8.4372,47.13374
23915,8.43723,47.15142
23916,8.4373,47.13384
23917,8.43733,47.15152
23918,8.43743,47.15162
23919,8.43753,47.15172
23920,8.43757,47.16941
23921,8.43763,47.15182
23922,8.43767,47.16951
23923,8.43777,47.16961
23924,8.43787,47.16971
23925,8.4379,47.1874
23926,8.43797,47.16981
23927,8.438,47.1875
23928,8.4381,47.1876
23929,8.4382,47.1877
23930,8.43824,47.20539
23931,8.4383,47.1878
23932,8.43834,47.20549
23933,8.43844,47.20559
23934,8.43854,47.20569
23935,8.43858,47.22338
23936,8.43864,47.20579
23937,8.43868,47.22348
23938,8.43878,47.22358
23939,8.43888,47.22368
23940,8.43891,47.24136
23941,8.43898,47.22378
23942,8.43901,47.24146
23943,8.43911,47.24156
23944,8.43921,47.24166
23945,8.43925,47.25935
23946,8.43931,47.24176
23947,8.43935,47.25945
23948,8.43945,47.25955
23949,8.43955,47.25965
23950,8.43959,47.27734
23951,8.43965,47.25975
23952,8.43969,47.27744
23953,8.43979,47.27754
23954,8.43989,47.27764
23955,8.43992,47.29533
23956,8.43999,47.27774
23957,8.44002,47.29543
23958,8.44012,47.29553
23959,8.44022,47.29563
23960,8.44026,47.31331
23961,8.44032,47.29573
23962,8.44036,47.31341
23963,8.44046,47.31351
23964,8.44056,47.31361
23965,8.4406,47.3313
23966,8.44066,47.31371
23967,8.4407,47.3314
23968,8.4408,47.3315
23969,8.4409,47.3316
23970,8.44094,47.34929
23971,8.441,47.3317
23972,8.44104,47.34939
23973,8.44114,47.34949
23974,8.44124,47.34959
23975,8.44128,47.36728
23976,8.44134,47.34969
23977,8.44138,47.36738
23978,8.44148,47.36748
23979,8.44158,47.36758
23980,8.44161,47.38526
23981,8.44168,47.36768
23982,8.44171,47.38536
23983,8.44181,47.38546
23984,8.44191,47.38556
23985,8.44195,47.40325
23986,8.44201,47.38566
23987,8.44205,47.40335
23988,8.44215,47.40345
23989,8.44225,47.40355
23990,8.44229,47.42124
23991,8.44235,47.40365
23992,8.44239,47.42134
23993,8.44249,47.42144
23994,8.44259,47.42154
23995,8.44263,47.43922
23996,8.44269,47.42164
23997,8.44273,47.43932
23998,8.44283,47.43942
23999,8.44293,47.43952
24000,8.44297,47.45721
24001,8.44303,47.43962
24002,8.44307,47.45731
24003,8.44317,47.45741
24004,8.44327,47.45751
24005,8.44331,47.4752
24006,8.44337,47.45761
24007,8.44341,47.4753
24008,8.44351,47.4754
24009,8.44361,47.4755
24010,8.44365,47.49318
24011,8.44371,47.4756
24012,8.44375,47.49328
24013,8.44385,47.49338
24014,8.44395,47.49348
24015,8.44399,47.51117
24016,8.44405,47.49358
24017,8.44409,47.51127
24018,8.44419,47.51137
24019,8.44429,47.51147
24020,8.44433,47.52916
24021,8.44439,47.51157
24022,8.44443,47.52926
24023,8.44453,47.52936
24024,8.44463,47.52946
24025,8.44467,47.54714
24026,8.44473,47.52956
24027,8.44477,47.54724
24028,8.44487,47.54734
24029,8.44497,47.54744
24030,8.44501,47.56513
24031,8.44507,47.54754
24032,8.44511,47.56523
24033,8.44521,47.56533
24034,8.44531,47.56543
24035,8.44541,47.56553
24036,8.44569,47.6011
24037,8.44672,47.65506
24038,8.44682,47.65516
24039,8.44692,47.65526
24040,8.44702,47.65536
24041,8.44706,47.67304
24042,8.44712,47.65546
24043,8.44716,47.67314
24044,8.44726,47.67324
24045,8.44733,46.28771
24046,8.44736,47.67334
24047,8.4474,47.69103
24048,8.44743,46.28781
24049,8.44746,47.67344
24050,8.4475,47.69113
24051,8.4476,47.69123
24052,8.4477,47.69133
24053,8.44775,47.70901
24054,8.4478,47.69143
24055,8.44785,47.70911
24056,8.44795,47.70921
24057,8.44805,47.70931
24058,8.44809,47.727
24059,8.44815,47.70941
24060,8.44819,47.7271
24061,8.44829,47.7272
24062,8.44839,47.7273
24063,8.44843,47.74498
24064,8.44849,47.7274
24065,8.44853,47.74508
24066,8.44863,47.74518
24067,8.44873,47.74528
24068,8.44883,47.74538
24069,8.45068,46.46761
24070,8.45101,46.4856
24071,8.45111,46.4857
24072,8.45303,46.59353
24073,8.45313,46.59363
24074,8.45323,46.59373
24075,8.45333,46.59383
24076,8.45337,46.61152
24077,8.45405,46.6475
24078,8.45415,46.6476
24079,8.4554,46.71946
24080,8.4555,46.71956
24081,8.45574,46.73745
24082,8.45584,46.73755
24083,8.45594,46.73765
24084,8.45608,46.75544
24085,8.45618,46.75554
24086,8.45676,46.79142
24087,8.45686,46.79152
24088,8.45696,46.79162
24089,8.45706,46.79172
24090,8.4571,46.80941
24091,8.45716,46.79182
24092,8.4572,46.80951
24093,8.4573,46.80961
24094,8.4574,46.80971
24095,8.4575,46.80981
24096,8.45778,46.84539
24097,8.45788,46.84549
24098,8.45812,46.86337
24099,8.45822,46.86347
24100,8.45832,46.86357
24101,8.45842,46.86367
24102,8.45846,46.88136
24103,8.45852,46.86377
24104,8.45856,46.88146
24105,8.45866,46.88156
24106,8.45876,46.88166
24107,8.45886,46.88176
24108,8.45914,46.91734
24109,8.45924,46.91744
24110,8.45934,46.91754
24111,8.45944,46.91764
24112,8.45948,46.93533
24113,8.45954,46.91774
24114,8.45958,46.93543
24115,8.45968,46.93553
24116,8.45978,46.93563
24117,8.45983,46.95332
24118,8.45988,46.93573
24119,8.45993,46.95342
24120,8.46003,46.95352
24121,8.46013,46.95362
24122,8.46017,46.97131
24123,8.46023,46.95372
24124,8.46027,46.97141
24125,8.46037,46.97151
24126,8.46047,46.97161
24127,8.46051,46.9893
24128,8.46057,46.97171
24129,8.46061,46.9894
24130,8.46119,47.02527
24131,8.46129,47.02537
24132,8.46139,47.02547
24133,8.46149,47.02557
24134,8.46154,47.04326
24135,8.46159,47.02567
24136,8.46164,47.04336
24137,8.46174,47.04346
24138,8.46184,47.04356
24139,8.46188,47.06125
24140,8.46194,47.04366
24141,8.46198,47.06135
24142,8.46208,47.06145
24143,8.46218,47.06155
24144,8.46222,47.07924
24145,8.46228,47.06165
24146,8.46232,47.07934
24147,8.46242,47.07944
24148,8.46252,47.07954
24149,8.46257,47.09723
24150,8.46262,47.07964
24151,8.46267,47.09733
24152,8.46277,47.09743
24153,8.46287,47.09753
24154,8.46291,47.11522
24155,8.46297,47.09763
24156,8.46301,47.11532
24157,8.46311,47.11542
24158,8.46321,47.11552
24159,8.46326,47.1332
24160,8.46331,47.11562
24161,8.46336,47.1333
24162,8.46346,47.1334
24163,8.46356,47.1335
24164,8.4636,47.15119
24165,8.46366,47.1336
24166,8.4637,47.15129
24167,8.4638,47.15139
24168,8.4639,47.15149
24169,8.46395,47.16918
24170,8.464,47.15159
24171,8.46405,47.16928
24172,8.46415,47.16938
24173,8.46425,47.16948
24174,8.46429,47.18717
24175,8.46435,47.16958
24176,8.46439,47.18727
24177,8.46449,47.18737
24178,8.46459,47.18747
24179,8.46463,47.20516
24180,8.46469,47.18757
24181,8.46473,47.20526
24182,8.46483,47.20536
24183,8.46493,47.20546
24184,8.46498,47.22314
24185,8.46503,47.20556
24186,8.46508,47.22324
24187,8.46518,47.22334
24188,8.46528,47.22344
24189,8.46533,47.24113
24190,8.46538,47.22354
24191,8.46543,47.24123
24192,8.46553,47.24133
24193,8.46563,47.24143
24194,8.46567,47.25912
24195,8.46573,47.24153
24196,8.46577,47.25922
24197,8.46587,47.25932
24198,8.46597,47.25942
24199,8.46602,47.27711
24200,8.46607,47.25952
24201,8.46612,47.27721
24202,8.46622,47.27731
24203,8.46632,47.27741
24204,8.46636,47.29509
24205,8.46642,47.27751
24206,8.46646,47.29519
24207,8.46656,47.29529
24208,8.46666,47.29539
24209,8.46671,47.31308
24210,8.46676,47.29549
24211,8.46681,47.31318
24212,8.46691,47.31328
24213,8.46701,47.31338
24214,8.46706,47.33107
24215,8.46711,47.31348
24216,8.46716,47.33117
24217,8.46726,47.33127
24218,8.46736,47.33137
24219,8.4674,47.34906
24220,8.46746,47.33147
24221,8.4675,47.34916
24222,8.4676,47.34926
24223,8.4677,47.34936
24224,8.46775,47.36704
24225,8.4678,47.34946
24226,8.46785,47.36714
24227,8.46795,47.36724
24228,8.46805,47.36734
24229,8.4681,47.38503
24230,8.46815,47.36744
24231,8.4682,47.38513
24232,8.4683,47.38523
24233,8.4684,47.38533
24234,8.46845,47.40302
24235,8.4685,47.38543
24236,8.46855,47.40312
24237,8.46865,47.40322
24238,8.46875,47.40332
24239,8.46879,47.421
24240,8.46885,47.40342
24241,8.46889,47.4211
24242,8.46899,47.4212
24243,8.46909,47.4213
24244,8.46914,47.43899
24245,8.46919,47.4214
24246,8.46924,47.43909
24247,8.46934,47.43919
24248,8.46944,47.43929
24249,8.46949,47.45698
24250,8.46954,47.43939
24251,8.46959,47.45708
24252,8.46969,47.45718
24253,8.46979,47.45728
24254,8.46984,47.47496
24255,8.46989,47.45738
24256,8.46994,47.47506
24257,8.47004,47.47516
24258,8.47014,47.47526
24259,8.47019,47.49295
24260,8.47024,47.47536
24261,8.47029,47.49305
24262,8.47039,47.49315
24263,8.47049,47.49325
24264,8.47054,47.51094
24265,8.47059,47.49335
24266,8.47064,47.51104
24267,8.47074,47.51114
24268,8.47084,47.51124
24269,8.47089,47.52892
24270,8.47094,47.51134
24271,8.47099,47.52902
24272,8.47109,47.52912
24273,8.47119,47.52922
24274,8.47124,47.54691
24275,8.47129,47.52932
24276,8.47134,47.54701
24277,8.47144,47.54711
24278,8.47154,47.54721
24279,8.47159,47.56489
24280,8.47164,47.54731
24281,8.47169,47.56499
24282,8.47179,47.56509
24283,8.47189,47.56519
24284,8.47194,47.58288
24285,8.47199,47.56529
24286,8.47204,47.58298
24287,8.47214,47.58308
24288,8.47224,47.58318
24289,8.47229,47.60086
24290,8.47234,47.58328
24291,8.47239,47.60096
24292,8.47249,47.60106
24293,8.47259,46.25149
24294,8.47259,47.60116
24295,8.47264,47.61885
24296,8.47269,47.60126
24297,8.47294,46.26948
24298,8.47299,47.63684
24299,8.47304,46.26958
24300,8.47328,46.28747
24301,8.47334,47.65482
24302,8.47338,46.28757
24303,8.47344,47.65492
24304,8.47348,46.28767
24305,8.47354,47.65502
24306,8.47358,46.28777
24307,8.47362,46.30546
24308,8.47364,47.65512
24309,8.47368,46.28787
24310,8.47369,47.67281
24311,8.47372,46.30556
24312,8.47374,47.65522
24313,8.47379,47.67291
24314,8.47382,46.30566
24315,8.47389,47.67301
24316,8.47392,46.30576
24317,8.47396,46.32345
24318,8.47399,47.67311
24319,8.47402,46.30586
24320,8.47404,47.69079
24321,8.47406,46.32355
24322,8.47409,47.67321
24323,8.47414,47.69089
24324,8.47416,46.32365
24325,8.47424,47.69099
24326,8.47426,46.32375
24327,8.47434,47.69109
24328,8.47436,46.32385
24329,8.47439,47.70878
24330,8.47444,47.69119
24331,8.47449,47.70888
24332,8.47459,47.70898
24333,8.47469,47.70908
24334,8.47474,47.72676
24335,8.47479,47.70918
24336,8.47484,47.72686
24337,8.47494,47.72696
24338,8.47504,47.72706
24339,8.4751,47.74475
24340,8.47514,47.72716
24341,8.4752,47.74485
24342,8.4753,47.74495
24343,8.47533,46.39541
24344,8.4754,47.74505
24345,8.47545,47.76273
24346,8.4755,47.74515
24347,8.47555,47.76283
24348,8.47565,47.76293
24349,8.47575,47.76303
24350,8.47585,47.76313
24351,8.47671,46.46737
24352,8.47681,46.46747
24353,8.47691,46.46757
24354,8.47706,46.48536
24355,8.47716,46.48546
24356,8.47726,46.48556
24357,8.47736,46.48566
24358,8.4774,46.50335
24359,8.47746,46.48576
24360,8.47809,46.53933
24361,8.47878,46.57531
24362,8.47888,46.57541
24363,8.47898,46.57551
24364,8.47908,46.57561
24365,8.47913,46.5933
24366,8.47918,46.57571
24367,8.47923,46.5934
24368,8.47933,46.5935
24369,8.47943,46.5936
24370,8.47953,46.5937
24371,8.48051,46.66526
24372,8.48086,46.68325
24373,8.4819,46.73721
24374,8.48225,46.7552
24375,8.48295,46.79118
24376,8.48305,46.79128
24377,8.48315,46.79138
24378,8.4833,46.80917
24379,8.4834,46.80927
24380,8.4835,46.80937
24381,8.4836,46.80947
24382,8.4837,46.80957
24383,8.48435,46.86314
24384,8.4847,46.88113
24385,8.4848,46.88123
24386,8.4849,46.88133
24387,8.485,46.88143
24388,8.48505,46.89912
24389,8.4851,46.88153
24390,8.48515,46.89922
24391,8.48525,46.89932
24392,8.48535,46.89942
24393,8.4854,46.9171
24394,8.48545,46.89952
24395,8.4855,46.9172
24396,8.4856,46.9173
24397,8.4857,46.9174
24398,8.48575,46.93509
24399,8.4858,46.9175
24400,8.48585,46.93519
24401,8.48595,46.93529
24402,8.48605,46.93539
24403,8.4861,46.95308
24404,8.48615,46.93549
24405,8.4862,46.95318
24406,8.4863,46.95328
24407,8.4864,46.95338
24408,8.48645,46.97107
24409,8.4865,46.95348
24410,8.48655,46.97117
24411,8.48665,46.97127
24412,8.48675,46.97137
24413,8.4868,46.98906
24414,8.48685,46.97147
24415,8.4869,46.98916
24416,8.487,46.98926
24417,8.4871,46.98936
24418,8.48715,47.00705
24419,8.4872,46.98946
24420,8.48725,47.00715
24421,8.48735,47.00725
24422,8.48745,47.00735
24423,8.4875,47.02504
24424,8.48755,47.00745
24425,8.4876,47.02514
24426,8.4877,47.02524
24427,8.4878,47.02534
24428,8.48785,47.04302
24429,8.4879,47.02544
24430,8.48795,47.04312
24431,8.48805,47.04322
24432,8.48815,47.04332
24433,8.4882,47.06101
24434,8.48825,47.04342
24435,8.4883,47.06111
24436,8.4884,47.06121
24437,8.4885,47.06131
24438,8.48856,47.079
24439,8.4886,47.06141
24440,8.48866,47.0791
24441,8.48876,47.0792
24442,8.48886,47.0793
24443,8.48896,47.0794
24444,8.48926,47.11498
24445,8.48936,47.11508
24446,8.48946,47.11518
24447,8.48956,47.11528
24448,8.48962,47.13297
24449,8.48966,47.11538
24450,8.48972,47.13307
24451,8.48982,47.13317
24452,8.48992,47.13327
24453,8.49002,47.13337
24454,8.49032,47.16894
24455,8.49042,47.16904
24456,8.49052,47.16914
24457,8.49062,47.16924
24458,8.49068,47.18693
24459,8.49072,47.16934
24460,8.49078,47.18703
24461,8.49088,47.18713
24462,8.49098,47.18723
24463,8.49103,47.20492
24464,8.49108,47.18733
24465,8.49113,47.20502
24466,8.49123,47.20512
24467,8.49133,47.20522
24468,8.49138,47.22291
24469,8.49143,47.20532
24470,8.49148,47.22301
24471,8.49158,47.22311
24472,8.49168,47.22321
24473,8.49174,47.24089
24474,8.49178,47.22331
24475,8.49184,47.24099
24476,8.49194,47.24109
24477,8.49204,47.24119
24478,8.49209,47.25888
24479,8.49214,47.24129
24480,8.49219,47.25898
24481,8.49229,47.25908
24482,8.49239,47.25918
24483,8.49245,47.27687
24484,8.49249,47.25928
24485,8.49255,47.27697
24486,8.49265,47.27707
24487,8.49275,47.27717
24488,8.4928,47.29486
24489,8.49285,47.27727
24490,8.4929,47.29496
24491,8.493,47.29506
24492,8.4931,47.29516
24493,8.49316,47.31284
24494,8.4932,47.29526
24495,8.49326,47.31294
24496,8.49336,47.31304
24497,8.49346,47.31314
24498,8.49351,47.33083
24499,8.49356,47.31324
24500,8.49361,47.33093
24501,8.49371,47.33103
24502,8.49381,47.33113
24503,8.49387,47.34882
24504,8.49391,47.33123
24505,8.49397,47.34892
24506,8.49407,47.34902
24507,8.49417,47.34912
24508,8.49423,47.3668
24509,8.49427,47.34922
24510,8.49433,47.3669
24511,8.49443,47.367
24512,8.49453,47.3671
24513,8.49458,47.38479
24514,8.49463,47.3672
24515,8.49468,47.38489
24516,8.49478,47.38499
24517,8.49488,47.38509
24518,8.49494,47.40278
24519,8.49498,47.38519
24520,8.49504,47.40288
24521,8.49514,47.40298
24522,8.49524,47.40308
24523,8.4953,47.42076
24524,8.49534,47.40318
24525,8.4954,47.42086
24526,8.4955,47.42096
24527,8.4956,47.42106
24528,8.49565,47.43875
24529,8.4957,47.42116
24530,8.49575,47.43885
24531,8.49585,47.43895
24532,8.49595,47.43905
24533,8.49601,47.45674
24534,8.49605,47.43915
24535,8.49611,47.45684
24536,8.49621,47.45694
24537,8.49631,47.45704
24538,8.49637,47.47472
24539,8.49641,47.45714
24540,8.49647,47.47482
24541,8.49657,47.47492
24542,8.49667,47.47502
24543,8.49673,47.49271
24544,8.49677,47.47512
24545,8.49683,47.49281
24546,8.49693,47.49291
24547,8.49703,47.49301
24548,8.49708,47.5107
24549,8.49713,47.49311
24550,8.49718,47.5108
24551,8.49728,47.5109
24552,8.49738,47.511
24553,8.49744,47.52868
24554,8.49748,47.5111
24555,8.49754,47.52878
24556,8.49764,47.52888
24557,8.49774,47.52898
24558,8.4978,47.54667
24559,8.49784,47.52908
24560,8.4979,47.54677
24561,8.498,47.54687
24562,8.4981,47.54697
24563,8.49816,47.56465
24564,8.4982,47.54707
24565,8.49826,47.56475
24566,8.49836,47.56485
24567,8.49846,47.56495
24568,8.49852,47.58264
24569,8.49856,47.56505
24570,8.49862,47.58274
24571,8.49872,47.58284
24572,8.49882,47.58294
24573,8.49888,47.60062
24574,8.49892,47.58304
24575,8.49898,47.60072
24576,8.49908,47.60082
24577,8.49918,47.60092
24578,8.49923,46.28723
24579,8.49924,47.61861
24580,8.49928,47.60102
24581,8.49933,46.28733
24582,8.49934,47.61871
24583,8.49943,46.28743
24584,8.49944,47.61881
24585,8.49953,46.28753
24586,8.49954,47.61891
24587,8.49963,46.28763
24588,8.49964,47.61901
24589,8.49993,46.32321
24590,8.49996,47.65458
24591,8.50003,46.32331
24592,8.50006,47.65468
24593,8.50013,46.32341
24594,8.50016,47.65478
24595,8.50023,46.32351
24596,8.50026,47.65488
24597,8.50032,47.67257
24598,8.50033,46.32361
24599,8.50036,47.65498
24600,8.50042,47.67267
24601,8.50052,47.67277
24602,8.50062,47.67287
24603,8.50068,47.69055
24604,8.50072,47.67297
24605,8.50078,47.69065
24606,8.50088,47.69075
24607,8.50098,47.69085
24608,8.50104,47.70854
24609,8.50108,47.69095
24610,8.50114,47.70864
24611,8.50124,47.70874
24612,8.50134,46.39517
24613,8.50134,47.70884
24614,8.5014,47.72652
24615,8.50144,47.70894
24616,8.5015,47.72662
24617,8.5016,47.72672
24618,8.5017,47.72682
24619,8.50176,47.7445
24620,8.5018,47.72692
24621,8.50186,47.7446
24622,8.50196,47.7447
24623,8.50204,46.43115
24624,8.50206,47.7448
24625,8.50212,47.76249
24626,8.50214,46.43125
24627,8.50216,47.7449
24628,8.50222,47.76259
24629,8.50232,47.76269
24630,8.50239,46.44914
24631,8.50242,47.76279
24632,8.50249,46.44924
24633,8.50252,47.76289
24634,8.50259,46.44934
24635,8.50269,46.44944
24636,8.50275,46.46713
24637,8.50279,46.44954
24638,8.5031,46.48512
24639,8.5032,46.48522
24640,8.50345,46.50311
24641,8.50355,46.50321
24642,8.50365,46.50331
24643,8.50375,46.50341
24644,8.50385,46.50351
24645,8.50416,46.53909
24646,8.50452,46.55708
24647,8.50462,46.55718
24648,8.50472,46.55728
24649,8.50487,46.57507
24650,8.50497,46.57517
24651,8.50507,46.57527
24652,8.50517,46.57537
24653,8.50522,46.59306
24654,8.50527,46.57547
24655,8.50532,46.59316
24656,8.50542,46.59326
24657,8.50552,46.59336
24658,8.50558,46.61105
24659,8.50562,46.59346
24660,8.50568,46.61115
24661,8.50578,46.61125
24662,8.50588,46.61135
24663,8.50629,46.64702
24664,8.50639,46.64712
24665,8.50649,46.64722
24666,8.50659,46.64732
24667,8.50669,46.64742
24668,8.507,46.683
24669,8.50807,46.73697
24670,8.50817,46.73707
24671,8.50827,46.73717
24672,8.50837,46.73727
24673,8.50843,46.75496
24674,8.50914,46.79094
24675,8.5095,46.80893
24676,8.5096,46.80903
24677,8.5097,46.80913
24678,8.5098,46.80923
24679,8.50986,46.82692
24680,8.50996,46.82702
24681,8.51057,46.86289
24682,8.51067,46.86299
24683,8.51077,46.86309
24684,8.51093,46.88088
24685,8.51103,46.88098
24686,8.51113,46.88108
24687,8.51123,46.88118
24688,8.51129,46.89887
24689,8.51133,46.88128
24690,8.51139,46.89897
24691,8.51149,46.89907
24692,8.51159,46.89917
24693,8.51165,46.91686
24694,8.51169,46.89927
24695,8.51201,46.93485
24696,8.51211,46.93495
24697,8.51221,46.93505
24698,8.51231,46.93515
24699,8.51237,46.95284
24700,8.51241,46.93525
24701,8.51247,46.95294
24702,8.51257,46.95304
24703,8.51267,46.95314
24704,8.51273,46.97083
24705,8.51277,46.95324
24706,8.51283,46.97093
24707,8.51293,46.97103
24708,8.51303,46.97113
24709,8.51309,46.98882
24710,8.51313,46.97123
24711,8.51319,46.98892
24712,8.51329,46.98902
24713,8.51339,46.98912
24714,8.51345,47.0068
24715,8.51349,46.98922
24716,8.51355,47.0069
24717,8.51365,47.007
24718,8.51375,47.0071
24719,8.51381,47.02479
24720,8.51385,47.0072
24721,8.51391,47.02489
24722,8.51401,47.02499
24723,8.51411,47.02509
24724,8.51417,47.04278
24725,8.51421,47.02519
24726,8.51427,47.04288
24727,8.51437,47.04298
24728,8.51447,47.04308
24729,8.51453,47.06077
24730,8.51457,47.04318
24731,8.51463,47.06087
24732,8.51473,47.06097
24733,8.51483,47.06107
24734,8.51489,47.07876
24735,8.51493,47.06117
24736,8.51499,47.07886
24737,8.51509,47.07896
24738,8.51519,47.07906
24739,8.51525,47.09675
24740,8.51529,47.07916
24741,8.51535,47.09685
24742,8.51545,47.09695
24743,8.51555,47.09705
24744,8.51561,47.11473
24745,8.51565,47.09715
24746,8.51571,47.11483
24747,8.51581,47.11493
24748,8.51591,47.11503
24749,8.51597,47.13272
24750,8.51601,47.11513
24751,8.51607,47.13282
24752,8.51617,47.13292
24753,8.51627,47.13302
24754,8.51634,47.15071
24755,8.51637,47.13312
24756,8.51644,47.15081
24757,8.51654,47.15091
24758,8.51664,47.15101
24759,8.5167,47.1687
24760,8.51674,47.15111
24761,8.5168,47.1688
24762,8.5169,47.1689
24763,8.517,47.169
24764,8.51706,47.18669
24765,8.5171,47.1691
24766,8.51716,47.18679
24767,8.51726,47.18689
24768,8.51736,47.18699
24769,8.51742,47.20467
24770,8.51746,47.18709
24771,8.51752,47.20477
24772,8.51762,47.20487
24773,8.51772,47.20497
24774,8.51779,47.22266
24775,8.51782,47.20507
24776,8.51789,47.22276
24777,8.51799,47.22286
24778,8.51809,47.22296
24779,8.51815,47.24065
24780,8.51819,47.22306
24781,8.51825,47.24075
24782,8.51835,47.24085
24783,8.51845,47.24095
24784,8.51851,47.25864
24785,8.51855,47.24105
24786,8.51861,47.25874
24787,8.51871,47.25884
24788,8.51881,47.25894
24789,8.51888,47.27662
24790,8.51891,47.25904
24791,8.51898,47.27672
24792,8.51908,47.27682
24793,8.51918,47.27692
24794,8.51924,47.29461
24795,8.51928,47.27702
24796,8.51934,47.29471
24797,8.51944,47.29481
24798,8.51954,47.29491
24799,8.51961,47.3126
24800,8.51964,47.29501
24801,8.51971,47.3127
24802,8.51981,47.3128
24803,8.51991,47.3129
24804,8.51997,47.33058
24805,8.52001,47.313
24806,8.52007,47.33068
24807,8.52017,47.33078
24808,8.52027,47.33088
24809,8.52034,47.34857
24810,8.52037,47.33098
24811,8.52044,47.34867
24812,8.52054,47.34877
24813,8.52064,47.34887
24814,8.5207,47.36656
24815,8.52074,47.34897
24816,8.5208,47.36666
24817,8.5209,47.36676
24818,8.521,47.36686
24819,8.52107,47.38455
24820,8.5211,47.36696
24821,8.52117,47.38465
24822,8.52127,47.38475
24823,8.52137,47.38485
24824,8.52143,47.40253
24825,8.52147,47.38495
24826,8.52153,47.40263
24827,8.52163,47.40273
24828,8.52173,47.40283
24829,8.5218,47.42052
24830,8.52183,47.40293
24831,8.5219,47.42062
24832,8.522,47.42072
24833,8.5221,47.42082
24834,8.52216,47.43851
24835,8.5222,47.42092
24836,8.52226,47.43861
24837,8.52236,47.43871
24838,8.52246,47.43881
24839,8.52253,47.45649
24840,8.52256,47.43891
24841,8.52263,47.45659
24842,8.52273,47.45669
24843,8.52283,47.45679
24844,8.5229,47.47448
24845,8.52293,47.45689
24846,8.523,47.47458
24847,8.5231,47.47468
24848,8.5232,47.47478
24849,8.52326,47.49246
24850,8.5233,47.47488
24851,8.52336,47.49256
24852,8.52346,47.49266
24853,8.52356,47.49276
24854,8.52363,47.51045
24855,8.52366,47.49286
24856,8.52373,47.51055
24857,8.52383,47.51065
24858,8.52393,47.51075
24859,8.524,47.52844
24860,8.52403,47.51085
24861,8.5241,47.52854
24862,8.5242,47.52864
24863,8.5243,47.52874
24864,8.52436,47.54642
24865,8.5244,47.52884
24866,8.52446,47.54652
24867,8.52456,47.54662
24868,8.52466,47.54672
24869,8.52473,47.56441
24870,8.52476,47.54682
24871,8.52482,46.269
24872,8.52483,47.56451
24873,8.52493,47.56461
24874,8.52503,47.56471
24875,8.5251,47.58239
24876,8.52513,47.56481
24877,8.52518,46.28699
24878,8.5252,47.58249
24879,8.52528,46.28709
24880,8.5253,47.58259
24881,8.52538,46.28719
24882,8.5254,47.58269
24883,8.52547,47.60038
24884,8.52548,46.28729
24885,8.5255,47.58279
24886,8.52554,46.30498
24887,8.52557,47.60048
24888,8.52558,46.28739
24889,8.52564,46.30508
24890,8.52567,47.60058
24891,8.52574,46.30518
24892,8.52577,47.60068
24893,8.52584,46.30528
24894,8.52584,47.61836
24895,8.52587,47.60078
24896,8.52589,46.32297
24897,8.52594,46.30538
24898,8.52594,47.61846
24899,8.52599,46.32307
24900,8.52604,47.61856
24901,8.52614,47.61866
24902,8.52621,47.63635
24903,8.52624,47.61876
24904,8.52631,47.63645
24905,8.52641,47.63655
24906,8.52658,47.65433
24907,8.52668,47.65443
24908,8.52678,47.65453
24909,8.52688,47.65463
24910,8.52694,47.67232
24911,8.52698,46.37693
24912,8.52698,47.65473
24913,8.52704,47.67242
24914,8.52708,46.37703
24915,8.52714,47.67252
24916,8.52731,47.6903
24917,8.52734,46.39492
24918,8.52741,47.6904
24919,8.52744,46.39502
24920,8.52751,47.6905
24921,8.52754,46.39512
24922,8.52761,47.6906
24923,8.52764,46.39522
24924,8.52768,47.70829
24925,8.5277,46.41291
24926,8.52771,47.6907
24927,8.52774,46.39532
24928,8.52778,47.70839
24929,8.5278,46.41301
24930,8.52788,47.70849
24931,8.5279,46.41311
24932,8.52798,47.70859
24933,8.528,46.41321
24934,8.52805,47.72627
24935,8.52806,46.4309
24936,8.52808,47.70869
24937,8.5281,46.41331
24938,8.52815,47.72637
24939,8.52825,47.72647
24940,8.52835,47.72657
24941,8.52842,47.74426
24942,8.52845,47.72667
24943,8.52852,47.74436
24944,8.52862,47.74446
24945,8.52872,47.74456
24946,8.52878,46.46688
24947,8.52879,47.76224
24948,8.52882,47.74466
24949,8.52889,47.76234
24950,8.52899,47.76244
24951,8.52909,47.76254
24952,8.52914,46.48487
24953,8.52917,47.78023
24954,8.52919,47.76264
24955,8.52924,46.48497
24956,8.52927,47.78033
24957,8.52937,47.78043
24958,8.52947,47.78053
24959,8.52951,46.50286
24960,8.52957,47.78063
24961,8.52961,46.50296
24962,8.52971,46.50306
24963,8.52981,46.50316
24964,8.52987,46.52085
24965,8.52991,46.50326
24966,8.52997,46.52095
24967,8.53007,46.52105
24968,8.53017,46.52115
24969,8.53023,46.53884
24970,8.53027,46.52125
24971,8.53033,46.53894
24972,8.53168,46.6108
24973,8.53178,46.6109
24974,8.53188,46.611
24975,8.53198,46.6111
24976,8.53208,46.6112
24977,8.53241,46.64678
24978,8.53251,46.64688
24979,8.53261,46.64698
24980,8.53278,46.66477
24981,8.53288,46.66487
24982,8.53298,46.66497
24983,8.53308,46.66507
24984,8.53318,46.66517
24985,8.53424,46.73672
24986,8.53434,46.73682
24987,8.53444,46.73692
24988,8.53454,46.73702
24989,8.53464,46.73712
24990,8.5368,46.86265
24991,8.53717,46.88063
24992,8.53727,46.88073
24993,8.53737,46.88083
24994,8.53747,46.88093
24995,8.53753,46.89862
24996,8.53757,46.88103
24997,8.53763,46.89872
24998,8.53773,46.89882
24999,8.53783,46.89892
25000,8.5379,46.91661
25001,8.53793,46.89902
25002,8.538,46.91671
25003,8.5381,46.91681
25004,8.5382,46.91691
25005,8.53827,46.9346
25006,8.5383,46.91701
25007,8.53837,46.9347
25008,8.53847,46.9348
25009,8.53857,46.9349
25010,8.53864,46.95259
25011,8.53867,46.935
25012,8.53874,46.95269
25013,8.53884,46.95279
25014,8.53894,46.95289
25015,8.53901,46.97058
25016,8.53904,46.95299
25017,8.53911,46.97068
25018,8.53921,46.97078
25019,8.53931,46.97088
25020,8.53937,46.98857
25021,8.53941,46.97098
25022,8.53947,46.98867
25023,8.53957,46.98877
25024,8.53967,46.98887
25025,8.53974,47.00655
25026,8.53977,46.98897
25027,8.53984,47.00665
25028,8.53994,47.00675
25029,8.54004,47.00685
25030,8.54011,47.02454
25031,8.54014,47.00695
25032,8.54021,47.02464
25033,8.54031,47.02474
25034,8.54041,47.02484
25035,8.54048,47.04253
25036,8.54051,47.02494
25037,8.54058,47.04263
25038,8.54068,47.04273
25039,8.54078,47.04283
25040,8.54085,47.06052
25041,8.54088,47.04293
25042,8.54095,47.06062
25043,8.54105,47.06072
25044,8.54115,47.06082
25045,8.54122,47.07851
25046,8.54125,47.06092
25047,8.54132,47.07861
25048,8.54142,47.07871
25049,8.54152,47.07881
25050,8.54159,47.0965
25051,8.54162,47.07891
25052,8.54169,47.0966
25053,8.54179,47.0967
25054,8.54189,47.0968
25055,8.54196,47.11448
25056,8.54199,47.0969
25057,8.54206,47.11458
25058,8.54216,47.11468
25059,8.54226,47.11478
25060,8.54233,47.13247
25061,8.54236,47.11488
25062,8.54243,47.13257
25063,8.54253,47.13267
25064,8.54263,47.13277
25065,8.5427,47.15046
25066,8.54273,47.13287
25067,8.5428,47.15056
25068,8.5429,47.15066
25069,8.543,47.15076
25070,8.54308,47.16845
25071,8.5431,47.15086
25072,8.54318,47.16855
25073,8.54328,47.16865
25074,8.54338,47.16875
25075,8.54345,47.18644
25076,8.54348,47.16885
25077,8.54355,47.18654
25078,8.54365,47.18664
25079,8.54375,47.18674
25080,8.54382,47.20442
25081,8.54385,47.18684
25082,8.54392,47.20452
25083,8.54402,47.20462
25084,8.54412,47.20472
25085,8.54419,47.22241
25086,8.54422,47.20482
25087,8.54429,47.22251
25088,8.54439,47.22261
25089,8.54449,47.22271
25090,8.54456,47.2404
25091,8.54459,47.22281
25092,8.54466,47.2405
25093,8.54476,47.2406
25094,8.54486,47.2407
25095,8.54494,47.25839
25096,8.54496,47.2408
25097,8.54504,47.25849
25098,8.54514,47.25859
25099,8.54524,47.25869
25100,8.54531,47.27637
25101,8.54534,47.25879
25102,8.54541,47.27647
25103,8.54551,47.27657
25104,8.54561,47.27667
25105,8.54568,47.29436
25106,8.54571,47.27677
25107,8.54578,47.29446
25108,8.54588,47.29456
25109,8.54598,47.29466
25110,8.54605,47.31235
25111,8.54608,47.29476
25112,8.54615,47.31245
25113,8.54625,47.31255
25114,8.54635,47.31265
25115,8.54643,47.33033
25116,8.54645,47.31275
25117,8.54653,47.33043
25118,8.54663,47.33053
25119,8.54673,47.33063
25120,8.5468,47.34832
25121,8.54683,47.33073
25122,8.5469,47.34842
25123,8.547,47.34852
25124,8.5471,47.34862
25125,8.54718,47.36631
25126,8.5472,47.34872
25127,8.54728,47.36641
25128,8.54738,47.36651
25129,8.54748,47.36661
25130,8.54755,47.38429
25131,8.54758,47.36671
25132,8.54765,47.38439
25133,8.54775,47.38449
25134,8.54785,47.38459
25135,8.54792,47.40228
25136,8.54795,47.38469
25137,8.54802,47.40238
25138,8.54812,47.40248
25139,8.54822,47.40258
25140,8.5483,47.42027
25141,8.54832,47.40268
25142,8.5484,47.42037
25143,8.5485,47.42047
25144,8.5486,47.42057
25145,8.54867,47.43825
25146,8.5487,47.42067
25147,8.54877,47.43835
25148,8.54887,47.43845
25149,8.54897,47.43855
25150,8.54905,47.45624
25151,8.54907,47.43865
25152,8.54915,47.45634
25153,8.54925,47.45644
25154,8.54929,46.19679
25155,8.54935,47.45654
25156,8.54939,46.19689
25157,8.54942,47.47423
25158,8.54945,47.45664
25159,8.54949,46.19699
25160,8.54952,47.47433
25161,8.54959,46.19709
25162,8.54962,47.47443
25163,8.54965,46.21478
25164,8.54969,46.19719
25165,8.54972,47.47453
25166,8.54975,46.21488
25167,8.5498,47.49221
25168,8.54982,47.47463
25169,8.5499,47.49231
25170,8.55,47.49241
25171,8.55002,46.23277
25172,8.5501,47.49251
25173,8.55018,47.5102
25174,8.5502,47.49261
25175,8.55028,47.5103
25176,8.55038,47.5104
25177,8.55048,47.5105
25178,8.55055,47.52818
25179,8.55058,47.5106
25180,8.55065,47.52828
25181,8.55075,47.52838
25182,8.55085,47.52848
25183,8.55093,47.54617
25184,8.55095,47.52858
25185,8.55103,47.54627
25186,8.55113,47.54637
25187,8.55123,47.54647
25188,8.55131,47.56416
25189,8.55133,47.54657
25190,8.55141,47.56426
25191,8.55149,46.30472
25192,8.55151,47.56436
25193,8.55159,46.30482
25194,8.55161,47.56446
25195,8.55168,47.58214
25196,8.55169,46.30492
25197,8.55171,47.56456
25198,8.55178,47.58224
25199,8.55179,46.30502
25200,8.55186,46.32271
25201,8.55188,47.58234
25202,8.55189,46.30512
25203,8.55196,46.32281
25204,8.55198,47.58244
25205,8.55206,46.32291
25206,8.55206,47.60013
25207,8.55208,47.58254
25208,8.55216,46.32301
25209,8.55216,47.60023
25210,8.55223,46.3407
25211,8.55226,46.32311
25212,8.55226,47.60033
25213,8.55236,47.60043
25214,8.55244,47.61811
25215,8.55246,47.60053
25216,8.55254,47.61821
25217,8.5526,46.35869
25218,8.55264,47.61831
25219,8.5527,46.35879
25220,8.55274,47.61841
25221,8.5528,46.35889
25222,8.55284,47.61851
25223,8.5529,46.35899
25224,8.55297,46.37668
25225,8.55307,46.37678
25226,8.55317,46.37688
25227,8.55327,46.37698
25228,8.55334,46.39467
25229,8.55337,46.37708
25230,8.55344,46.39477
25231,8.55354,46.39487
25232,8.55364,46.39497
25233,8.55374,46.39507
25234,8.55395,47.69005
25235,8.55405,47.69015
25236,8.55415,47.69025
25237,8.55425,47.69035
25238,8.55433,47.70804
25239,8.55435,47.69045
25240,8.55443,47.70814
25241,8.55453,47.70824
25242,8.55463,47.70834
25243,8.55471,47.72602
25244,8.55473,47.70844
25245,8.55481,47.72612
25246,8.55491,47.72622
25247,8.55501,47.72632
25248,8.55509,47.744
25249,8.55519,46.48462
25250,8.55519,47.7441
25251,8.55529,46.48472
25252,8.55529,47.7442
25253,8.55539,47.7443
25254,8.55547,47.76199
25255,8.55556,46.50261
25256,8.55557,47.76209
25257,8.55567,47.76219
25258,8.55577,47.76229
25259,8.55585,47.77997
25260,8.55587,47.76239
25261,8.55593,46.5206
25262,8.55595,47.78007
25263,8.55603,46.5207
25264,8.55605,47.78017
25265,8.55613,46.5208
25266,8.55615,47.78027
25267,8.55623,46.5209
25268,8.55625,47.78037
25269,8.5563,46.53859
25270,8.55633,46.521
25271,8.5564,46.53869
25272,8.5565,46.53879
25273,8.5566,46.53889
25274,8.55667,46.55658
25275,8.5567,46.53899
25276,8.55677,46.55668
25277,8.55687,46.55678
25278,8.55697,46.55688
25279,8.55704,46.57457
25280,8.55714,46.57467
25281,8.55724,46.57477
25282,8.55734,46.57487
25283,8.55742,46.59256
25284,8.55744,46.57497
25285,8.55752,46.59266
25286,8.55762,46.59276
25287,8.55772,46.59286
25288,8.55779,46.61054
25289,8.55782,46.59296
25290,8.55789,46.61064
25291,8.55799,46.61074
25292,8.55809,46.61084
25293,8.55816,46.62853
25294,8.55819,46.61094
25295,8.55826,46.62863
25296,8.55836,46.62873
25297,8.55846,46.62883
25298,8.55856,46.62893
25299,8.55891,46.66451
25300,8.55901,46.66461
25301,8.55911,46.66471
25302,8.55921,46.66481
25303,8.55928,46.6825
25304,8.55931,46.66491
25305,8.56003,46.71848
25306,8.56013,46.71858
25307,8.56023,46.71868
25308,8.56033,46.71878
25309,8.5604,46.73647
25310,8.56043,46.71888
25311,8.5605,46.73657
25312,8.5606,46.73667
25313,8.5607,46.73677
25314,8.5619,46.80842
25315,8.56265,46.8444
25316,8.56275,46.8445
25317,8.56285,46.8446
25318,8.5634,46.88038
25319,8.5635,46.88048
25320,8.5636,46.88058
25321,8.5637,46.88068
25322,8.56378,46.89837
25323,8.5638,46.88078
25324,8.56388,46.89847
25325,8.56398,46.89857
25326,8.56408,46.89867
25327,8.56415,46.91636
25328,8.56418,46.89877
25329,8.56425,46.91646
25330,8.56435,46.91656
25331,8.56445,46.91666
25332,8.56453,46.93435
25333,8.56455,46.91676
25334,8.56463,46.93445
25335,8.56473,46.93455
25336,8.56483,46.93465
25337,8.56491,46.95233
25338,8.56493,46.93475
25339,8.56501,46.95243
25340,8.56511,46.95253
25341,8.56521,46.95263
25342,8.56529,46.97032
25343,8.56531,46.95273
25344,8.56539,46.97042
25345,8.56549,46.97052
25346,8.56559,46.97062
25347,8.56566,46.98831
25348,8.56569,46.97072
25349,8.56576,46.98841
25350,8.56586,46.98851
25351,8.56596,46.98861
25352,8.56604,47.0063
25353,8.56606,46.98871
25354,8.56614,47.0064
25355,8.56624,47.0065
25356,8.56634,47.0066
25357,8.56642,47.02429
25358,8.56652,47.02439
25359,8.56662,47.02449
25360,8.56672,47.02459
25361,8.5668,47.04228
25362,8.56682,47.02469
25363,8.5669,47.04238
25364,8.567,47.04248
25365,8.5671,47.04258
25366,8.56718,47.06026
25367,8.5672,47.04268
25368,8.56728,47.06036
25369,8.56738,47.06046
25370,8.56748,47.06056
25371,8.56755,47.07825
25372,8.56758,47.06066
25373,8.56765,47.07835
25374,8.56775,47.07845
25375,8.56785,47.07855
25376,8.56793,47.09624
25377,8.56795,47.07865
25378,8.56803,47.09634
25379,8.56831,47.11423
25380,8.56841,47.11433
25381,8.56851,47.11443
25382,8.56861,47.11453
25383,8.56869,47.13222
25384,8.56871,47.11463
25385,8.56879,47.13232
25386,8.56889,47.13242
25387,8.56899,47.13252
25388,8.56907,47.1502
25389,8.56909,47.13262
25390,8.56917,47.1503
25391,8.56927,47.1504
25392,8.56937,47.1505
25393,8.56945,47.16819
25394,8.56947,47.1506
25395,8.56955,47.16829
25396,8.56965,47.16839
25397,8.56975,47.16849
25398,8.56983,47.18618
25399,8.56985,47.16859
25400,8.56993,47.18628
25401,8.57003,47.18638
25402,8.57013,47.18648
25403,8.57021,47.20417
25404,8.57023,47.18658
25405,8.57031,47.20427
25406,8.57041,47.20437
25407,8.57051,47.20447
25408,8.57059,47.22215
25409,8.57061,47.20457
25410,8.57069,47.22225
25411,8.57079,47.22235
25412,8.57089,47.22245
25413,8.57097,47.24014
25414,8.57099,47.22255
25415,8.57107,47.24024
25416,8.57117,47.24034
25417,8.57127,47.24044
25418,8.57136,47.25813
25419,8.57137,47.24054
25420,8.57146,47.25823
25421,8.57156,47.25833
25422,8.57166,47.25843
25423,8.57174,47.27612
25424,8.57176,47.25853
25425,8.57184,47.27622
25426,8.57194,47.27632
25427,8.57204,47.27642
25428,8.57212,47.2941
25429,8.57214,47.27652
25430,8.57222,47.2942
25431,8.57232,47.2943
25432,8.57242,47.2944
25433,8.5725,47.31209
25434,8.57252,47.2945
25435,8.5726,47.31219
25436,8.5727,47.31229
25437,8.5728,47.31239
25438,8.57288,47.33008
25439,8.5729,47.31249
25440,8.57298,47.33018
25441,8.57308,47.33028
25442,8.57318,47.33038
25443,8.57327,47.34806
25444,8.57328,47.33048
25445,8.57337,47.34816
25446,8.57347,47.34826
25447,8.57357,47.34836
25448,8.57365,47.36605
25449,8.57367,47.34846
25450,8.57375,47.36615
25451,8.57385,47.36625
25452,8.57395,47.36635
25453,8.57403,47.38404
25454,8.57405,47.36645
25455,8.57413,47.38414
25456,8.57423,47.38424
25457,8.57433,47.38434
25458,8.57442,47.40202
25459,8.57443,47.38444
25460,8.57444,46.16055
25461,8.57452,47.40212
25462,8.57454,46.16065
25463,8.57462,47.40222
25464,8.57472,47.40232
25465,8.5748,47.42001
25466,8.57482,46.17854
25467,8.57482,47.40242
25468,8.5749,47.42011
25469,8.575,47.42021
25470,8.5751,47.42031
25471,8.57518,47.438
25472,8.57519,46.19653
25473,8.5752,47.42041
25474,8.57528,47.4381
25475,8.57529,46.19663
25476,8.57538,47.4382
25477,8.57539,46.19673
25478,8.57548,47.4383
25479,8.57549,46.19683
25480,8.57557,46.21452
25481,8.57557,47.45598
25482,8.57558,47.4384
25483,8.57559,46.19693
25484,8.57567,46.21462
25485,8.57567,47.45608
25486,8.57577,46.21472
25487,8.57577,47.45618
25488,8.57587,46.21482
25489,8.57587,47.45628
25490,8.57594,46.23251
25491,8.57595,47.47397
25492,8.57597,46.21492
25493,8.57597,47.45638
25494,8.57604,46.23261
25495,8.57605,47.47407
25496,8.57614,46.23271
25497,8.57615,47.47417
25498,8.57624,46.23281
25499,8.57625,47.47427
25500,8.57634,46.23291
25501,8.57634,47.49195
25502,8.57635,47.47437
25503,8.57644,47.49205
25504,8.57654,47.49215
25505,8.57664,47.49225
25506,8.5767,46.26849
25507,8.57672,47.50994
25508,8.57674,47.49235
25509,8.5768,46.26859
25510,8.57682,47.51004
25511,8.5769,46.26869
25512,8.57692,47.51014
25513,8.57702,47.51024
25514,8.57707,46.28648
25515,8.57711,47.52793
25516,8.57712,47.51034
25517,8.57721,47.52803
25518,8.57731,47.52813
25519,8.57741,47.52823
25520,8.57745,46.30447
25521,8.57749,47.54591
25522,8.57751,47.52833
25523,8.57755,46.30457
25524,8.57759,47.54601
25525,8.57765,46.30467
25526,8.57769,47.54611
25527,8.57775,46.30477
25528,8.57779,47.54621
25529,8.57783,46.32246
25530,8.57785,46.30487
25531,8.57788,47.5639
25532,8.57789,47.54631
25533,8.57793,46.32256
25534,8.57798,47.564
25535,8.57808,47.5641
25536,8.57818,47.5642
25537,8.5782,46.34045
25538,8.57826,47.58188
25539,8.57828,47.5643
25540,8.5783,46.34055
25541,8.57836,47.58198
25542,8.5784,46.34065
25543,8.57846,47.58208
25544,8.5785,46.34075
25545,8.57856,47.58218
25546,8.57858,46.35843
25547,8.5786,46.34085
25548,8.57865,47.59987
25549,8.57866,47.58228
25550,8.57868,46.35853
25551,8.57875,47.59997
25552,8.57878,46.35863
25553,8.57885,47.60007
25554,8.57888,46.35873
25555,8.57895,47.60017
25556,8.57896,46.37642
25557,8.57898,46.35883
25558,8.57904,47.61785
25559,8.57905,47.60027
25560,8.57906,46.37652
25561,8.57914,47.61795
25562,8.57916,46.37662
25563,8.57926,46.37672
25564,8.58009,46.43039
25565,8.58019,46.43049
25566,8.5802,47.67181
25567,8.5803,47.67191
25568,8.5804,47.67201
25569,8.58047,46.44838
25570,8.5805,47.67211
25571,8.58057,46.44848
25572,8.58059,47.68979
25573,8.5806,47.67221
25574,8.58067,46.44858
25575,8.58069,47.68989
25576,8.58079,47.68999
25577,8.58085,46.46637
25578,8.58089,47.69009
25579,8.58097,47.70778
25580,8.58099,47.69019
25581,8.58107,47.70788
25582,8.58117,47.70798
25583,8.58127,47.70808
25584,8.58136,47.72576
25585,8.58137,47.70818
25586,8.58146,47.72586
25587,8.58156,47.72596
25588,8.58166,47.72606
25589,8.58175,47.74375
25590,8.58176,47.72616
25591,8.58185,47.74385
25592,8.58195,47.74395
25593,8.58199,46.52034
25594,8.58205,47.74405
25595,8.58209,46.52044
25596,8.58214,47.76173
25597,8.58215,47.74415
25598,8.58219,46.52054
25599,8.58224,47.76183
25600,8.58229,46.52064
25601,8.58234,47.76193
25602,8.58237,46.53833
25603,8.58239,46.52074
25604,8.58244,47.76203
25605,8.58247,46.53843
25606,8.58253,47.77971
25607,8.58254,47.76213
25608,8.58257,46.53853
25609,8.58263,47.77981
25610,8.58267,46.53863
25611,8.58273,47.77991
25612,8.58275,46.55632
25613,8.58277,46.53873
25614,8.58283,47.78001
25615,8.58285,46.55642
25616,8.58292,47.7977
25617,8.58293,47.78011
25618,8.58295,46.55652
25619,8.58302,47.7978
25620,8.58305,46.55662
25621,8.58312,47.7979
25622,8.58322,47.798
25623,8.58332,47.7981
25624,8.58427,46.62827
25625,8.58437,46.62837
25626,8.58447,46.62847
25627,8.58457,46.62857
25628,8.58465,46.64626
25629,8.58467,46.62867
25630,8.58475,46.64636
25631,8.58485,46.64646
25632,8.58495,46.64656
25633,8.58504,46.66425
25634,8.58505,46.64666
25635,8.58514,46.66435
25636,8.58524,46.66445
25637,8.58534,46.66455
25638,8.58542,46.68224
25639,8.58544,46.66465
25640,8.58552,46.68234
25641,8.58562,46.68244
25642,8.58572,46.68254
25643,8.5858,46.70023
25644,8.58582,46.68264
25645,8.5859,46.70033
25646,8.586,46.70043
25647,8.5861,46.70053
25648,8.58618,46.71822
25649,8.5862,46.70063
25650,8.58628,46.71832
25651,8.58638,46.71842
25652,8.58648,46.71852
25653,8.58657,46.73621
25654,8.58658,46.71862
25655,8.58667,46.73631
25656,8.58695,46.7542
25657,8.58705,46.7543
25658,8.5881,46.80816
25659,8.5882,46.80826
25660,8.5883,46.80836
25661,8.5884,46.80846
25662,8.5885,46.80856
25663,8.58887,46.84414
25664,8.58897,46.84424
25665,8.58907,46.84434
25666,8.58917,46.84444
25667,8.58925,46.86213
25668,8.58927,46.84454
25669,8.58935,46.86223
25670,8.58945,46.86233
25671,8.58955,46.86243
25672,8.58964,46.88012
25673,8.58965,46.86253
25674,8.58974,46.88022
25675,8.58984,46.88032
25676,8.58994,46.88042
25677,8.59002,46.89811
25678,8.59004,46.88052
25679,8.59012,46.89821
25680,8.59022,46.89831
25681,8.59032,46.89841
25682,8.59041,46.9161
25683,8.59042,46.89851
25684,8.59051,46.9162
25685,8.59061,46.9163
25686,8.59071,46.9164
25687,8.59079,46.93408
25688,8.59081,46.9165
25689,8.59089,46.93418
25690,8.59099,46.93428
25691,8.59109,46.93438
25692,8.59118,46.95207
25693,8.59119,46.93448
25694,8.59128,46.95217
25695,8.59138,46.95227
25696,8.59148,46.95237
25697,8.59156,46.97006
25698,8.59158,46.95247
25699,8.59166,46.97016
25700,8.59176,46.97026
25701,8.59186,46.97036
25702,8.59195,46.98805
25703,8.59196,46.97046
25704,8.59205,46.98815
25705,8.59215,46.98825
25706,8.59225,46.98835
25707,8.59234,47.00604
25708,8.59235,46.98845
25709,8.59244,47.00614
25710,8.59254,47.00624
25711,8.59264,47.00634
25712,8.59272,47.02403
25713,8.59274,47.00644
25714,8.59282,47.02413
25715,8.59292,47.02423
25716,8.59302,47.02433
25717,8.59311,47.04201
25718,8.59312,47.02443
25719,8.59321,47.04211
25720,8.59331,47.04221
25721,8.59341,47.04231
25722,8.5935,47.06
25723,8.59351,47.04241
25724,8.5936,47.0601
25725,8.5937,47.0602
25726,8.5938,47.0603
25727,8.59389,47.07799
25728,8.5939,47.0604
25729,8.59399,47.07809
25730,8.59409,47.07819
25731,8.59419,47.07829
25732,8.59427,47.09598
25733,8.59429,47.07839
25734,8.59437,47.09608
25735,8.59447,47.09618
25736,8.59457,47.09628
25737,8.59466,47.11397
25738,8.59467,47.09638
25739,8.59476,47.11407
25740,8.59486,47.11417
25741,8.59496,47.11427
25742,8.59505,47.13195
25743,8.59506,47.11437
25744,8.59515,47.13205
25745,8.59525,47.13215
25746,8.59535,47.13225
25747,8.59544,47.14994
25748,8.59545,47.13235
25749,8.59554,47.15004
25750,8.59564,47.15014
25751,8.59574,47.15024
25752,8.59583,47.16793
25753,8.59584,47.15034
25754,8.59593,47.16803
25755,8.59603,47.16813
25756,8.59613,47.16823
25757,8.59622,47.18592
25758,8.59623,47.16833
25759,8.59632,47.18602
25760,8.59642,47.18612
25761,8.59652,47.18622
25762,8.59661,47.2039
25763,8.59662,47.18632
25764,8.59671,47.204
25765,8.59681,47.2041
25766,8.59691,47.2042
25767,8.597,47.22189
25768,8.59701,47.2043
25769,8.5971,47.22199
25770,8.5972,47.22209
25771,8.5973,47.22219
25772,8.59739,47.23988
25773,8.5974,47.22229
25774,8.59749,47.23998
25775,8.59759,47.24008
25776,8.59769,47.24018
25777,8.59778,47.25787
25778,8.59779,47.24028
25779,8.59788,47.25797
25780,8.59798,47.25807
25781,8.59808,47.25817
25782,8.59817,47.27585
25783,8.59818,47.25827
25784,8.59827,47.27595
25785,8.59837,47.27605
25786,8.59847,47.27615
25787,8.59856,47.29384
25788,8.59857,47.27625
25789,8.59866,47.29394
25790,8.59876,47.29404
25791,8.59886,47.29414
25792,8.59895,47.31183
25793,8.59896,47.29424
25794,8.59905,47.31193
25795,8.59915,47.31203
25796,8.59925,47.31213
25797,8.59934,47.32981
25798,8.59935,47.31223
25799,8.59944,47.32991
25800,8.59954,47.33001
25801,8.59964,47.33011
25802,8.59973,47.3478
25803,8.59974,47.33021
25804,8.59983,47.3479
25805,8.59993,47.348
25806,8.59995,46.1423
25807,8.60003,47.3481
25808,8.60005,46.1424
25809,8.60012,47.36579
25810,8.60013,47.3482
25811,8.60015,46.1425
25812,8.60022,47.36589
25813,8.60025,46.1426
25814,8.60032,47.36599
25815,8.60033,46.16029
25816,8.60035,46.1427
25817,8.60042,47.36609
25818,8.60043,46.16039
25819,8.60052,47.36619
25820,8.60052,47.38377
25821,8.60053,46.16049
25822,8.60062,47.38387
25823,8.60063,46.16059
25824,8.60071,46.17828
25825,8.60072,47.38397
25826,8.60073,46.16069
25827,8.60082,47.38407
25828,8.60091,47.40176
25829,8.60092,47.38417
25830,8.60101,47.40186
25831,8.6011,46.19627
25832,8.60111,47.40196
25833,8.6012,46.19637
25834,8.60121,47.40206
25835,8.6013,46.19647
25836,8.6013,47.41975
25837,8.60131,47.40216
25838,8.6014,46.19657
25839,8.6014,47.41985
25840,8.60148,46.21426
25841,8.6015,46.19667
25842,8.6015,47.41995
25843,8.60158,46.21436
25844,8.6016,47.42005
25845,8.60168,46.21446
25846,8.60169,47.43773
25847,8.6017,47.42015
25848,8.60178,46.21456
25849,8.60179,47.43783
25850,8.60187,46.23225
25851,8.60188,46.21466
25852,8.60189,47.43793
25853,8.60197,46.23235
25854,8.60199,47.43803
25855,8.60207,46.23245
25856,8.60209,47.43813
25857,8.60209,47.45572
25858,8.60217,46.23255
25859,8.60219,47.45582
25860,8.60225,46.25023
25861,8.60227,46.23265
25862,8.60229,47.45592
25863,8.60239,47.45602
25864,8.60248,47.4737
25865,8.60249,47.45612
25866,8.60258,47.4738
25867,8.60264,46.26822
25868,8.60268,47.4739
25869,8.60274,46.26832
25870,8.60278,47.474
25871,8.60287,47.49169
25872,8.60288,47.4741
25873,8.60297,47.49179
25874,8.60302,46.28621
25875,8.60307,47.49189
25876,8.60312,46.28631
25877,8.60317,47.49199
25878,8.60322,46.28641
25879,8.60327,47.49209
25880,8.60327,47.50968
25881,8.60332,46.28651
25882,8.60337,47.50978
25883,8.60341,46.3042
25884,8.60342,46.28661
25885,8.60347,47.50988
25886,8.60351,46.3043
25887,8.60357,47.50998
25888,8.60361,46.3044
25889,8.60366,47.52766
25890,8.60367,47.51008
25891,8.60371,46.3045
25892,8.60376,47.52776
25893,8.60379,46.32219
25894,8.60381,46.3046
25895,8.60386,47.52786
25896,8.60389,46.32229
25897,8.60396,47.52796
25898,8.60399,46.32239
25899,8.60406,47.52806
25900,8.60406,47.54565
25901,8.60409,46.32249
25902,8.60416,47.54575
25903,8.60418,46.34018
25904,8.60419,46.32259
25905,8.60426,47.54585
25906,8.60428,46.34028
25907,8.60436,47.54595
25908,8.60438,46.34038
25909,8.60445,47.56363
25910,8.60448,46.34048
25911,8.60455,47.56373
25912,8.60456,46.35817
25913,8.60458,46.34058
25914,8.60465,47.56383
25915,8.60466,46.35827
25916,8.60475,47.56393
25917,8.60476,46.35837
25918,8.60485,47.56403
25919,8.60485,47.58162
25920,8.60486,46.35847
25921,8.60495,47.58172
25922,8.60496,46.35857
25923,8.60505,47.58182
25924,8.60515,47.58192
25925,8.60524,47.5996
25926,8.60525,47.58202
25927,8.60534,47.5997
25928,8.60544,47.5998
25929,8.60554,47.5999
25930,8.60564,47.6
25931,8.60564,47.61759
25932,8.60572,46.41214
25933,8.60574,47.61769
25934,8.60582,46.41224
25935,8.60592,46.41234
25936,8.60602,46.41244
25937,8.60603,47.63557
25938,8.60611,46.43013
25939,8.60612,46.41254
25940,8.60613,47.63567
25941,8.60621,46.43023
25942,8.60623,47.63577
25943,8.60631,46.43033
25944,8.60633,47.63587
25945,8.60641,46.43043
25946,8.60643,47.63597
25947,8.60643,47.65356
25948,8.6065,46.44812
25949,8.60651,46.43053
25950,8.60653,47.65366
25951,8.6066,46.44822
25952,8.60663,47.65376
25953,8.6067,46.44832
25954,8.60673,47.65386
25955,8.6068,46.44842
25956,8.60683,47.65396
25957,8.60683,47.67154
25958,8.60693,47.67164
25959,8.60703,47.67174
25960,8.60713,47.67184
25961,8.60722,47.68953
25962,8.60723,47.67194
25963,8.60727,46.48409
25964,8.60732,47.68963
25965,8.60737,46.48419
25966,8.60742,47.68973
25967,8.60747,46.48429
25968,8.60752,47.68983
25969,8.60762,47.68993
25970,8.60762,47.70751
25971,8.60766,46.50208
25972,8.60772,47.70761
25973,8.60776,46.50218
25974,8.60782,47.70771
25975,8.60792,47.70781
25976,8.60802,47.70791
25977,8.60802,47.7255
25978,8.60805,46.52007
25979,8.60812,47.7256
25980,8.60815,46.52017
25981,8.60822,47.7257
25982,8.60825,46.52027
25983,8.60832,47.7258
25984,8.60835,46.52037
25985,8.60841,47.74348
25986,8.60842,47.7259
25987,8.60844,46.53806
25988,8.60845,46.52047
25989,8.60851,47.74358
25990,8.60854,46.53816
25991,8.60864,46.53826
25992,8.60874,46.53836
25993,8.60881,47.76146
25994,8.60883,46.55605
25995,8.60884,46.53846
25996,8.60891,47.76156
25997,8.60893,46.55615
25998,8.60901,47.76166
25999,8.60903,46.55625
26000,8.60911,47.76176
26001,8.60913,46.55635
26002,8.60921,47.76186
26003,8.60921,47.77945
26004,8.60923,46.55645
26005,8.60931,47.77955
26006,8.60941,47.77965
26007,8.60951,47.77975
26008,8.60961,47.77985
26009,8.60961,47.79743
26010,8.60971,47.79753
26011,8.60981,47.79763
26012,8.60991,47.79773
26013,8.61,46.61002
26014,8.61001,47.79783
26015,8.6101,46.61012
26016,8.6102,46.61022
26017,8.61039,46.62801
26018,8.61049,46.62811
26019,8.61059,46.62821
26020,8.61069,46.62831
26021,8.61078,46.646
26022,8.61079,46.62841
26023,8.61088,46.6461
26024,8.61098,46.6462
26025,8.61108,46.6463
26026,8.61117,46.66399
26027,8.61118,46.6464
26028,8.61127,46.66409
26029,8.61137,46.66419
26030,8.61147,46.66429
26031,8.61156,46.68198
26032,8.61157,46.66439
26033,8.61166,46.68208
26034,8.61176,46.68218
26035,8.61195,46.69996
26036,8.61205,46.70006
26037,8.61215,46.70016
26038,8.61225,46.70026
26039,8.61234,46.71795
26040,8.61235,46.70036
26041,8.61244,46.71805
26042,8.61254,46.71815
26043,8.61264,46.71825
26044,8.61273,46.73594
26045,8.61274,46.71835
26046,8.61283,46.73604
26047,8.61293,46.73614
26048,8.61303,46.73624
26049,8.61312,46.75393
26050,8.61313,46.73634
26051,8.61322,46.75403
26052,8.61332,46.75413
26053,8.61342,46.75423
26054,8.61352,46.75433
26055,8.61391,46.78991
26056,8.61401,46.79001
26057,8.61411,46.79011
26058,8.6143,46.8079
26059,8.6144,46.808
26060,8.6145,46.8081
26061,8.6146,46.8082
26062,8.61469,46.82589
26063,8.6147,46.8083
26064,8.61479,46.82599
26065,8.61489,46.82609
26066,8.61499,46.82619
26067,8.61508,46.84387
26068,8.61509,46.82629
26069,8.61518,46.84397
26070,8.61528,46.84407
26071,8.61538,46.84417
26072,8.61548,46.84427
26073,8.61548,46.86186
26074,8.61558,46.86196
26075,8.61568,46.86206
26076,8.61578,46.86216
26077,8.61587,46.87985
26078,8.61588,46.86226
26079,8.61597,46.87995
26080,8.61607,46.88005
26081,8.61617,46.88015
26082,8.61627,46.88025
26083,8.61627,46.89784
26084,8.61637,46.89794
26085,8.61647,46.89804
26086,8.61657,46.89814
26087,8.61666,46.91583
26088,8.61667,46.89824
26089,8.61676,46.91593
26090,8.61686,46.91603
26091,8.61696,46.91613
26092,8.61705,46.93382
26093,8.61706,46.91623
26094,8.61715,46.93392
26095,8.61725,46.93402
26096,8.61735,46.93412
26097,8.61745,46.93422
26098,8.61745,46.95181
26099,8.61755,46.95191
26100,8.61765,46.95201
26101,8.61775,46.95211
26102,8.61784,46.96979
26103,8.61785,46.95221
26104,8.61794,46.96989
26105,8.61804,46.96999
26106,8.61814,46.97009
26107,8.61824,46.97019
26108,8.61824,46.98778
26109,8.61834,46.98788
26110,8.61844,46.98798
26111,8.61854,46.98808
26112,8.61863,47.00577
26113,8.61864,46.98818
26114,8.61873,47.00587
26115,8.61883,47.00597
26116,8.61893,47.00607
26117,8.61903,47.00617
26118,8.61903,47.02376
26119,8.61913,47.02386
26120,8.61923,47.02396
26121,8.61933,47.02406
26122,8.61943,47.02416
26123,8.61943,47.04175
26124,8.61953,47.04185
26125,8.61963,47.04195
26126,8.61973,47.04205
26127,8.61982,47.05973
26128,8.61983,47.04215
26129,8.61992,47.05983
26130,8.62002,47.05993
26131,8.62012,47.06003
26132,8.62022,47.06013
26133,8.62022,47.07772
26134,8.62032,47.07782
26135,8.62042,47.07792
26136,8.62052,47.07802
26137,8.62061,47.09571
26138,8.62062,47.07812
26139,8.62071,47.09581
26140,8.62081,47.09591
26141,8.62091,47.09601
26142,8.62101,47.09611
26143,8.62101,47.1137
26144,8.62111,47.1138
26145,8.62121,47.1139
26146,8.62131,47.114
26147,8.62141,47.1141
26148,8.62141,47.13169
26149,8.62151,47.13179
26150,8.62161,47.13189
26151,8.62171,47.13199
26152,8.62181,47.13209
26153,8.62181,47.14967
26154,8.62191,47.14977
26155,8.62201,47.14987
26156,8.62211,47.14997
26157,8.6222,47.16766
26158,8.62221,47.15007
26159,8.6223,47.16776
26160,8.6224,47.16786
26161,8.6225,47.16796
26162,8.6226,47.16806
26163,8.6226,47.18565
26164,8.6227,47.18575
26165,8.6228,47.18585
26166,8.6229,47.18595
26167,8.623,47.18605
26168,8.623,47.20364
26169,8.6231,47.20374
26170,8.6232,47.20384
26171,8.6233,47.20394
26172,8.6234,47.20404
26173,8.6234,47.22162
26174,8.6235,47.22172
26175,8.6236,47.22182
26176,8.6237,47.22192
26177,8.6238,47.22202
26178,8.6238,47.23961
26179,8.6239,47.23971
26180,8.624,47.23981
26181,8.6241,47.23991
26182,8.6242,47.24001
26183,8.6242,47.2576
26184,8.6243,47.2577
26185,8.6244,47.2578
26186,8.6245,47.2579
26187,8.6246,47.258
26188,8.6246,47.27558
26189,8.6247,47.27568
26190,8.6248,47.27578
26191,8.6249,47.27588
26192,8.625,47.27598
26193,8.625,47.29357
26194,8.6251,47.29367
26195,8.6252,47.29377
26196,8.6253,47.29387
26197,8.6254,47.29397
26198,8.6254,47.31156
26199,8.6255,47.31166
26200,8.6256,47.31176
26201,8.6257,47.31186
26202,8.6258,47.31196
26203,8.6258,47.32954
26204,8.62583,46.14203
26205,8.6259,47.32964
26206,8.62593,46.14213
26207,8.626,47.32974
26208,8.62603,46.14223
26209,8.6261,47.32984
26210,8.62613,46.14233
26211,8.6262,47.32994
26212,8.6262,47.34753
26213,8.62622,46.16002
26214,8.62623,46.14243
26215,8.6263,47.34763
26216,8.62632,46.16012
26217,8.6264,47.34773
26218,8.62642,46.16022
26219,8.6265,47.34783
26220,8.62652,46.16032
26221,8.6266,47.34793
26222,8.6266,47.36552
26223,8.62661,46.17801
26224,8.62662,46.16042
26225,8.6267,47.36562
26226,8.62671,46.17811
26227,8.6268,47.36572
26228,8.62681,46.17821
26229,8.6269,47.36582
26230,8.62691,46.17831
26231,8.627,46.196
26232,8.627,47.36592
26233,8.627,47.3835
26234,8.62701,46.17841
26235,8.6271,46.1961
26236,8.6271,47.3836
26237,8.6272,46.1962
26238,8.6272,47.3837
26239,8.6273,46.1963
26240,8.6273,47.3838
26241,8.6274,46.1964
26242,8.6274,46.21399
26243,8.6274,47.3839
26244,8.6274,47.40149
26245,8.6275,46.21409
26246,8.6275,47.40159
26247,8.6276,46.21419
26248,8.6276,47.40169
26249,8.6277,46.21429
26250,8.6277,47.40179
26251,8.62779,46.23198
26252,8.6278,46.21439
26253,8.6278,47.40189
26254,8.6278,47.41948
26255,8.62789,46.23208
26256,8.6279,47.41958
26257,8.62799,46.23218
26258,8.628,47.41968
26259,8.62809,46.23228
26260,8.6281,47.41978
26261,8.62818,46.24996
26262,8.62819,46.23238
26263,8.6282,47.41988
26264,8.6282,47.43746
26265,8.6283,47.43756
26266,8.6284,47.43766
26267,8.6285,47.43776
26268,8.62858,46.26795
26269,8.6286,47.43786
26270,8.62861,47.45545
26271,8.62868,46.26805
26272,8.62871,47.45555
26273,8.62878,46.26815
26274,8.62881,47.45565
26275,8.62888,46.26825
26276,8.62891,47.45575
26277,8.62897,46.28594
26278,8.62898,46.26835
26279,8.62901,47.45585
26280,8.62901,47.47343
26281,8.62907,46.28604
26282,8.62911,47.47353
26283,8.62917,46.28614
26284,8.62921,47.47363
26285,8.62927,46.28624
26286,8.62931,47.47373
26287,8.62936,46.30393
26288,8.62937,46.28634
26289,8.62941,47.47383
26290,8.62941,47.49142
26291,8.62946,46.30403
26292,8.62951,47.49152
26293,8.62956,46.30413
26294,8.62961,47.49162
26295,8.62966,46.30423
26296,8.62971,47.49172
26297,8.62976,46.30433
26298,8.62976,46.32192
26299,8.62981,47.49182
26300,8.62981,47.50941
26301,8.62986,46.32202
26302,8.62991,47.50951
26303,8.62996,46.32212
26304,8.63001,47.50961
26305,8.63006,46.32222
26306,8.63011,47.50971
26307,8.63015,46.33991
26308,8.63016,46.32232
26309,8.63021,47.50981
26310,8.63022,47.52739
26311,8.63025,46.34001
26312,8.63032,47.52749
26313,8.63035,46.34011
26314,8.63042,47.52759
26315,8.63045,46.34021
26316,8.63052,47.52769
26317,8.63055,46.34031
26318,8.63055,46.3579
26319,8.63062,47.52779
26320,8.63062,47.54538
26321,8.63065,46.358
26322,8.63072,47.54548
26323,8.63075,46.3581
26324,8.63082,47.54558
26325,8.63085,46.3582
26326,8.63092,47.54568
26327,8.63094,46.37589
26328,8.63095,46.3583
26329,8.63102,47.54578
26330,8.63102,47.56336
26331,8.63104,46.37599
26332,8.63112,47.56346
26333,8.63114,46.37609
26334,8.63122,47.56356
26335,8.63124,46.37619
26336,8.63132,47.56366
26337,8.63134,46.37629
26338,8.63134,46.39388
26339,8.63142,47.56376
26340,8.63143,47.58135
26341,8.63144,46.39398
26342,8.63153,47.58145
26343,8.63154,46.39408
26344,8.63163,47.58155
26345,8.63164,46.39418
26346,8.63173,46.41187
26347,8.63173,47.58165
26348,8.63174,46.39428
26349,8.63183,46.41197
26350,8.63183,47.58175
26351,8.63183,47.59933
26352,8.63193,46.41207
26353,8.63193,47.59943
26354,8.63203,46.41217
26355,8.63203,47.59953
26356,8.63213,46.41227
26357,8.63213,46.42986
26358,8.63213,47.59963
26359,8.63223,47.59973
26360,8.63224,47.61732
26361,8.63234,47.61742
26362,8.63244,47.61752
26363,8.63252,46.44785
26364,8.63254,47.61762
26365,8.63264,47.61772
26366,8.63264,47.6353
26367,8.63274,47.6354
26368,8.63284,47.6355
26369,8.63292,46.46583
26370,8.63294,47.6356
26371,8.63302,46.46593
26372,8.63304,47.6357
26373,8.63305,47.65329
26374,8.63315,47.65339
26375,8.63325,47.65349
26376,8.63332,46.48382
26377,8.63335,47.65359
26378,8.63342,46.48392
26379,8.63345,47.65369
26380,8.63345,47.67127
26381,8.63355,47.67137
26382,8.63365,47.67147
26383,8.63371,46.50181
26384,8.63375,47.67157
26385,8.63381,46.50191
26386,8.63385,47.67167
26387,8.63386,47.68926
26388,8.63391,46.50201
26389,8.63396,47.68936
26390,8.63401,46.50211
26391,8.63406,47.68946
26392,8.63411,46.50221
26393,8.63411,46.5198
26394,8.63416,47.68956
26395,8.63421,46.5199
26396,8.63426,47.68966
26397,8.63426,47.70724
26398,8.63431,46.52
26399,8.63436,47.70734
26400,8.63441,46.5201
26401,8.63446,47.70744
26402,8.63451,46.5202
26403,8.63451,46.53779
26404,8.63456,47.70754
26405,8.63461,46.53789
26406,8.63466,47.70764
26407,8.63467,47.72523
26408,8.63471,46.53799
26409,8.63477,47.72533
26410,8.63481,46.53809
26411,8.63487,47.72543
26412,8.6349,46.55578
26413,8.63491,46.53819
26414,8.63497,47.72553
26415,8.635,46.55588
26416,8.63507,47.72563
26417,8.63508,47.74321
26418,8.6351,46.55598
26419,8.63518,47.74331
26420,8.6352,46.55608
26421,8.63528,47.74341
26422,8.6353,46.55618
26423,8.63538,47.74351
26424,8.63548,47.74361
26425,8.63548,47.76119
26426,8.63558,47.76129
26427,8.63568,47.76139
26428,8.63578,47.76149
26429,8.63588,47.76159
26430,8.6363,47.79716
26431,8.6364,47.79726
26432,8.6365,46.62774
26433,8.6365,47.79736
26434,8.6366,46.62784
26435,8.6366,47.79746
26436,8.6367,46.62794
26437,8.6367,47.79756
26438,8.6369,46.64573
26439,8.637,46.64583
26440,8.6371,46.64593
26441,8.6372,46.64603
26442,8.6373,46.64613
26443,8.6373,46.66371
26444,8.6374,46.66381
26445,8.63849,46.71768
26446,8.63859,46.71778
26447,8.63869,46.71788
26448,8.63879,46.71798
26449,8.63889,46.71808
26450,8.63889,46.73567
26451,8.63899,46.73577
26452,8.63909,46.73587
26453,8.63919,46.73597
26454,8.63929,46.73607
26455,8.6393,46.75366
26456,8.6394,46.75376
26457,8.6395,46.75386
26458,8.6396,46.75396
26459,8.6397,46.75406
26460,8.6397,46.77165
26461,8.6398,46.77175
26462,8.6399,46.77185
26463,8.64,46.77195
26464,8.6401,46.77205
26465,8.6401,46.78964
26466,8.6402,46.78974
26467,8.6403,46.78984
26468,8.6404,46.78994
26469,8.6405,46.80762
26470,8.6406,46.80772
26471,8.6407,46.80782
26472,8.6408,46.80792
26473,8.6409,46.80802
26474,8.6409,46.82561
26475,8.641,46.82571
26476,8.6411,46.82581
26477,8.6412,46.82591
26478,8.6413,46.82601
26479,8.6413,46.8436
26480,8.6414,46.8437
26481,8.6415,46.8438
26482,8.6416,46.8439
26483,8.6417,46.844
26484,8.6417,46.86159
26485,8.6418,46.86169
26486,8.6419,46.86179
26487,8.642,46.86189
26488,8.6421,46.86199
26489,8.64211,46.87958
26490,8.64221,46.87968
26491,8.64231,46.87978
26492,8.64241,46.87988
26493,8.64251,46.87998
26494,8.64251,46.89757
26495,8.64261,46.89767
26496,8.64271,46.89777
26497,8.64281,46.89787
26498,8.64291,46.89797
26499,8.64291,46.91556
26500,8.64301,46.91566
26501,8.64311,46.91576
26502,8.64321,46.91586
26503,8.64331,46.91596
26504,8.64331,46.93354
26505,8.64341,46.93364
26506,8.64351,46.93374
26507,8.64372,46.95153
26508,8.64382,46.95163
26509,8.64392,46.95173
26510,8.64402,46.95183
26511,8.64412,46.95193
26512,8.64412,46.96952
26513,8.64422,46.96962
26514,8.64432,46.96972
26515,8.64442,46.96982
26516,8.64452,46.96992
26517,8.64453,46.98751
26518,8.64463,46.98761
26519,8.64473,46.98771
26520,8.64483,46.98781
26521,8.64493,46.98791
26522,8.64493,47.0055
26523,8.64503,47.0056
26524,8.64513,47.0057
26525,8.64523,47.0058
26526,8.64533,47.0059
26527,8.64533,47.02348
26528,8.64543,47.02358
26529,8.64553,47.02368
26530,8.64563,47.02378
26531,8.64573,47.02388
26532,8.64574,47.04147
26533,8.64584,47.04157
26534,8.64594,47.04167
26535,8.64604,47.04177
26536,8.64614,47.04187
26537,8.64614,47.05946
26538,8.64624,47.05956
26539,8.64634,47.05966
26540,8.64644,47.05976
26541,8.64654,47.05986
26542,8.64655,47.07745
26543,8.64665,47.07755
26544,8.64675,47.07765
26545,8.64685,47.07775
26546,8.64695,47.07785
26547,8.64695,47.09544
26548,8.64705,47.09554
26549,8.64715,47.09564
26550,8.64725,47.09574
26551,8.64735,47.09584
26552,8.64736,47.11342
26553,8.64746,47.11352
26554,8.64756,47.11362
26555,8.64766,47.11372
26556,8.64776,47.11382
26557,8.64777,47.13141
26558,8.64787,47.13151
26559,8.64797,47.13161
26560,8.64807,47.13171
26561,8.64817,47.13181
26562,8.64817,47.1494
26563,8.64827,47.1495
26564,8.64837,47.1496
26565,8.64847,47.1497
26566,8.64857,47.1498
26567,8.64858,47.16739
26568,8.64868,47.16749
26569,8.64878,47.16759
26570,8.64888,47.16769
26571,8.64898,47.16779
26572,8.64899,47.18537
26573,8.64909,47.18547
26574,8.64919,47.18557
26575,8.64929,47.18567
26576,8.64939,47.18577
26577,8.64939,47.20336
26578,8.64949,47.20346
26579,8.64959,47.20356
26580,8.64969,47.20366
26581,8.64979,47.20376
26582,8.6498,47.22135
26583,8.6499,47.22145
26584,8.65,47.22155
26585,8.6501,47.22165
26586,8.6502,47.22175
26587,8.65021,47.23934
26588,8.65031,47.23944
26589,8.65041,47.23954
26590,8.65051,47.23964
26591,8.65061,47.23974
26592,8.65062,47.25732
26593,8.65072,47.25742
26594,8.65082,47.25752
26595,8.65092,47.25762
26596,8.65102,47.25772
26597,8.65103,47.27531
26598,8.65113,47.27541
26599,8.65123,47.27551
26600,8.65133,47.27561
26601,8.65143,47.27571
26602,8.65143,47.2933
26603,8.65153,47.2934
26604,8.65163,47.2935
26605,8.65171,46.14175
26606,8.65173,47.2936
26607,8.65181,46.14185
26608,8.65183,47.2937
26609,8.65184,47.31128
26610,8.65191,46.14195
26611,8.65194,47.31138
26612,8.65201,46.14205
26613,8.65204,47.31148
26614,8.65211,46.14215
26615,8.65211,46.15974
26616,8.65214,47.31158
26617,8.65221,46.15984
26618,8.65224,47.31168
26619,8.65225,47.32927
26620,8.65231,46.15994
26621,8.65235,47.32937
26622,8.65241,46.16004
26623,8.65245,47.32947
26624,8.65251,46.16014
26625,8.65251,46.17773
26626,8.65255,47.32957
26627,8.65261,46.17783
26628,8.65265,47.32967
26629,8.65266,47.34726
26630,8.65271,46.17793
26631,8.65276,47.34736
26632,8.65281,46.17803
26633,8.65286,47.34746
26634,8.65291,46.17813
26635,8.65291,46.19572
26636,8.65296,47.34756
26637,8.65301,46.19582
26638,8.65306,47.34766
26639,8.65307,47.36524
26640,8.65311,46.19592
26641,8.65317,47.36534
26642,8.65321,46.19602
26643,8.65327,47.36544
26644,8.65331,46.19612
26645,8.65331,46.21371
26646,8.65337,47.36554
26647,8.65341,46.21381
26648,8.65347,47.36564
26649,8.65348,47.38323
26650,8.65358,47.38333
26651,8.65368,47.38343
26652,8.65378,47.38353
26653,8.65388,47.38363
26654,8.65389,47.40121
26655,8.65399,47.40131
26656,8.65409,47.40141
26657,8.65411,46.24969
26658,8.65419,47.40151
26659,8.65421,46.24979
26660,8.65429,47.40161
26661,8.6543,47.4192
26662,8.65431,46.24989
26663,8.6544,47.4193
26664,8.65441,46.24999
26665,8.6545,47.4194
26666,8.65451,46.25009
26667,8.65451,46.26768
26668,8.6546,47.4195
26669,8.65461,46.26778
26670,8.6547,47.4196
26671,8.65471,46.26788
26672,8.65471,47.43719
26673,8.65481,46.26798
26674,8.65481,47.43729
26675,8.65491,46.26808
26676,8.65491,47.43739
26677,8.65492,46.28567
26678,8.65501,47.43749
26679,8.65502,46.28577
26680,8.65511,47.43759
26681,8.65512,46.28587
26682,8.65512,47.45517
26683,8.65522,46.28597
26684,8.65522,47.45527
26685,8.65532,46.28607
26686,8.65532,46.30366
26687,8.65532,47.45537
26688,8.65542,46.30376
26689,8.65542,47.45547
26690,8.65552,46.30386
26691,8.65552,47.45557
26692,8.65554,47.47316
26693,8.65562,46.30396
26694,8.65564,47.47326
26695,8.65572,46.30406
26696,8.65572,46.32165
26697,8.65574,47.47336
26698,8.65584,47.47346
26699,8.65594,47.47356
26700,8.65595,47.49114
26701,8.65605,47.49124
26702,8.65613,46.33963
26703,8.65615,47.49134
26704,8.65623,46.33973
26705,8.65625,47.49144
26706,8.65635,47.49154
26707,8.65636,47.50913
26708,8.65646,47.50923
26709,8.65653,46.35762
26710,8.65656,47.50933
26711,8.65663,46.35772
26712,8.65666,47.50943
26713,8.65673,46.35782
26714,8.65676,47.50953
26715,8.65677,47.52712
26716,8.65683,46.35792
26717,8.65687,47.52722
26718,8.65693,46.35802
26719,8.65693,46.37561
26720,8.65697,47.52732
26721,8.65703,46.37571
26722,8.65707,47.52742
26723,8.65713,46.37581
26724,8.65717,47.52752
26725,8.65718,47.5451
26726,8.65723,46.37591
26727,8.65728,47.5452
26728,8.65733,46.37601
26729,8.65734,46.3936
26730,8.65738,47.5453
26731,8.65744,46.3937
26732,8.65748,47.5454
26733,8.65754,46.3938
26734,8.65758,47.5455
26735,8.6576,47.56309
26736,8.65764,46.3939
26737,8.6577,47.56319
26738,8.65774,46.394
26739,8.65774,46.41159
26740,8.6578,47.56329
26741,8.65784,46.41169
26742,8.6579,47.56339
26743,8.65794,46.41179
26744,8.658,47.56349
26745,8.65801,47.58107
26746,8.65804,46.41189
26747,8.65811,47.58117
26748,8.65814,46.41199
26749,8.65814,46.42958
26750,8.65821,47.58127
26751,8.65824,46.42968
26752,8.65831,47.58137
26753,8.65834,46.42978
26754,8.65841,47.58147
26755,8.65842,47.59906
26756,8.65844,46.42988
26757,8.65852,47.59916
26758,8.65854,46.42998
26759,8.65855,46.44757
26760,8.65862,47.59926
26761,8.65865,46.44767
26762,8.65872,47.59936
26763,8.65875,46.44777
26764,8.65882,47.59946
26765,8.65884,47.61704
26766,8.65885,46.44787
26767,8.65894,47.61714
26768,8.65895,46.44797
26769,8.65895,46.46556
26770,8.65904,47.61724
26771,8.65914,47.61734
26772,8.65924,47.61744
26773,8.65925,47.63503
26774,8.65935,47.63513
26775,8.65945,47.63523
26776,8.65955,47.63533
26777,8.65965,47.63543
26778,8.65966,47.65301
26779,8.65976,46.50154
26780,8.65976,47.65311
26781,8.65986,46.50164
26782,8.65986,47.65321
26783,8.65996,46.50174
26784,8.65996,47.65331
26785,8.66006,46.50184
26786,8.66006,47.65341
26787,8.66008,47.671
26788,8.66017,46.51953
26789,8.66018,47.6711
26790,8.66027,46.51963
26791,8.66028,47.6712
26792,8.66037,46.51973
26793,8.66038,47.6713
26794,8.66047,46.51983
26795,8.66048,47.6714
26796,8.66049,47.68898
26797,8.66057,46.51993
26798,8.66058,46.53751
26799,8.66059,47.68908
26800,8.66068,46.53761
26801,8.66069,47.68918
26802,8.66078,46.53771
26803,8.66079,47.68928
26804,8.66089,47.68938
26805,8.66091,47.70696
26806,8.66098,46.5555
26807,8.66101,47.70706
26808,8.66108,46.5556
26809,8.66111,47.70716
26810,8.66118,46.5557
26811,8.66121,47.70726
26812,8.66128,46.5558
26813,8.66131,47.70736
26814,8.66132,47.72495
26815,8.66138,46.5559
26816,8.66142,47.72505
26817,8.66152,47.72515
26818,8.66162,47.72525
26819,8.66172,47.72535
26820,8.66174,47.74293
26821,8.6618,46.59148
26822,8.66184,47.74303
26823,8.6619,46.59158
26824,8.66194,47.74313
26825,8.662,46.59168
26826,8.66204,47.74323
26827,8.6621,46.59178
26828,8.66214,47.74333
26829,8.66216,47.76092
26830,8.6622,46.60947
26831,8.66226,47.76102
26832,8.6623,46.60957
26833,8.66236,47.76112
26834,8.6624,46.60967
26835,8.66246,47.76122
26836,8.66256,47.76132
26837,8.66257,47.7789
26838,8.66261,46.62746
26839,8.66267,47.779
26840,8.66277,47.7791
26841,8.66287,47.7792
26842,8.66297,47.7793
26843,8.66299,47.79688
26844,8.66302,46.64545
26845,8.66309,47.79698
26846,8.66319,47.79708
26847,8.66329,47.79718
26848,8.66339,47.79728
26849,8.66342,46.66344
26850,8.66352,46.66354
26851,8.66362,46.66364
26852,8.66372,46.66374
26853,8.66382,46.66384
26854,8.66424,46.69941
26855,8.66434,46.69951
26856,8.66444,46.69961
26857,8.66454,46.69971
26858,8.66506,46.73539
26859,8.66516,46.73549
26860,8.66526,46.73559
26861,8.66547,46.75338
26862,8.66557,46.75348
26863,8.66567,46.75358
26864,8.66577,46.75368
26865,8.66587,46.75378
26866,8.66588,46.77137
26867,8.66598,46.77147
26868,8.66608,46.77157
26869,8.66618,46.77167
26870,8.66628,46.77177
26871,8.66629,46.78936
26872,8.66639,46.78946
26873,8.66649,46.78956
26874,8.66659,46.78966
26875,8.66669,46.78976
26876,8.6667,46.80735
26877,8.6668,46.80745
26878,8.6669,46.80755
26879,8.667,46.80765
26880,8.6671,46.80775
26881,8.66711,46.82533
26882,8.66721,46.82543
26883,8.66731,46.82553
26884,8.66741,46.82563
26885,8.66751,46.82573
26886,8.66752,46.84332
26887,8.66762,46.84342
26888,8.66772,46.84352
26889,8.66782,46.84362
26890,8.66792,46.84372
26891,8.66793,46.86131
26892,8.66803,46.86141
26893,8.66813,46.86151
26894,8.66823,46.86161
26895,8.66833,46.86171
26896,8.66834,46.8793
26897,8.66844,46.8794
26898,8.66854,46.8795
26899,8.66864,46.8796
26900,8.66874,46.8797
26901,8.66875,46.89729
26902,8.66885,46.89739
26903,8.66895,46.89749
26904,8.66905,46.89759
26905,8.66915,46.89769
26906,8.66916,46.91528
26907,8.66926,46.91538
26908,8.66936,46.91548
26909,8.66946,46.91558
26910,8.66956,46.91568
26911,8.66957,46.93326
26912,8.66967,46.93336
26913,8.66977,46.93346
26914,8.66987,46.93356
26915,8.66997,46.93366
26916,8.66999,46.95125
26917,8.67009,46.95135
26918,8.67019,46.95145
26919,8.67029,46.95155
26920,8.67039,46.95165
26921,8.6704,46.96924
26922,8.6705,46.96934
26923,8.6706,46.96944
26924,8.6707,46.96954
26925,8.6708,46.96964
26926,8.67081,46.98723
26927,8.67091,46.98733
26928,8.67101,46.98743
26929,8.67111,46.98753
26930,8.67121,46.98763
26931,8.67123,47.00522
26932,8.67133,47.00532
26933,8.67143,47.00542
26934,8.67153,47.00552
26935,8.67163,47.00562
26936,8.67164,47.02321
26937,8.67174,47.02331
26938,8.67184,47.02341
26939,8.67194,47.02351
26940,8.67204,47.02361
26941,8.67205,47.04119
26942,8.67215,47.04129
26943,8.67225,47.04139
26944,8.67235,47.04149
26945,8.67245,47.04159
26946,8.67247,47.05918
26947,8.67257,47.05928
26948,8.67267,47.05938
26949,8.67277,47.05948
26950,8.67287,47.05958
26951,8.67288,47.07717
26952,8.67298,47.07727
26953,8.67308,47.07737
26954,8.67318,47.07747
26955,8.67328,47.07757
26956,8.67329,47.09516
26957,8.67339,47.09526
26958,8.67349,47.09536
26959,8.67359,47.09546
26960,8.67369,47.09556
26961,8.67371,47.11314
26962,8.67381,47.11324
26963,8.67391,47.11334
26964,8.67401,47.11344
26965,8.67411,47.11354
26966,8.67412,47.13113
26967,8.67422,47.13123
26968,8.67432,47.13133
26969,8.67442,47.13143
26970,8.67452,47.13153
26971,8.67454,47.14912
26972,8.67464,47.14922
26973,8.67474,47.14932
26974,8.67484,47.14942
26975,8.67494,47.14952
26976,8.67496,47.16711
26977,8.67506,47.16721
26978,8.67516,47.16731
26979,8.67526,47.16741
26980,8.67536,47.16751
26981,8.67537,47.18509
26982,8.67547,47.18519
26983,8.67557,47.18529
26984,8.67567,47.18539
26985,8.67577,47.18549
26986,8.67579,47.20308
26987,8.67589,47.20318
26988,8.67599,47.20328
26989,8.67609,47.20338
26990,8.67619,47.20348
26991,8.6762,47.22107
26992,8.6763,47.22117
26993,8.6764,47.22127
26994,8.6765,47.22137
26995,8.6766,47.22147
26996,8.67662,47.23905
26997,8.67672,47.23915
26998,8.67677,46.1055
26999,8.67682,47.23925
27000,8.67687,46.1056
27001,8.67692,47.23935
27002,8.67697,46.1057
27003,8.67702,47.23945
27004,8.67704,47.25704
27005,8.67707,46.1058
27006,8.67714,47.25714
27007,8.67717,46.1059
27008,8.67718,46.12348
27009,8.67724,47.25724
27010,8.67728,46.12358
27011,8.67734,47.25734
27012,8.67738,46.12368
27013,8.67744,47.25744
27014,8.67745,47.27503
27015,8.67748,46.12378
27016,8.67755,47.27513
27017,8.67758,46.12388
27018,8.67759,46.14147
27019,8.67765,47.27523
27020,8.67775,47.27533
27021,8.67785,47.27543
27022,8.67787,47.29301
27023,8.67797,47.29311
27024,8.67799,46.15946
27025,8.67807,47.29321
27026,8.67809,46.15956
27027,8.67817,47.29331
27028,8.67819,46.15966
27029,8.67827,47.29341
27030,8.67829,46.15976
27031,8.67829,47.311
27032,8.67839,46.15986
27033,8.67839,47.3111
27034,8.6784,46.17745
27035,8.67849,47.3112
27036,8.6785,46.17755
27037,8.67859,47.3113
27038,8.6786,46.17765
27039,8.67869,47.3114
27040,8.6787,46.17775
27041,8.67871,47.32899
27042,8.6788,46.17785
27043,8.67881,46.19544
27044,8.67881,47.32909
27045,8.67891,46.19554
27046,8.67891,47.32919
27047,8.67901,46.19564
27048,8.67901,47.32929
27049,8.67911,46.19574
27050,8.67911,47.32939
27051,8.67913,47.34697
27052,8.67921,46.19584
27053,8.67922,46.21343
27054,8.67923,47.34707
27055,8.67932,46.21353
27056,8.67933,47.34717
27057,8.67942,46.21363
27058,8.67943,47.34727
27059,8.67952,46.21373
27060,8.67953,47.34737
27061,8.67954,47.36496
27062,8.67962,46.21383
27063,8.67963,46.23142
27064,8.67964,47.36506
27065,8.67973,46.23152
27066,8.67974,47.36516
27067,8.67983,46.23162
27068,8.67984,47.36526
27069,8.67993,46.23172
27070,8.67994,47.36536
27071,8.67996,47.38295
27072,8.68003,46.23182
27073,8.68004,46.24941
27074,8.68006,47.38305
27075,8.68014,46.24951
27076,8.68016,47.38315
27077,8.68024,46.24961
27078,8.68026,47.38325
27079,8.68034,46.24971
27080,8.68036,47.38335
27081,8.68038,47.40093
27082,8.68044,46.24981
27083,8.68045,46.2674
27084,8.68048,47.40103
27085,8.68055,46.2675
27086,8.68058,47.40113
27087,8.68065,46.2676
27088,8.68068,47.40123
27089,8.68075,46.2677
27090,8.68078,47.40133
27091,8.6808,47.41892
27092,8.68085,46.2678
27093,8.68086,46.28539
27094,8.6809,47.41902
27095,8.68096,46.28549
27096,8.681,47.41912
27097,8.68106,46.28559
27098,8.6811,47.41922
27099,8.68116,46.28569
27100,8.6812,47.41932
27101,8.68122,47.43691
27102,8.68126,46.28579
27103,8.68128,46.30337
27104,8.68132,47.43701
27105,8.68138,46.30347
27106,8.68142,47.43711
27107,8.68148,46.30357
27108,8.68152,47.43721
27109,8.68158,46.30367
27110,8.68162,47.43731
27111,8.68164,47.45489
27112,8.68168,46.30377
27113,8.68169,46.32136
27114,8.68174,47.45499
27115,8.68184,47.45509
27116,8.68194,47.45519
27117,8.68204,47.45529
27118,8.68206,47.47288
27119,8.68216,47.47298
27120,8.68226,47.47308
27121,8.68236,47.47318
27122,8.68246,47.47328
27123,8.68248,47.49086
27124,8.68251,46.35734
27125,8.68258,47.49096
27126,8.68268,47.49106
27127,8.68278,47.49116
27128,8.68288,47.49126
27129,8.6829,47.50885
27130,8.683,47.50895
27131,8.6831,47.50905
27132,8.6832,47.50915
27133,8.6833,47.50925
27134,8.68333,46.39332
27135,8.68333,47.52683
27136,8.68343,46.39342
27137,8.68343,47.52693
27138,8.68353,46.39352
27139,8.68353,47.52703
27140,8.68363,46.39362
27141,8.68363,47.52713
27142,8.68373,46.39372
27143,8.68373,47.52723
27144,8.68375,47.54482
27145,8.68385,47.54492
27146,8.68395,47.54502
27147,8.68405,47.54512
27148,8.68415,47.54522
27149,8.68416,46.4293
27150,8.68417,47.5628
27151,8.68426,46.4294
27152,8.68427,47.5629
27153,8.68437,47.563
27154,8.68447,47.5631
27155,8.68457,46.44729
27156,8.68457,47.5632
27157,8.68459,47.58079
27158,8.68467,46.44739
27159,8.68469,47.58089
27160,8.68477,46.44749
27161,8.68479,47.58099
27162,8.68489,47.58109
27163,8.68499,46.46528
27164,8.68499,47.58119
27165,8.68501,47.59877
27166,8.68511,47.59887
27167,8.68521,47.59897
27168,8.68531,47.59907
27169,8.68541,47.59917
27170,8.68544,47.61676
27171,8.68554,47.61686
27172,8.68564,47.61696
27173,8.68574,47.61706
27174,8.68582,46.50125
27175,8.68584,47.61716
27176,8.68586,47.63474
27177,8.68592,46.50135
27178,8.68596,47.63484
27179,8.68602,46.50145
27180,8.68606,47.63494
27181,8.68612,46.50155
27182,8.68616,47.63504
27183,8.68622,46.50165
27184,8.68623,46.51924
27185,8.68626,47.63514
27186,8.68628,47.65273
27187,8.68633,46.51934
27188,8.68638,47.65283
27189,8.68643,46.51944
27190,8.68648,47.65293
27191,8.68653,46.51954
27192,8.68658,47.65303
27193,8.68663,46.51964
27194,8.68664,46.53723
27195,8.68668,47.65313
27196,8.6867,47.67071
27197,8.68674,46.53733
27198,8.6868,47.67081
27199,8.68684,46.53743
27200,8.6869,47.67091
27201,8.68694,46.53753
27202,8.687,47.67101
27203,8.68704,46.53763
27204,8.6871,47.67111
27205,8.68713,47.6887
27206,8.68723,47.6888
27207,8.68733,47.6889
27208,8.68743,47.689
27209,8.68747,46.57321
27210,8.68753,47.6891
27211,8.68755,47.70668
27212,8.68757,46.57331
27213,8.68765,47.70678
27214,8.68767,46.57341
27215,8.68775,47.70688
27216,8.68785,47.70698
27217,8.68789,46.5912
27218,8.68795,47.70708
27219,8.68798,47.72466
27220,8.68808,47.72476
27221,8.68818,47.72486
27222,8.68828,47.72496
27223,8.68831,46.60919
27224,8.6884,47.74265
27225,8.6885,47.74275
27226,8.6886,47.74285
27227,8.6887,47.74295
27228,8.68872,46.62718
27229,8.6888,47.74305
27230,8.68883,47.76063
27231,8.68893,47.76073
27232,8.68903,47.76083
27233,8.68913,47.76093
27234,8.68914,46.64516
27235,8.68923,47.76103
27236,8.68924,46.64526
27237,8.68925,47.77862
27238,8.68934,46.64536
27239,8.68935,47.77872
27240,8.68945,47.77882
27241,8.68955,46.66315
27242,8.68955,47.77892
27243,8.68965,46.66325
27244,8.68965,47.77902
27245,8.68975,46.66335
27246,8.68985,46.66345
27247,8.68995,46.66355
27248,8.69081,46.71712
27249,8.69164,46.7531
27250,8.69174,46.7532
27251,8.69206,46.77108
27252,8.69216,46.77118
27253,8.69226,46.77128
27254,8.69236,46.77138
27255,8.69246,46.77148
27256,8.69248,46.78907
27257,8.69258,46.78917
27258,8.69268,46.78927
27259,8.6929,46.80706
27260,8.693,46.80716
27261,8.6931,46.80726
27262,8.6932,46.80736
27263,8.69332,46.82505
27264,8.69373,46.84304
27265,8.69383,46.84314
27266,8.69393,46.84324
27267,8.69403,46.84334
27268,8.69413,46.84344
27269,8.69415,46.86103
27270,8.69425,46.86113
27271,8.69435,46.86123
27272,8.69445,46.86133
27273,8.69455,46.86143
27274,8.69457,46.87902
27275,8.69467,46.87912
27276,8.69477,46.87922
27277,8.69487,46.87932
27278,8.69497,46.87942
27279,8.69499,46.897
27280,8.69509,46.8971
27281,8.69519,46.8972
27282,8.69529,46.8973
27283,8.69539,46.8974
27284,8.69541,46.91499
27285,8.69551,46.91509
27286,8.69561,46.91519
27287,8.69571,46.91529
27288,8.69581,46.91539
27289,8.69584,46.93298
27290,8.69594,46.93308
27291,8.69604,46.93318
27292,8.69614,46.93328
27293,8.69624,46.93338
27294,8.69626,46.95097
27295,8.69636,46.95107
27296,8.69646,46.95117
27297,8.69656,46.95127
27298,8.69666,46.95137
27299,8.69668,46.96896
27300,8.69678,46.96906
27301,8.69688,46.96916
27302,8.69698,46.96926
27303,8.69708,46.96936
27304,8.6971,46.98694
27305,8.6972,46.98704
27306,8.6973,46.98714
27307,8.6974,46.98724
27308,8.6975,46.98734
27309,8.69752,47.00493
27310,8.69762,47.00503
27311,8.69772,47.00513
27312,8.69782,47.00523
27313,8.69792,47.00533
27314,8.69794,47.02292
27315,8.69804,47.02302
27316,8.69814,47.02312
27317,8.69824,47.02322
27318,8.69834,47.02332
27319,8.69837,47.04091
27320,8.69847,47.04101
27321,8.69857,47.04111
27322,8.69867,47.04121
27323,8.69877,47.04131
27324,8.69879,47.05889
27325,8.69889,47.05899
27326,8.69899,47.05909
27327,8.69909,47.05919
27328,8.69919,47.05929
27329,8.69921,47.07688
27330,8.69931,47.07698
27331,8.69941,47.07708
27332,8.69951,47.07718
27333,8.69961,47.07728
27334,8.69963,47.09487
27335,8.69973,47.09497
27336,8.69983,47.09507
27337,8.69993,47.09517
27338,8.70003,47.09527
27339,8.70006,47.11286
27340,8.70016,47.11296
27341,8.70026,47.11306
27342,8.70036,47.11316
27343,8.70048,47.13084
27344,8.70058,47.13094
27345,8.70068,47.13104
27346,8.70078,47.13114
27347,8.70088,47.13124
27348,8.70091,47.14883
27349,8.70101,47.14893
27350,8.70111,47.14903
27351,8.70121,47.14913
27352,8.70131,47.14923
27353,8.70133,47.16682
27354,8.70143,47.16692
27355,8.70153,47.16702
27356,8.70163,47.16712
27357,8.70173,47.16722
27358,8.70175,47.18481
27359,8.70185,47.18491
27360,8.70195,47.18501
27361,8.70205,47.18511
27362,8.70215,47.18521
27363,8.70218,47.20279
27364,8.70228,47.20289
27365,8.70238,47.20299
27366,8.70248,47.20309
27367,8.70258,47.20319
27368,8.70261,47.22078
27369,8.70263,46.10521
27370,8.70271,47.22088
27371,8.70273,46.10531
27372,8.70281,47.22098
27373,8.70283,46.10541
27374,8.70291,47.22108
27375,8.70293,46.10551
27376,8.70301,47.22118
27377,8.70303,46.10561
27378,8.70303,47.23877
27379,8.70305,46.1232
27380,8.70313,47.23887
27381,8.70315,46.1233
27382,8.70323,47.23897
27383,8.70325,46.1234
27384,8.70333,47.23907
27385,8.70335,46.1235
27386,8.70343,47.23917
27387,8.70345,46.1236
27388,8.70346,46.14119
27389,8.70346,47.25675
27390,8.70356,46.14129
27391,8.70356,47.25685
27392,8.70366,46.14139
27393,8.70366,47.25695
27394,8.70376,46.14149
27395,8.70376,47.25705
27396,8.70386,46.14159
27397,8.70386,47.25715
27398,8.70388,46.15918
27399,8.70388,47.27474
27400,8.70398,46.15928
27401,8.70398,47.27484
27402,8.70408,46.15938
27403,8.70408,47.27494
27404,8.70418,46.15948
27405,8.70418,47.27504
27406,8.70428,46.15958
27407,8.70428,47.27514
27408,8.7043,46.17716
27409,8.70431,47.29273
27410,8.7044,46.17726
27411,8.70441,47.29283
27412,8.7045,46.17736
27413,8.70451,47.29293
27414,8.7046,46.17746
27415,8.70461,47.29303
27416,8.7047,46.17756
27417,8.70471,47.29313
27418,8.70472,46.19515
27419,8.70474,47.31071
27420,8.70482,46.19525
27421,8.70484,47.31081
27422,8.70492,46.19535
27423,8.70494,47.31091
27424,8.70502,46.19545
27425,8.70504,47.31101
27426,8.70512,46.19555
27427,8.70514,46.21314
27428,8.70514,47.31111
27429,8.70516,47.3287
27430,8.70524,46.21324
27431,8.70526,47.3288
27432,8.70534,46.21334
27433,8.70536,47.3289
27434,8.70546,47.329
27435,8.70555,46.23113
27436,8.70556,47.3291
27437,8.70559,47.34669
27438,8.70565,46.23123
27439,8.70569,47.34679
27440,8.70575,46.23133
27441,8.70579,47.34689
27442,8.70585,46.23143
27443,8.70589,47.34699
27444,8.70595,46.23153
27445,8.70597,46.24912
27446,8.70599,47.34709
27447,8.70602,47.36467
27448,8.70607,46.24922
27449,8.70612,47.36477
27450,8.70617,46.24932
27451,8.70622,47.36487
27452,8.70627,46.24942
27453,8.70632,47.36497
27454,8.70637,46.24952
27455,8.70639,46.26711
27456,8.70642,47.36507
27457,8.70645,47.38266
27458,8.70649,46.26721
27459,8.70655,47.38276
27460,8.70659,46.26731
27461,8.70665,47.38286
27462,8.70669,46.26741
27463,8.70675,47.38296
27464,8.70679,46.26751
27465,8.70681,46.2851
27466,8.70685,47.38306
27467,8.70687,47.40065
27468,8.70691,46.2852
27469,8.70697,47.40075
27470,8.70701,46.2853
27471,8.70707,47.40085
27472,8.70711,46.2854
27473,8.70717,47.40095
27474,8.70721,46.2855
27475,8.70723,46.30309
27476,8.70727,47.40105
27477,8.7073,47.41863
27478,8.7074,47.41873
27479,8.7075,47.41883
27480,8.7076,47.41893
27481,8.7077,47.41903
27482,8.70773,47.43662
27483,8.70783,47.43672
27484,8.70793,47.43682
27485,8.70803,47.43692
27486,8.70813,47.43702
27487,8.70816,47.4546
27488,8.70826,47.4547
27489,8.70836,47.4548
27490,8.70846,47.4549
27491,8.70856,47.455
27492,8.70859,47.47259
27493,8.70869,47.47269
27494,8.70879,47.47279
27495,8.70889,47.47289
27496,8.70899,47.47299
27497,8.70902,47.49057
27498,8.70912,47.49067
27499,8.70922,47.49077
27500,8.70932,47.49087
27501,8.70933,46.39303
27502,8.70942,47.49097
27503,8.70943,46.39313
27504,8.70945,47.50856
27505,8.70955,47.50866
27506,8.70965,47.50876
27507,8.70975,46.41102
27508,8.70975,47.50886
27509,8.70985,46.41112
27510,8.70985,47.50896
27511,8.70988,47.52654
27512,8.70995,46.41122
27513,8.70998,47.52664
27514,8.71008,47.52674
27515,8.71018,47.52684
27516,8.71028,47.52694
27517,8.71031,47.54453
27518,8.71041,47.54463
27519,8.71051,47.54473
27520,8.71061,47.54483
27521,8.71071,47.54493
27522,8.71074,47.56252
27523,8.71084,47.56262
27524,8.71094,47.56272
27525,8.71102,46.46499
27526,8.71104,47.56282
27527,8.71112,46.46509
27528,8.71114,47.56292
27529,8.71117,47.5805
27530,8.71127,47.5806
27531,8.71137,47.5807
27532,8.71144,46.48298
27533,8.71147,47.5808
27534,8.71154,46.48308
27535,8.71157,47.5809
27536,8.7116,47.59849
27537,8.7117,47.59859
27538,8.7118,47.59869
27539,8.71187,46.50096
27540,8.7119,47.59879
27541,8.71197,46.50106
27542,8.712,47.59889
27543,8.71203,47.61647
27544,8.71207,46.50116
27545,8.71213,47.61657
27546,8.71217,46.50126
27547,8.71223,47.61667
27548,8.71227,46.50136
27549,8.71229,46.51895
27550,8.71233,47.61677
27551,8.71239,46.51905
27552,8.71243,47.61687
27553,8.71247,47.63445
27554,8.71249,46.51915
27555,8.71257,47.63455
27556,8.71259,46.51925
27557,8.71267,47.63465
27558,8.71269,46.51935
27559,8.71271,46.53694
27560,8.71277,47.63475
27561,8.71287,47.63485
27562,8.7129,47.65244
27563,8.713,47.65254
27564,8.7131,47.65264
27565,8.71314,46.55493
27566,8.7132,47.65274
27567,8.71324,46.55503
27568,8.7133,47.65284
27569,8.71333,47.67042
27570,8.71334,46.55513
27571,8.71343,47.67052
27572,8.71344,46.55523
27573,8.71353,47.67062
27574,8.71354,46.55533
27575,8.71363,47.67072
27576,8.71373,47.67082
27577,8.71376,47.68841
27578,8.71386,47.68851
27579,8.71396,47.68861
27580,8.71406,47.68871
27581,8.71416,47.68881
27582,8.7142,47.70639
27583,8.7143,47.70649
27584,8.7144,47.70659
27585,8.7145,47.70669
27586,8.7146,47.70679
27587,8.71463,47.72438
27588,8.71473,47.72448
27589,8.71483,46.62689
27590,8.71483,47.72458
27591,8.71493,47.72468
27592,8.71503,47.72478
27593,8.71506,47.74236
27594,8.71516,47.74246
27595,8.71526,47.74256
27596,8.71536,47.74266
27597,8.71546,47.74276
27598,8.7155,47.76034
27599,8.7156,47.76044
27600,8.71568,46.66286
27601,8.7157,47.76054
27602,8.71578,46.66296
27603,8.7158,47.76064
27604,8.71588,46.66306
27605,8.7159,47.76074
27606,8.71598,46.66316
27607,8.71608,46.66326
27608,8.71611,46.68085
27609,8.71696,46.71683
27610,8.71706,46.71693
27611,8.71739,46.73482
27612,8.71781,46.75281
27613,8.71791,46.75291
27614,8.71801,46.75301
27615,8.71811,46.75311
27616,8.71821,46.75321
27617,8.71824,46.77079
27618,8.71834,46.77089
27619,8.71844,46.77099
27620,8.71854,46.77109
27621,8.71864,46.77119
27622,8.71867,46.78878
27623,8.71909,46.80677
27624,8.71919,46.80687
27625,8.71929,46.80697
27626,8.71952,46.82476
27627,8.71962,46.82486
27628,8.71995,46.84275
27629,8.72038,46.86074
27630,8.72048,46.86084
27631,8.72058,46.86094
27632,8.72068,46.86104
27633,8.72078,46.86114
27634,8.72081,46.87872
27635,8.72091,46.87882
27636,8.72101,46.87892
27637,8.72111,46.87902
27638,8.72121,46.87912
27639,8.72124,46.89671
27640,8.72134,46.89681
27641,8.72144,46.89691
27642,8.72154,46.89701
27643,8.72164,46.89711
27644,8.72167,46.9147
27645,8.72177,46.9148
27646,8.72187,46.9149
27647,8.72197,46.915
27648,8.72252,46.95068
27649,8.72262,46.95078
27650,8.72272,46.95088
27651,8.72282,46.95098
27652,8.72292,46.95108
27653,8.72295,46.96866
27654,8.72305,46.96876
27655,8.72315,46.96886
27656,8.72325,46.96896
27657,8.72335,46.96906
27658,8.72339,46.98665
27659,8.72349,46.98675
27660,8.72359,46.98685
27661,8.72369,46.98695
27662,8.72379,46.98705
27663,8.72382,47.00464
27664,8.72392,47.00474
27665,8.72402,47.00484
27666,8.72412,47.00494
27667,8.72422,47.00504
27668,8.72425,47.02263
27669,8.72435,47.02273
27670,8.72445,47.02283
27671,8.72455,47.02293
27672,8.72465,47.02303
27673,8.72468,47.04062
27674,8.72478,47.04072
27675,8.72488,47.04082
27676,8.72511,47.0586
27677,8.72521,47.0587
27678,8.72531,47.0588
27679,8.72541,47.0589
27680,8.72551,47.059
27681,8.72554,47.07659
27682,8.72564,47.07669
27683,8.72574,47.07679
27684,8.72584,47.07689
27685,8.72594,47.07699
27686,8.72597,47.09458
27687,8.72607,47.09468
27688,8.72617,47.09478
27689,8.72627,47.09488
27690,8.72637,47.09498
27691,8.72641,47.11257
27692,8.72651,47.11267
27693,8.72661,47.11277
27694,8.72671,47.11287
27695,8.72681,47.11297
27696,8.72684,47.13055
27697,8.72694,47.13065
27698,8.72704,47.13075
27699,8.72714,47.13085
27700,8.72724,47.13095
27701,8.72727,47.14854
27702,8.72737,47.14864
27703,8.72747,47.14874
27704,8.72757,47.14884
27705,8.72767,47.14894
27706,8.7277,47.16653
27707,8.7278,47.16663
27708,8.7279,47.16673
27709,8.728,47.16683
27710,8.7281,47.16693
27711,8.72814,47.18451
27712,8.72824,47.18461
27713,8.72834,47.18471
27714,8.72844,47.18481
27715,8.72854,47.18491
27716,8.72857,47.2025
27717,8.72867,47.2026
27718,8.72877,47.2027
27719,8.72887,47.2028
27720,8.72892,46.1229
27721,8.72897,47.2029
27722,8.72902,46.123
27723,8.72912,46.1231
27724,8.72934,46.14089
27725,8.72944,46.14099
27726,8.72944,47.23847
27727,8.72954,46.14109
27728,8.72954,47.23857
27729,8.72964,46.14119
27730,8.72964,47.23867
27731,8.72974,46.14129
27732,8.72974,47.23877
27733,8.72977,46.15888
27734,8.72984,47.23887
27735,8.72987,46.15898
27736,8.72988,47.25646
27737,8.72997,46.15908
27738,8.72998,47.25656
27739,8.73007,46.15918
27740,8.73008,47.25666
27741,8.73017,46.15928
27742,8.73018,47.25676
27743,8.7302,46.17687
27744,8.73028,47.25686
27745,8.7303,46.17697
27746,8.73031,47.27445
27747,8.7304,46.17707
27748,8.73041,47.27455
27749,8.7305,46.17717
27750,8.73051,47.27465
27751,8.7306,46.17727
27752,8.73061,47.27475
27753,8.73062,46.19486
27754,8.73071,47.27485
27755,8.73072,46.19496
27756,8.73075,47.29243
27757,8.73082,46.19506
27758,8.73085,47.29253
27759,8.73092,46.19516
27760,8.73095,47.29263
27761,8.73102,46.19526
27762,8.73105,46.21285
27763,8.73105,47.29273
27764,8.73115,46.21295
27765,8.73115,47.29283
27766,8.73118,47.31042
27767,8.73125,46.21305
27768,8.73128,47.31052
27769,8.73135,46.21315
27770,8.73138,47.31062
27771,8.73145,46.21325
27772,8.73148,46.23084
27773,8.73148,47.31072
27774,8.73158,46.23094
27775,8.73158,47.31082
27776,8.73162,47.32841
27777,8.73168,46.23104
27778,8.73172,47.32851
27779,8.73178,46.23114
27780,8.73182,47.32861
27781,8.73188,46.23124
27782,8.7319,46.24883
27783,8.73192,47.32871
27784,8.732,46.24893
27785,8.73202,47.32881
27786,8.73205,47.34639
27787,8.7321,46.24903
27788,8.73215,47.34649
27789,8.7322,46.24913
27790,8.73225,47.34659
27791,8.7323,46.24923
27792,8.73233,46.26681
27793,8.73235,47.34669
27794,8.73243,46.26691
27795,8.73245,47.34679
27796,8.73249,47.36438
27797,8.73253,46.26701
27798,8.73259,47.36448
27799,8.73263,46.26711
27800,8.73269,47.36458
27801,8.73273,46.26721
27802,8.73276,46.2848
27803,8.73279,47.36468
27804,8.73286,46.2849
27805,8.73289,47.36478
27806,8.73293,47.38237
27807,8.73296,46.285
27808,8.73303,47.38247
27809,8.73313,47.38257
27810,8.73319,46.30279
27811,8.73323,47.38267
27812,8.73329,46.30289
27813,8.73333,47.38277
27814,8.73336,47.40035
27815,8.73339,46.30299
27816,8.73346,47.40045
27817,8.73349,46.30309
27818,8.73356,47.40055
27819,8.73362,46.32078
27820,8.73366,47.40065
27821,8.73372,46.32088
27822,8.73376,47.40075
27823,8.7338,47.41834
27824,8.7339,47.41844
27825,8.734,47.41854
27826,8.73404,46.33877
27827,8.7341,47.41864
27828,8.7342,47.41874
27829,8.73424,47.43632
27830,8.73434,47.43642
27831,8.73444,47.43652
27832,8.73447,46.35676
27833,8.73454,47.43662
27834,8.73457,46.35686
27835,8.73464,47.43672
27836,8.73467,46.35696
27837,8.73468,47.45431
27838,8.73477,46.35706
27839,8.73478,47.45441
27840,8.73488,47.45451
27841,8.73498,47.45461
27842,8.73508,47.45471
27843,8.73512,47.47229
27844,8.73522,47.47239
27845,8.73532,47.47249
27846,8.73533,46.39274
27847,8.73542,47.47259
27848,8.73552,47.47269
27849,8.73555,47.49028
27850,8.73565,47.49038
27851,8.73575,47.49048
27852,8.73585,47.49058
27853,8.73595,47.49068
27854,8.73599,47.50827
27855,8.73609,47.50837
27856,8.73619,47.50847
27857,8.73629,47.50857
27858,8.73639,47.50867
27859,8.73643,47.52625
27860,8.73653,47.52635
27861,8.73662,46.4467
27862,8.73663,47.52645
27863,8.73672,46.4468
27864,8.73673,47.52655
27865,8.73682,46.4469
27866,8.73683,47.52665
27867,8.73687,47.54424
27868,8.73692,46.447
27869,8.73697,47.54434
27870,8.73705,46.46469
27871,8.73707,47.54444
27872,8.73717,47.54454
27873,8.73727,47.54464
27874,8.73731,47.56222
27875,8.73741,47.56232
27876,8.73748,46.48268
27877,8.73751,47.56242
27878,8.73758,46.48278
27879,8.73761,47.56252
27880,8.73768,46.48288
27881,8.73771,47.56262
27882,8.73775,47.58021
27883,8.73778,46.48298
27884,8.73785,47.58031
27885,8.73788,46.48308
27886,8.73792,46.50067
27887,8.73795,47.58041
27888,8.73802,46.50077
27889,8.73805,47.58051
27890,8.73812,46.50087
27891,8.73815,47.58061
27892,8.73819,47.59819
27893,8.73822,46.50097
27894,8.73829,47.59829
27895,8.73832,46.50107
27896,8.73835,46.51866
27897,8.73839,47.59839
27898,8.73845,46.51876
27899,8.73849,47.59849
27900,8.73855,46.51886
27901,8.73859,47.59859
27902,8.73863,47.61617
27903,8.73865,46.51896
27904,8.73873,47.61627
27905,8.73875,46.51906
27906,8.73878,46.53665
27907,8.73883,47.61637
27908,8.73893,47.61647
27909,8.73903,47.61657
27910,8.73907,47.63416
27911,8.73917,47.63426
27912,8.73921,46.55464
27913,8.73927,47.63436
27914,8.73937,47.63446
27915,8.73947,47.63456
27916,8.73951,47.65214
27917,8.73961,47.65224
27918,8.73971,47.65234
27919,8.73981,47.65244
27920,8.73991,47.65254
27921,8.73996,47.67013
27922,8.74006,47.67023
27923,8.74016,47.67033
27924,8.74026,47.67043
27925,8.74036,47.67053
27926,8.7404,47.68811
27927,8.7405,47.68821
27928,8.7406,47.68831
27929,8.7407,47.68841
27930,8.7408,47.68851
27931,8.74173,47.74206
27932,8.74181,46.66257
27933,8.74183,47.74216
27934,8.74191,46.66267
27935,8.74193,47.74226
27936,8.74201,46.66277
27937,8.74203,47.74236
27938,8.74211,46.66287
27939,8.74213,47.74246
27940,8.74221,46.66297
27941,8.74225,46.68056
27942,8.74235,46.68066
27943,8.74245,46.68076
27944,8.74255,46.68086
27945,8.74265,46.68096
27946,8.74268,46.69854
27947,8.74278,46.69864
27948,8.74442,46.7705
27949,8.74452,46.7706
27950,8.74462,46.7707
27951,8.74472,46.7708
27952,8.74482,46.7709
27953,8.74486,46.78849
27954,8.74496,46.78859
27955,8.74506,46.78869
27956,8.74516,46.78879
27957,8.74573,46.82446
27958,8.74583,46.82456
27959,8.74593,46.82466
27960,8.74603,46.82476
27961,8.74613,46.82486
27962,8.74617,46.84245
27963,8.74627,46.84255
27964,8.74637,46.84265
27965,8.74647,46.84275
27966,8.74657,46.84285
27967,8.7466,46.86044
27968,8.7467,46.86054
27969,8.7468,46.86064
27970,8.7469,46.86074
27971,8.747,46.86084
27972,8.74704,46.87843
27973,8.74714,46.87853
27974,8.74724,46.87863
27975,8.74734,46.87873
27976,8.74744,46.87883
27977,8.74748,46.89642
27978,8.74758,46.89652
27979,8.74792,46.9144
27980,8.74802,46.9145
27981,8.74812,46.9146
27982,8.74822,46.9147
27983,8.74832,46.9148
27984,8.74835,46.93239
27985,8.74879,46.95038
27986,8.74889,46.95048
27987,8.74899,46.95058
27988,8.74909,46.95068
27989,8.74923,46.96837
27990,8.74933,46.96847
27991,8.74943,46.96857
27992,8.74953,46.96867
27993,8.74963,46.96877
27994,8.74967,46.98635
27995,8.74977,46.98645
27996,8.74987,46.98655
27997,8.74997,46.98665
27998,8.75007,46.98675
27999,8.75011,47.00434
28000,8.75021,47.00444
28001,8.75031,47.00454
28002,8.75041,47.00464
28003,8.75051,47.00474
28004,8.75055,47.02233
28005,8.75065,47.02243
28006,8.75075,47.02253
28007,8.75085,47.02263
28008,8.75095,47.02273
28009,8.75099,47.04032
28010,8.75109,47.04042
28011,8.75119,47.04052
28012,8.75143,47.0583
28013,8.75187,47.07629
28014,8.75197,47.07639
28015,8.75207,47.07649
28016,8.75217,47.07659
28017,8.75227,47.07669
28018,8.75231,47.09428
28019,8.75241,47.09438
28020,8.75251,47.09448
28021,8.75261,47.09458
28022,8.75271,47.09468
28023,8.75275,47.11227
28024,8.75285,47.11237
28025,8.75295,47.11247
28026,8.75305,47.11257
28027,8.75315,47.11267
28028,8.7532,47.13025
28029,8.7533,47.13035
28030,8.7534,47.13045
28031,8.7535,47.13055
28032,8.7536,47.13065
28033,8.75364,47.14824
28034,8.75374,47.14834
28035,8.75384,47.14844
28036,8.75394,47.14854
28037,8.75404,47.14864
28038,8.75408,47.16623
28039,8.75418,47.16633
28040,8.75428,47.16643
28041,8.75435,46.10462
28042,8.75438,47.16653
28043,8.75445,46.10472
28044,8.75448,47.16663
28045,8.75452,47.18422
28046,8.75455,46.10482
28047,8.75462,47.18432
28048,8.75465,46.10492
28049,8.75472,47.18442
28050,8.75475,46.10502
28051,8.75482,47.18452
28052,8.75492,47.18462
28053,8.75496,47.2022
28054,8.75506,47.2023
28055,8.75516,47.2024
28056,8.75526,47.2025
28057,8.75536,47.2026
28058,8.75566,46.15858
28059,8.75576,46.15868
28060,8.75585,47.23818
28061,8.75586,46.15878
28062,8.75595,47.23828
28063,8.75596,46.15888
28064,8.75605,47.23838
28065,8.75606,46.15898
28066,8.75609,46.17657
28067,8.75615,47.23848
28068,8.75619,46.17667
28069,8.75625,47.23858
28070,8.75629,46.17677
28071,8.75629,47.25616
28072,8.75639,46.17687
28073,8.75639,47.25626
28074,8.75649,46.17697
28075,8.75649,47.25636
28076,8.75653,46.19456
28077,8.75659,47.25646
28078,8.75663,46.19466
28079,8.75669,47.25656
28080,8.75673,46.19476
28081,8.75674,47.27415
28082,8.75683,46.19486
28083,8.75684,47.27425
28084,8.75693,46.19496
28085,8.75694,47.27435
28086,8.75696,46.21255
28087,8.75704,47.27445
28088,8.75706,46.21265
28089,8.75714,47.27455
28090,8.75716,46.21275
28091,8.75718,47.29214
28092,8.75726,46.21285
28093,8.75728,47.29224
28094,8.75736,46.21295
28095,8.75738,47.29234
28096,8.7574,46.23054
28097,8.75748,47.29244
28098,8.7575,46.23064
28099,8.75758,47.29254
28100,8.7576,46.23074
28101,8.75763,47.31012
28102,8.7577,46.23084
28103,8.75773,47.31022
28104,8.7578,46.23094
28105,8.75783,46.24853
28106,8.75783,47.31032
28107,8.75793,46.24863
28108,8.75793,47.31042
28109,8.75803,46.24873
28110,8.75803,47.31052
28111,8.75807,47.32811
28112,8.75813,46.24883
28113,8.75817,47.32821
28114,8.75827,46.26651
28115,8.75827,47.32831
28116,8.75837,47.32841
28117,8.75847,47.32851
28118,8.75852,47.34609
28119,8.75862,47.34619
28120,8.75872,47.34629
28121,8.75882,47.34639
28122,8.75892,47.34649
28123,8.75896,47.36408
28124,8.75906,47.36418
28125,8.75914,46.30249
28126,8.75916,47.36428
28127,8.75924,46.30259
28128,8.75926,47.36438
28129,8.75934,46.30269
28130,8.75936,47.36448
28131,8.75941,47.38207
28132,8.75944,46.30279
28133,8.75951,47.38217
28134,8.75954,46.30289
28135,8.75961,47.38227
28136,8.75971,47.38237
28137,8.75981,47.38247
28138,8.75985,47.40005
28139,8.75995,47.40015
28140,8.76002,46.33847
28141,8.76005,47.40025
28142,8.76012,46.33857
28143,8.76015,47.40035
28144,8.76022,46.33867
28145,8.76025,47.40045
28146,8.7603,47.41804
28147,8.7604,47.41814
28148,8.76045,46.35646
28149,8.7605,47.41824
28150,8.76055,46.35656
28151,8.7606,47.41834
28152,8.76065,46.35666
28153,8.7607,47.41844
28154,8.76075,46.35676
28155,8.76075,47.43602
28156,8.76085,46.35686
28157,8.76085,47.43612
28158,8.76089,46.37445
28159,8.76095,47.43622
28160,8.76105,47.43632
28161,8.76115,47.43642
28162,8.76119,47.45401
28163,8.76129,47.45411
28164,8.76133,46.39244
28165,8.76139,47.45421
28166,8.76143,46.39254
28167,8.76149,47.45431
28168,8.76159,47.45441
28169,8.76164,47.47199
28170,8.76174,47.47209
28171,8.76184,47.47219
28172,8.76194,47.47229
28173,8.76204,47.47239
28174,8.76209,47.48998
28175,8.76219,47.49008
28176,8.76229,47.49018
28177,8.76239,47.49028
28178,8.76249,47.49038
28179,8.76254,47.50796
28180,8.76264,47.50806
28181,8.76265,46.4464
28182,8.76274,47.50816
28183,8.76275,46.4465
28184,8.76284,47.50826
28185,8.76285,46.4466
28186,8.76294,47.50836
28187,8.76295,46.4467
28188,8.76299,47.52595
28189,8.76309,46.46439
28190,8.76309,47.52605
28191,8.76319,46.46449
28192,8.76319,47.52615
28193,8.76329,46.46459
28194,8.76329,47.52625
28195,8.76339,46.46469
28196,8.76339,47.52635
28197,8.76343,47.54393
28198,8.76349,46.46479
28199,8.76353,46.48238
28200,8.76353,47.54403
28201,8.76363,46.48248
28202,8.76363,47.54413
28203,8.76373,46.48258
28204,8.76373,47.54423
28205,8.76383,46.48268
28206,8.76383,47.54433
28207,8.76388,47.56192
28208,8.76393,46.48278
28209,8.76397,46.50037
28210,8.76398,47.56202
28211,8.76407,46.50047
28212,8.76408,47.56212
28213,8.76417,46.50057
28214,8.76418,47.56222
28215,8.76427,46.50067
28216,8.76428,47.56232
28217,8.76433,47.5799
28218,8.76437,46.50077
28219,8.76441,46.51836
28220,8.76443,47.58
28221,8.76453,47.5801
28222,8.76463,47.5802
28223,8.76473,47.5803
28224,8.76478,47.59789
28225,8.76488,47.59799
28226,8.76498,47.59809
28227,8.76508,47.59819
28228,8.76518,47.59829
28229,8.76523,47.61587
28230,8.76529,46.55433
28231,8.76533,47.61597
28232,8.76539,46.55443
28233,8.76543,47.61607
28234,8.76553,47.61617
28235,8.76563,47.61627
28236,8.76568,47.63386
28237,8.76578,47.63396
28238,8.76588,47.63406
28239,8.76598,47.63416
28240,8.76608,47.63426
28241,8.76613,47.65184
28242,8.76623,47.65194
28243,8.76633,47.65204
28244,8.76643,47.65214
28245,8.76653,47.65224
28246,8.76658,47.66983
28247,8.76668,47.66993
28248,8.76678,47.67003
28249,8.76688,47.67013
28250,8.76698,47.67023
28251,8.76703,47.68781
28252,8.76713,47.68791
28253,8.76723,47.68801
28254,8.76733,47.68811
28255,8.76743,47.68821
28256,8.76748,47.70579
28257,8.7675,46.64428
28258,8.7676,46.64438
28259,8.7677,46.64448
28260,8.7678,46.64458
28261,8.76794,46.66227
28262,8.76794,47.72378
28263,8.76804,46.66237
28264,8.76804,47.72388
28265,8.76814,46.66247
28266,8.76814,47.72398
28267,8.76824,46.66257
28268,8.76824,47.72408
28269,8.76834,46.66267
28270,8.76834,47.72418
28271,8.76838,46.68025
28272,8.76848,46.68035
28273,8.76858,46.68045
28274,8.76868,46.68055
28275,8.76878,46.68065
28276,8.76883,46.69824
28277,8.76893,46.69834
28278,8.76903,46.69844
28279,8.7706,46.7702
28280,8.7707,46.7703
28281,8.7708,46.7704
28282,8.7709,46.7705
28283,8.771,46.7706
28284,8.77105,46.78818
28285,8.77115,46.78828
28286,8.77125,46.78838
28287,8.77135,46.78848
28288,8.77145,46.78858
28289,8.77194,46.82416
28290,8.77204,46.82426
28291,8.77238,46.84215
28292,8.77248,46.84225
28293,8.77258,46.84235
28294,8.77268,46.84245
28295,8.77278,46.84255
28296,8.77283,46.86014
28297,8.77293,46.86024
28298,8.77303,46.86034
28299,8.77313,46.86044
28300,8.77323,46.86054
28301,8.77327,46.87812
28302,8.77337,46.87822
28303,8.77347,46.87832
28304,8.77357,46.87842
28305,8.77367,46.87852
28306,8.77417,46.9141
28307,8.77427,46.9142
28308,8.77437,46.9143
28309,8.77447,46.9144
28310,8.77457,46.9145
28311,8.77461,46.93209
28312,8.77471,46.93219
28313,8.77481,46.93229
28314,8.77491,46.93239
28315,8.77501,46.93249
28316,8.77506,46.95008
28317,8.77516,46.95018
28318,8.77526,46.95028
28319,8.77536,46.95038
28320,8.77546,46.95048
28321,8.77551,46.96806
28322,8.77561,46.96816
28323,8.77571,46.96826
28324,8.77581,46.96836
28325,8.77591,46.96846
28326,8.77596,46.98605
28327,8.77606,46.98615
28328,8.77616,46.98625
28329,8.77626,46.98635
28330,8.77636,46.98645
28331,8.77641,47.00404
28332,8.77651,47.00414
28333,8.77661,47.00424
28334,8.77671,47.00434
28335,8.77681,47.00444
28336,8.77685,47.02203
28337,8.77695,47.02213
28338,8.77705,47.02223
28339,8.77715,47.02233
28340,8.77725,47.02243
28341,8.7773,47.04001
28342,8.7774,47.04011
28343,8.7775,47.04021
28344,8.77756,45.99638
28345,8.7776,47.04031
28346,8.77766,45.99648
28347,8.7777,47.04041
28348,8.77775,47.058
28349,8.77776,45.99658
28350,8.77785,47.0581
28351,8.77786,45.99668
28352,8.77795,47.0582
28353,8.77796,45.99678
28354,8.77805,47.0583
28355,8.77815,47.0584
28356,8.7782,47.07599
28357,8.7783,47.07609
28358,8.7784,47.07619
28359,8.7785,47.07629
28360,8.7786,47.07639
28361,8.77865,47.09398
28362,8.77875,47.09408
28363,8.77885,47.09418
28364,8.77895,47.09428
28365,8.77905,47.09438
28366,8.7791,47.11196
28367,8.7792,47.11206
28368,8.7793,47.11216
28369,8.7794,47.11226
28370,8.7795,47.11236
28371,8.77955,47.12995
28372,8.77965,47.13005
28373,8.77975,47.13015
28374,8.77985,47.13025
28375,8.77995,47.13035
28376,8.78,47.14794
28377,8.7801,47.14804
28378,8.7802,47.14814
28379,8.78021,46.10431
28380,8.7803,47.14824
28381,8.78031,46.10441
28382,8.7804,47.14834
28383,8.78041,46.10451
28384,8.78045,47.16592
28385,8.78051,46.10461
28386,8.78055,47.16602
28387,8.78061,46.10471
28388,8.78065,47.16612
28389,8.78066,46.1223
28390,8.78075,47.16622
28391,8.78076,46.1224
28392,8.78085,47.16632
28393,8.78086,46.1225
28394,8.7809,47.18391
28395,8.78096,46.1226
28396,8.781,47.18401
28397,8.78106,46.1227
28398,8.7811,46.14029
28399,8.7811,47.18411
28400,8.7812,46.14039
28401,8.7812,47.18421
28402,8.7813,46.14049
28403,8.7813,47.18431
28404,8.78136,47.2019
28405,8.7814,46.14059
28406,8.78146,47.202
28407,8.7815,46.14069
28408,8.78154,46.15828
28409,8.78156,47.2021
28410,8.78164,46.15838
28411,8.78166,47.2022
28412,8.78174,46.15848
28413,8.78176,47.2023
28414,8.78181,47.21988
28415,8.78184,46.15858
28416,8.78191,47.21998
28417,8.78194,46.15868
28418,8.78199,46.17627
28419,8.78201,47.22008
28420,8.78209,46.17637
28421,8.78211,47.22018
28422,8.78219,46.17647
28423,8.78221,47.22028
28424,8.78226,47.23787
28425,8.78229,46.17657
28426,8.78236,47.23797
28427,8.78239,46.17667
28428,8.78243,46.19425
28429,8.78246,47.23807
28430,8.78253,46.19435
28431,8.78256,47.23817
28432,8.78263,46.19445
28433,8.78266,47.23827
28434,8.78271,47.25586
28435,8.78273,46.19455
28436,8.78281,47.25596
28437,8.78283,46.19465
28438,8.78287,46.21224
28439,8.78291,47.25606
28440,8.78297,46.21234
28441,8.78301,47.25616
28442,8.78307,46.21244
28443,8.78311,47.25626
28444,8.78317,46.21254
28445,8.78317,47.27384
28446,8.78327,46.21264
28447,8.78327,47.27394
28448,8.78332,46.23023
28449,8.78337,47.27404
28450,8.78342,46.23033
28451,8.78347,47.27414
28452,8.78352,46.23043
28453,8.78357,47.27424
28454,8.78362,46.23053
28455,8.78362,47.29183
28456,8.78372,47.29193
28457,8.78382,47.29203
28458,8.78392,47.29213
28459,8.78402,47.29223
28460,8.78407,47.30982
28461,8.78417,47.30992
28462,8.78427,47.31002
28463,8.78437,47.31012
28464,8.78447,47.31022
28465,8.78453,47.3278
28466,8.78463,47.3279
28467,8.78465,46.2842
28468,8.78473,47.328
28469,8.78475,46.2843
28470,8.78483,47.3281
28471,8.78485,46.2844
28472,8.78493,47.3282
28473,8.78495,46.2845
28474,8.78498,47.34579
28475,8.78505,46.2846
28476,8.78508,47.34589
28477,8.7851,46.30219
28478,8.78518,47.34599
28479,8.7852,46.30229
28480,8.78528,47.34609
28481,8.7853,46.30239
28482,8.78538,47.34619
28483,8.7854,46.30249
28484,8.78543,47.36377
28485,8.7855,46.30259
28486,8.78553,47.36387
28487,8.78554,46.32018
28488,8.78563,47.36397
28489,8.78564,46.32028
28490,8.78573,47.36407
28491,8.78574,46.32038
28492,8.78583,47.36417
28493,8.78584,46.32048
28494,8.78589,47.38176
28495,8.78594,46.32058
28496,8.78599,46.33816
28497,8.78599,47.38186
28498,8.78609,46.33826
28499,8.78609,47.38196
28500,8.78619,46.33836
28501,8.78619,47.38206
28502,8.78629,46.33846
28503,8.78629,47.38216
28504,8.78634,47.39975
28505,8.78639,46.33856
28506,8.78644,46.35615
28507,8.78644,47.39985
28508,8.78654,46.35625
28509,8.78654,47.39995
28510,8.78664,46.35635
28511,8.78664,47.40005
28512,8.78674,46.35645
28513,8.78674,47.40015
28514,8.7868,47.41773
28515,8.78684,46.35655
28516,8.78688,46.37414
28517,8.7869,47.41783
28518,8.78698,46.37424
28519,8.787,47.41793
28520,8.78708,46.37434
28521,8.7871,47.41803
28522,8.78718,46.37444
28523,8.7872,47.41813
28524,8.78726,47.43572
28525,8.78728,46.37454
28526,8.78736,47.43582
28527,8.78746,47.43592
28528,8.78756,47.43602
28529,8.78766,47.43612
28530,8.78771,47.4537
28531,8.78778,46.41012
28532,8.78781,47.4538
28533,8.78788,46.41022
28534,8.78791,47.4539
28535,8.78798,46.41032
28536,8.78801,47.454
28537,8.78811,47.4541
28538,8.78817,47.47169
28539,8.78827,47.47179
28540,8.78837,47.47189
28541,8.78847,47.47199
28542,8.78857,47.47209
28543,8.78862,47.48967
28544,8.78867,46.4461
28545,8.78872,47.48977
28546,8.78877,46.4462
28547,8.78882,47.48987
28548,8.78887,46.4463
28549,8.78892,47.48997
28550,8.78897,46.4464
28551,8.78902,47.49007
28552,8.78908,47.50766
28553,8.78912,46.46408
28554,8.78918,47.50776
28555,8.78922,46.46418
28556,8.78928,47.50786
28557,8.78932,46.46428
28558,8.78938,47.50796
28559,8.78942,46.46438
28560,8.78948,47.50806
28561,8.78952,46.46448
28562,8.78954,47.52564
28563,8.78957,46.48207
28564,8.78964,47.52574
28565,8.78967,46.48217
28566,8.78974,47.52584
28567,8.78977,46.48227
28568,8.78984,47.52594
28569,8.78987,46.48237
28570,8.78994,47.52604
28571,8.78997,46.48247
28572,8.79,47.54363
28573,8.79002,46.50006
28574,8.7901,47.54373
28575,8.79012,46.50016
28576,8.7902,47.54383
28577,8.79022,46.50026
28578,8.7903,47.54393
28579,8.79032,46.50036
28580,8.7904,47.54403
28581,8.79042,46.50046
28582,8.79045,47.56161
28583,8.79055,47.56171
28584,8.79065,47.56181
28585,8.79075,47.56191
28586,8.79085,47.56201
28587,8.79091,47.5796
28588,8.79101,47.5797
28589,8.79111,47.5798
28590,8.79121,47.5799
28591,8.79131,47.58
28592,8.79136,46.55403
28593,8.79137,47.59758
28594,8.79146,46.55413
28595,8.79147,47.59768
28596,8.79156,46.55423
28597,8.79157,47.59778
28598,8.79166,46.55433
28599,8.79167,47.59788
28600,8.79176,46.55443
28601,8.79177,47.59798
28602,8.79181,46.57202
28603,8.79183,47.61557
28604,8.79191,46.57212
28605,8.79193,47.61567
28606,8.79201,46.57222
28607,8.79203,47.61577
28608,8.79211,46.57232
28609,8.79213,47.61587
28610,8.79223,47.61597
28611,8.79226,46.59
28612,8.79229,47.63355
28613,8.79236,46.5901
28614,8.79239,47.63365
28615,8.79246,46.5902
28616,8.79249,47.63375
28617,8.79256,46.5903
28618,8.79259,47.63385
28619,8.79266,46.5904
28620,8.79269,47.63395
28621,8.79275,47.65153
28622,8.79285,47.65163
28623,8.79295,47.65173
28624,8.79305,47.65183
28625,8.79315,47.65193
28626,8.79321,47.66952
28627,8.79331,47.66962
28628,8.79341,47.66972
28629,8.79351,47.66982
28630,8.79361,47.66992
28631,8.79367,47.6875
28632,8.79377,47.6876
28633,8.79387,47.6877
28634,8.79397,47.6878
28635,8.79407,46.66196
28636,8.79413,47.70549
28637,8.79417,46.66206
28638,8.79423,47.70559
28639,8.79433,47.70569
28640,8.79443,47.70579
28641,8.79452,46.67995
28642,8.79453,47.70589
28643,8.79459,47.72347
28644,8.79462,46.68005
28645,8.79469,47.72357
28646,8.79472,46.68015
28647,8.79479,47.72367
28648,8.79482,46.68025
28649,8.79489,47.72377
28650,8.79492,46.68035
28651,8.79497,46.69793
28652,8.79499,47.72387
28653,8.79505,47.74145
28654,8.79507,46.69803
28655,8.79515,47.74155
28656,8.79517,46.69813
28657,8.79525,47.74165
28658,8.79527,46.69823
28659,8.79537,46.69833
28660,8.79542,46.71592
28661,8.79552,46.71602
28662,8.79723,46.78788
28663,8.7986,46.84184
28664,8.7987,46.84194
28665,8.79905,46.85983
28666,8.79915,46.85993
28667,8.79925,46.86003
28668,8.79935,46.86013
28669,8.79945,46.86023
28670,8.79951,46.87781
28671,8.79961,46.87791
28672,8.79971,46.87801
28673,8.79981,46.87811
28674,8.79991,46.87821
28675,8.79996,46.8958
28676,8.80006,46.8959
28677,8.80042,46.91379
28678,8.80087,46.93178
28679,8.80097,46.93188
28680,8.80107,46.93198
28681,8.80117,46.93208
28682,8.80127,46.93218
28683,8.80133,46.94977
28684,8.80143,46.94987
28685,8.80153,46.94997
28686,8.80163,46.95007
28687,8.80179,46.96775
28688,8.80189,46.96785
28689,8.80199,46.96795
28690,8.80209,46.96805
28691,8.80219,46.96815
28692,8.80224,46.98574
28693,8.80234,46.98584
28694,8.80244,46.98594
28695,8.80254,46.98604
28696,8.80264,46.98614
28697,8.8027,47.00373
28698,8.8028,47.00383
28699,8.8029,47.00393
28700,8.803,47.00403
28701,8.8031,47.00413
28702,8.80316,47.02172
28703,8.80326,47.02182
28704,8.80336,47.02192
28705,8.80337,45.99607
28706,8.80346,47.02202
28707,8.80347,45.99617
28708,8.80356,47.02212
28709,8.80357,45.99627
28710,8.80361,47.0397
28711,8.80367,45.99637
28712,8.80371,47.0398
28713,8.80377,45.99647
28714,8.80381,47.0399
28715,8.80382,46.01406
28716,8.80391,47.04
28717,8.80392,46.01416
28718,8.80401,47.0401
28719,8.80402,46.01426
28720,8.80407,47.05769
28721,8.80412,46.01436
28722,8.80417,47.05779
28723,8.80422,46.01446
28724,8.80427,47.05789
28725,8.80437,47.05799
28726,8.80447,47.05809
28727,8.80453,47.07568
28728,8.80463,47.07578
28729,8.80473,47.07588
28730,8.80483,47.07598
28731,8.80493,47.07608
28732,8.80499,47.09366
28733,8.80509,47.09376
28734,8.80519,47.09386
28735,8.80529,47.09396
28736,8.80539,47.09406
28737,8.80545,47.11165
28738,8.80555,47.11175
28739,8.80565,47.11185
28740,8.80575,47.11195
28741,8.80585,47.11205
28742,8.80591,47.12964
28743,8.80601,47.12974
28744,8.80607,46.104
28745,8.80611,47.12984
28746,8.80617,46.1041
28747,8.80621,47.12994
28748,8.80627,46.1042
28749,8.80631,47.13004
28750,8.80637,46.1043
28751,8.80637,47.14763
28752,8.80647,47.14773
28753,8.80653,46.12199
28754,8.80657,47.14783
28755,8.80663,46.12209
28756,8.80667,47.14793
28757,8.80673,46.12219
28758,8.80677,47.14803
28759,8.80683,46.12229
28760,8.80683,47.16561
28761,8.80693,46.12239
28762,8.80693,47.16571
28763,8.80698,46.13998
28764,8.80703,47.16581
28765,8.80708,46.14008
28766,8.80713,47.16591
28767,8.80718,46.14018
28768,8.80723,47.16601
28769,8.80728,46.14028
28770,8.80729,47.1836
28771,8.80738,46.14038
28772,8.80739,47.1837
28773,8.80743,46.15797
28774,8.80749,47.1838
28775,8.80753,46.15807
28776,8.80759,47.1839
28777,8.80763,46.15817
28778,8.80769,47.184
28779,8.80773,46.15827
28780,8.80775,47.20159
28781,8.80783,46.15837
28782,8.80785,47.20169
28783,8.80788,46.17596
28784,8.80795,47.20179
28785,8.80798,46.17606
28786,8.80805,47.20189
28787,8.80808,46.17616
28788,8.80815,47.20199
28789,8.80818,46.17626
28790,8.80821,47.21957
28791,8.80828,46.17636
28792,8.80831,47.21967
28793,8.80833,46.19394
28794,8.80841,47.21977
28795,8.80843,46.19404
28796,8.80851,47.21987
28797,8.80853,46.19414
28798,8.80861,47.21997
28799,8.80863,46.19424
28800,8.80867,47.23756
28801,8.80873,46.19434
28802,8.80877,47.23766
28803,8.80878,46.21193
28804,8.80887,47.23776
28805,8.80888,46.21203
28806,8.80897,47.23786
28807,8.80898,46.21213
28808,8.80907,47.23796
28809,8.80913,47.25555
28810,8.80923,47.25565
28811,8.80933,47.25575
28812,8.80943,47.25585
28813,8.80953,47.25595
28814,8.80959,47.27353
28815,8.80969,47.27363
28816,8.80979,47.27373
28817,8.80989,47.27383
28818,8.80999,47.27393
28819,8.81006,47.29152
28820,8.81014,46.2659
28821,8.81016,47.29162
28822,8.81024,46.266
28823,8.81026,47.29172
28824,8.81034,46.2661
28825,8.81036,47.29182
28826,8.81044,46.2662
28827,8.81046,47.29192
28828,8.81052,47.3095
28829,8.81054,46.2663
28830,8.8106,46.28389
28831,8.81062,47.3096
28832,8.8107,46.28399
28833,8.81072,47.3097
28834,8.8108,46.28409
28835,8.81082,47.3098
28836,8.8109,46.28419
28837,8.81092,47.3099
28838,8.81098,47.32749
28839,8.811,46.28429
28840,8.81105,46.30187
28841,8.81108,47.32759
28842,8.81115,46.30197
28843,8.81118,47.32769
28844,8.81125,46.30207
28845,8.81128,47.32779
28846,8.81135,46.30217
28847,8.81138,47.32789
28848,8.81144,47.34548
28849,8.81145,46.30227
28850,8.81151,46.31986
28851,8.81154,47.34558
28852,8.81161,46.31996
28853,8.81164,47.34568
28854,8.81171,46.32006
28855,8.81174,47.34578
28856,8.81181,46.32016
28857,8.81184,47.34588
28858,8.81191,46.32026
28859,8.81191,47.36346
28860,8.81196,46.33785
28861,8.81201,47.36356
28862,8.81206,46.33795
28863,8.81211,47.36366
28864,8.81216,46.33805
28865,8.81221,47.36376
28866,8.81226,46.33815
28867,8.81231,47.36386
28868,8.81236,46.33825
28869,8.81237,47.38145
28870,8.81247,47.38155
28871,8.81257,47.38165
28872,8.81267,47.38175
28873,8.81277,47.38185
28874,8.81283,47.39943
28875,8.81287,46.37383
28876,8.81293,47.39953
28877,8.81303,47.39963
28878,8.81313,47.39973
28879,8.81323,47.39983
28880,8.8133,47.41742
28881,8.8134,47.41752
28882,8.8135,47.41762
28883,8.8136,47.41772
28884,8.8137,47.41782
28885,8.81376,47.4354
28886,8.81378,46.40981
28887,8.81386,47.4355
28888,8.81388,46.40991
28889,8.81396,47.4356
28890,8.81398,46.41001
28891,8.81406,47.4357
28892,8.81408,46.41011
28893,8.81416,47.4358
28894,8.81418,46.41021
28895,8.81423,47.45339
28896,8.81424,46.42779
28897,8.81433,47.45349
28898,8.81434,46.42789
28899,8.81443,47.45359
28900,8.81444,46.42799
28901,8.81453,47.45369
28902,8.81454,46.42809
28903,8.81463,47.45379
28904,8.81464,46.42819
28905,8.81469,46.44578
28906,8.81469,47.47138
28907,8.81479,46.44588
28908,8.81479,47.47148
28909,8.81489,46.44598
28910,8.81489,47.47158
28911,8.81499,46.44608
28912,8.81499,47.47168
28913,8.81509,46.44618
28914,8.81509,47.47178
28915,8.81515,46.46377
28916,8.81516,47.48936
28917,8.81525,46.46387
28918,8.81526,47.48946
28919,8.81535,46.46397
28920,8.81536,47.48956
28921,8.81545,46.46407
28922,8.81546,47.48966
28923,8.81555,46.46417
28924,8.81556,47.48976
28925,8.81561,46.48176
28926,8.81562,47.50735
28927,8.81571,46.48186
28928,8.81572,47.50745
28929,8.81581,46.48196
28930,8.81582,47.50755
28931,8.81591,46.48206
28932,8.81592,47.50765
28933,8.81601,46.48216
28934,8.81602,47.50775
28935,8.81607,46.49975
28936,8.81609,47.52533
28937,8.81617,46.49985
28938,8.81619,47.52543
28939,8.81627,46.49995
28940,8.81629,47.52553
28941,8.81637,46.50005
28942,8.81639,47.52563
28943,8.81647,46.50015
28944,8.81649,47.52573
28945,8.81652,46.51774
28946,8.81656,47.54332
28947,8.81666,47.54342
28948,8.81676,47.54352
28949,8.81686,47.54362
28950,8.81696,47.54372
28951,8.81698,46.53573
28952,8.81702,47.5613
28953,8.81708,46.53583
28954,8.81712,47.5614
28955,8.81718,46.53593
28956,8.81722,47.5615
28957,8.81728,46.53603
28958,8.81732,47.5616
28959,8.81738,46.53613
28960,8.81742,47.5617
28961,8.81744,46.55371
28962,8.81749,47.57928
28963,8.81754,46.55381
28964,8.81759,47.57938
28965,8.81764,46.55391
28966,8.81769,47.57948
28967,8.81774,46.55401
28968,8.81779,47.57958
28969,8.81784,46.55411
28970,8.81789,47.57968
28971,8.8179,46.5717
28972,8.81796,47.59727
28973,8.818,46.5718
28974,8.81806,47.59737
28975,8.8181,46.5719
28976,8.81816,47.59747
28977,8.8182,46.572
28978,8.81826,47.59757
28979,8.81836,46.58969
28980,8.81836,47.59767
28981,8.81843,47.61525
28982,8.81853,47.61535
28983,8.81863,47.61545
28984,8.81873,47.61555
28985,8.81882,46.60768
28986,8.81883,47.61565
28987,8.81889,47.63324
28988,8.81892,46.60778
28989,8.81899,47.63334
28990,8.81902,46.60788
28991,8.81909,47.63344
28992,8.81919,47.63354
28993,8.81927,46.62567
28994,8.81929,47.63364
28995,8.81936,47.65122
28996,8.81937,46.62577
28997,8.81946,47.65132
28998,8.81947,46.62587
28999,8.81956,47.65142
29000,8.81957,46.62597
29001,8.81966,47.65152
29002,8.81967,46.62607
29003,8.81973,46.64366
29004,8.81976,47.65162
29005,8.81983,47.66921
29006,8.81993,47.66931
29007,8.82003,47.66941
29008,8.82013,47.66951
29009,8.82019,46.66164
29010,8.82023,47.66961
29011,8.82029,46.66174
29012,8.8203,47.68719
29013,8.82039,46.66184
29014,8.8204,47.68729
29015,8.8205,47.68739
29016,8.8206,47.68749
29017,8.82066,46.67963
29018,8.8207,47.68759
29019,8.82076,46.67973
29020,8.82077,47.70517
29021,8.82086,46.67983
29022,8.82087,47.70527
29023,8.82096,46.67993
29024,8.82097,47.70537
29025,8.82106,46.68003
29026,8.82107,47.70547
29027,8.82112,46.69762
29028,8.82117,47.70557
29029,8.82122,46.69772
29030,8.82124,47.72316
29031,8.82132,46.69782
29032,8.82134,47.72326
29033,8.82142,46.69792
29034,8.82144,47.72336
29035,8.82152,46.69802
29036,8.82154,47.72346
29037,8.82158,46.71561
29038,8.82164,47.72356
29039,8.82168,46.71571
29040,8.82204,46.7336
29041,8.82389,46.80555
29042,8.82528,46.85951
29043,8.82538,46.85961
29044,8.82548,46.85971
29045,8.82558,46.85981
29046,8.82568,46.85991
29047,8.82574,46.8775
29048,8.82584,46.8776
29049,8.82594,46.8777
29050,8.82604,46.8778
29051,8.82614,46.8779
29052,8.82667,46.91348
29053,8.82677,46.91358
29054,8.82687,46.91368
29055,8.82697,46.91378
29056,8.82707,46.91388
29057,8.82713,46.93146
29058,8.82723,46.93156
29059,8.82733,46.93166
29060,8.82743,46.93176
29061,8.82753,46.93186
29062,8.8276,46.94945
29063,8.8277,46.94955
29064,8.8278,46.94965
29065,8.8279,46.94975
29066,8.828,46.94985
29067,8.82806,46.96744
29068,8.82816,46.96754
29069,8.82826,46.96764
29070,8.82836,46.96774
29071,8.82846,46.96784
29072,8.82853,46.98543
29073,8.82863,46.98553
29074,8.82873,45.97777
29075,8.82873,46.98563
29076,8.82883,45.97787
29077,8.82883,46.98573
29078,8.82893,45.97797
29079,8.82893,46.98583
29080,8.82899,47.00341
29081,8.82903,45.97807
29082,8.82913,45.97817
29083,8.82918,45.99576
29084,8.82928,45.99586
29085,8.82938,45.99596
29086,8.82946,47.0214
29087,8.82948,45.99606
29088,8.82956,47.0215
29089,8.82958,45.99616
29090,8.82964,46.01374
29091,8.82966,47.0216
29092,8.82974,46.01384
29093,8.82976,47.0217
29094,8.82984,46.01394
29095,8.82986,47.0218
29096,8.82993,47.03939
29097,8.82994,46.01404
29098,8.83003,47.03949
29099,8.83004,46.01414
29100,8.8301,46.03173
29101,8.83013,47.03959
29102,8.8302,46.03183
29103,8.83023,47.03969
29104,8.8303,46.03193
29105,8.83033,47.03979
29106,8.83039,47.05737
29107,8.8304,46.03203
29108,8.83049,47.05747
29109,8.8305,46.03213
29110,8.83056,46.04972
29111,8.83059,47.05757
29112,8.83066,46.04982
29113,8.83069,47.05767
29114,8.83076,46.04992
29115,8.83079,47.05777
29116,8.83086,46.05002
29117,8.83086,47.07536
29118,8.83096,46.05012
29119,8.83096,47.07546
29120,8.83106,47.07556
29121,8.83116,47.07566
29122,8.83126,47.07576
29123,8.83133,47.09335
29124,8.83143,47.09345
29125,8.83148,46.0857
29126,8.83153,47.09355
29127,8.83158,46.0858
29128,8.83163,47.09365
29129,8.83168,46.0859
29130,8.83173,47.09375
29131,8.83178,46.086
29132,8.8318,47.11134
29133,8.83188,46.0861
29134,8.8319,47.11144
29135,8.83193,46.10369
29136,8.832,47.11154
29137,8.83203,46.10379
29138,8.8321,47.11164
29139,8.83213,46.10389
29140,8.8322,47.11174
29141,8.83223,46.10399
29142,8.83226,47.12932
29143,8.83233,46.10409
29144,8.83236,47.12942
29145,8.83239,46.12167
29146,8.83246,47.12952
29147,8.83249,46.12177
29148,8.83256,47.12962
29149,8.83259,46.12187
29150,8.83266,47.12972
29151,8.83269,46.12197
29152,8.83273,47.14731
29153,8.83279,46.12207
29154,8.83283,47.14741
29155,8.83285,46.13966
29156,8.83293,47.14751
29157,8.83295,46.13976
29158,8.83303,47.14761
29159,8.83305,46.13986
29160,8.83313,47.14771
29161,8.83315,46.13996
29162,8.8332,47.1653
29163,8.83325,46.14006
29164,8.8333,47.1654
29165,8.8334,47.1655
29166,8.8335,47.1656
29167,8.8336,47.1657
29168,8.83367,47.18328
29169,8.83377,46.17564
29170,8.83377,47.18338
29171,8.83387,46.17574
29172,8.83387,47.18348
29173,8.83397,46.17584
29174,8.83397,47.18358
29175,8.83407,46.17594
29176,8.83407,47.18368
29177,8.83414,47.20127
29178,8.83417,46.17604
29179,8.83424,46.19363
29180,8.83424,47.20137
29181,8.83434,46.19373
29182,8.83434,47.20147
29183,8.83444,46.19383
29184,8.83444,47.20157
29185,8.83454,46.19393
29186,8.83454,47.20167
29187,8.83461,47.21926
29188,8.83464,46.19403
29189,8.8347,46.21162
29190,8.83471,47.21936
29191,8.8348,46.21172
29192,8.83481,47.21946
29193,8.8349,46.21182
29194,8.83491,47.21956
29195,8.835,46.21192
29196,8.83501,47.21966
29197,8.83508,47.23724
29198,8.8351,46.21202
29199,8.83516,46.2296
29200,8.83518,47.23734
29201,8.83526,46.2297
29202,8.83528,47.23744
29203,8.83536,46.2298
29204,8.83538,47.23754
29205,8.83546,46.2299
29206,8.83548,47.23764
29207,8.83555,47.25523
29208,8.83556,46.23
29209,8.83562,46.24759
29210,8.83565,47.25533
29211,8.83572,46.24769
29212,8.83575,47.25543
29213,8.83582,46.24779
29214,8.83585,47.25553
29215,8.83592,46.24789
29216,8.83595,47.25563
29217,8.83602,46.24799
29218,8.83602,47.27321
29219,8.83608,46.26558
29220,8.83612,47.27331
29221,8.83618,46.26568
29222,8.83622,47.27341
29223,8.83628,46.26578
29224,8.83632,47.27351
29225,8.83638,46.26588
29226,8.83642,47.27361
29227,8.83648,46.26598
29228,8.83649,47.2912
29229,8.83659,47.2913
29230,8.83669,47.2914
29231,8.83679,47.2915
29232,8.83689,47.2916
29233,8.83696,47.30919
29234,8.83706,47.30929
29235,8.83716,47.30939
29236,8.83726,47.30949
29237,8.83736,47.30959
29238,8.83743,47.32717
29239,8.83747,46.31955
29240,8.83753,47.32727
29241,8.83763,47.32737
29242,8.83773,47.32747
29243,8.83783,47.32757
29244,8.83791,47.34516
29245,8.83793,46.33753
29246,8.83801,47.34526
29247,8.83803,46.33763
29248,8.83811,47.34536
29249,8.83813,46.33773
29250,8.83821,47.34546
29251,8.83823,46.33783
29252,8.83831,47.34556
29253,8.83833,46.33793
29254,8.83838,47.36314
29255,8.8384,46.35552
29256,8.83848,47.36324
29257,8.83858,47.36334
29258,8.83868,47.36344
29259,8.83878,47.36354
29260,8.83885,47.38113
29261,8.83895,47.38123
29262,8.83905,47.38133
29263,8.83915,47.38143
29264,8.83925,47.38153
29265,8.83932,46.3915
29266,8.83932,47.39912
29267,8.83942,47.39922
29268,8.83952,47.39932
29269,8.83962,47.39942
29270,8.83972,47.39952
29271,8.83979,46.40949
29272,8.8398,47.4171
29273,8.83989,46.40959
29274,8.8399,47.4172
29275,8.83999,46.40969
29276,8.84,47.4173
29277,8.84009,46.40979
29278,8.8401,47.4174
29279,8.84019,46.40989
29280,8.8402,47.4175
29281,8.84025,46.42748
29282,8.84027,47.43509
29283,8.84035,46.42758
29284,8.84037,47.43519
29285,8.84045,46.42768
29286,8.84047,47.43529
29287,8.84055,46.42778
29288,8.84057,47.43539
29289,8.84065,46.42788
29290,8.84067,47.43549
29291,8.84072,46.44546
29292,8.84074,47.45307
29293,8.84082,46.44556
29294,8.84084,47.45317
29295,8.84092,46.44566
29296,8.84094,47.45327
29297,8.84102,46.44576
29298,8.84104,47.45337
29299,8.84112,46.44586
29300,8.84114,47.45347
29301,8.84118,46.46345
29302,8.84122,47.47106
29303,8.84128,46.46355
29304,8.84132,47.47116
29305,8.84138,46.46365
29306,8.84142,47.47126
29307,8.84148,46.46375
29308,8.84152,47.47136
29309,8.84158,46.46385
29310,8.84162,47.47146
29311,8.84165,46.48144
29312,8.84169,47.48904
29313,8.84175,46.48154
29314,8.84179,47.48914
29315,8.84185,46.48164
29316,8.84189,47.48924
29317,8.84195,46.48174
29318,8.84199,47.48934
29319,8.84205,46.48184
29320,8.84209,47.48944
29321,8.84211,46.49943
29322,8.84217,47.50703
29323,8.84227,47.50713
29324,8.84237,47.50723
29325,8.84247,47.50733
29326,8.84257,47.50743
29327,8.84258,46.51742
29328,8.84264,47.52501
29329,8.84274,47.52511
29330,8.84284,47.52521
29331,8.84294,47.52531
29332,8.84304,47.52541
29333,8.84305,46.53541
29334,8.84312,47.543
29335,8.84315,46.53551
29336,8.84322,47.5431
29337,8.84325,46.53561
29338,8.84332,47.5432
29339,8.84335,46.53571
29340,8.84342,47.5433
29341,8.84345,46.53581
29342,8.84352,47.5434
29343,8.84359,47.56098
29344,8.84369,47.56108
29345,8.84379,47.56118
29346,8.84389,47.56128
29347,8.84399,47.56138
29348,8.84407,47.57897
29349,8.84417,47.57907
29350,8.84427,47.57917
29351,8.84437,47.57927
29352,8.84447,47.57937
29353,8.84455,47.59695
29354,8.84465,47.59705
29355,8.84475,47.59715
29356,8.84485,47.59725
29357,8.84492,46.60736
29358,8.84495,47.59735
29359,8.84502,47.61493
29360,8.84512,47.61503
29361,8.84522,47.61513
29362,8.84532,47.61523
29363,8.84538,46.62535
29364,8.84542,47.61533
29365,8.84548,46.62545
29366,8.8455,47.63292
29367,8.84558,46.62555
29368,8.8456,47.63302
29369,8.84568,46.62565
29370,8.8457,47.63312
29371,8.84578,46.62575
29372,8.8458,47.63322
29373,8.84585,46.64334
29374,8.8459,47.63332
29375,8.84595,46.64344
29376,8.84598,47.6509
29377,8.84605,46.64354
29378,8.84608,47.651
29379,8.84615,46.64364
29380,8.84618,47.6511
29381,8.84625,46.64374
29382,8.84628,47.6512
29383,8.84632,46.66132
29384,8.84638,47.6513
29385,8.84642,46.66142
29386,8.84646,47.66889
29387,8.84652,46.66152
29388,8.84656,47.66899
29389,8.84662,46.66162
29390,8.84666,47.66909
29391,8.84672,46.66172
29392,8.84676,47.66919
29393,8.84679,46.67931
29394,8.84686,47.66929
29395,8.84689,46.67941
29396,8.84693,47.68687
29397,8.84699,46.67951
29398,8.84703,47.68697
29399,8.84709,46.67961
29400,8.84719,46.67971
29401,8.84726,46.6973
29402,8.84736,46.6974
29403,8.84741,47.70485
29404,8.84746,46.6975
29405,8.84751,47.70495
29406,8.84756,46.6976
29407,8.84761,47.70505
29408,8.84766,46.6977
29409,8.84771,47.70515
29410,8.84773,46.71529
29411,8.84781,47.70525
29412,8.84783,46.71539
29413,8.84793,46.71549
29414,8.84803,46.71559
29415,8.84813,46.71569
29416,8.8515,46.85919
29417,8.8516,46.85929
29418,8.8517,46.85939
29419,8.8518,46.85949
29420,8.8519,46.85959
29421,8.85197,46.87718
29422,8.85207,46.87728
29423,8.85217,46.87738
29424,8.85227,46.87748
29425,8.85237,46.87758
29426,8.85244,46.89517
29427,8.85254,46.89527
29428,8.85264,46.89537
29429,8.85292,46.91315
29430,8.85302,46.91325
29431,8.85312,46.91335
29432,8.85322,46.91345
29433,8.85332,46.91355
29434,8.85339,46.93114
29435,8.85349,46.93124
29436,8.85359,46.93134
29437,8.85369,46.93144
29438,8.85379,46.93154
29439,8.85386,46.94913
29440,8.85396,46.94923
29441,8.85406,45.95946
29442,8.85406,46.94933
29443,8.85416,45.95956
29444,8.85416,46.94943
29445,8.85426,45.95966
29446,8.85426,46.94953
29447,8.85434,46.96712
29448,8.85436,45.95976
29449,8.85444,46.96722
29450,8.85446,45.95986
29451,8.85453,45.97745
29452,8.85454,46.96732
29453,8.85463,45.97755
29454,8.85464,46.96742
29455,8.85473,45.97765
29456,8.85474,46.96752
29457,8.85481,46.9851
29458,8.85483,45.97775
29459,8.85491,46.9852
29460,8.85493,45.97785
29461,8.85499,45.99543
29462,8.85501,46.9853
29463,8.85509,45.99553
29464,8.85511,46.9854
29465,8.85519,45.99563
29466,8.85521,46.9855
29467,8.85529,45.99573
29468,8.85529,47.00309
29469,8.85539,45.99583
29470,8.85539,47.00319
29471,8.85546,46.01342
29472,8.85549,47.00329
29473,8.85556,46.01352
29474,8.85559,47.00339
29475,8.85566,46.01362
29476,8.85569,47.00349
29477,8.85576,46.01372
29478,8.85576,47.02108
29479,8.85586,46.01382
29480,8.85586,47.02118
29481,8.85593,46.03141
29482,8.85596,47.02128
29483,8.85603,46.03151
29484,8.85606,47.02138
29485,8.85613,46.03161
29486,8.85616,47.02148
29487,8.85623,46.03171
29488,8.85624,47.03907
29489,8.85633,46.03181
29490,8.85634,47.03917
29491,8.85639,46.0494
29492,8.85644,47.03927
29493,8.85649,46.0495
29494,8.85654,47.03937
29495,8.85659,46.0496
29496,8.85664,47.03947
29497,8.85669,46.0497
29498,8.85671,47.05705
29499,8.85679,46.0498
29500,8.85681,47.05715
29501,8.85686,46.06739
29502,8.85691,47.05725
29503,8.85701,47.05735
29504,8.85711,47.05745
29505,8.85719,47.07504
29506,8.85729,47.07514
29507,8.85733,46.08537
29508,8.85739,47.07524
29509,8.85743,46.08547
29510,8.85749,47.07534
29511,8.85759,47.07544
29512,8.85767,47.09303
29513,8.85777,47.09313
29514,8.85787,47.09323
29515,8.85797,47.09333
29516,8.85807,47.09343
29517,8.85814,47.11101
29518,8.85824,47.11111
29519,8.85834,47.11121
29520,8.85844,47.11131
29521,8.85854,47.11141
29522,8.85862,47.129
29523,8.85872,47.1291
29524,8.85873,46.13934
29525,8.85882,47.1292
29526,8.85883,46.13944
29527,8.85892,47.1293
29528,8.85893,46.13954
29529,8.85902,47.1294
29530,8.85903,46.13964
29531,8.8591,47.14699
29532,8.85913,46.13974
29533,8.8592,46.15733
29534,8.8592,47.14709
29535,8.8593,46.15743
29536,8.8593,47.14719
29537,8.8594,46.15753
29538,8.8594,47.14729
29539,8.8595,46.15763
29540,8.8595,47.14739
29541,8.85957,47.16497
29542,8.8596,46.15773
29543,8.85967,46.17532
29544,8.85967,47.16507
29545,8.85977,46.17542
29546,8.85977,47.16517
29547,8.85987,46.17552
29548,8.85987,47.16527
29549,8.85997,46.17562
29550,8.85997,47.16537
29551,8.86005,47.18296
29552,8.86007,46.17572
29553,8.86014,46.1933
29554,8.86015,47.18306
29555,8.86024,46.1934
29556,8.86025,47.18316
29557,8.86034,46.1935
29558,8.86035,47.18326
29559,8.86044,46.1936
29560,8.86045,47.18336
29561,8.86053,47.20095
29562,8.86054,46.1937
29563,8.86061,46.21129
29564,8.86063,47.20105
29565,8.86071,46.21139
29566,8.86073,47.20115
29567,8.86081,46.21149
29568,8.86083,47.20125
29569,8.86091,46.21159
29570,8.86093,47.20135
29571,8.86101,46.21169
29572,8.86101,47.21893
29573,8.86108,46.22928
29574,8.86111,47.21903
29575,8.86118,46.22938
29576,8.86121,47.21913
29577,8.86128,46.22948
29578,8.86131,47.21923
29579,8.86138,46.22958
29580,8.86141,47.21933
29581,8.86148,46.22968
29582,8.86149,47.23692
29583,8.86155,46.24727
29584,8.86159,47.23702
29585,8.86165,46.24737
29586,8.86169,47.23712
29587,8.86179,47.23722
29588,8.86189,47.23732
29589,8.86197,47.25491
29590,8.86202,46.26526
29591,8.86207,47.25501
29592,8.86212,46.26536
29593,8.86217,47.25511
29594,8.86222,46.26546
29595,8.86227,47.25521
29596,8.86232,46.26556
29597,8.86237,47.25531
29598,8.86242,46.26566
29599,8.86245,47.27289
29600,8.86255,47.27299
29601,8.86265,47.27309
29602,8.86275,47.27319
29603,8.86285,47.27329
29604,8.86293,47.29088
29605,8.86303,47.29098
29606,8.86313,47.29108
29607,8.86323,47.29118
29608,8.86333,47.29128
29609,8.86341,47.30886
29610,8.86351,47.30896
29611,8.86361,47.30906
29612,8.86371,47.30916
29613,8.86381,47.30926
29614,8.86389,47.32685
29615,8.8639,46.33721
29616,8.86399,47.32695
29617,8.86409,47.32705
29618,8.86419,47.32715
29619,8.86429,47.32725
29620,8.86437,47.34483
29621,8.86438,46.3552
29622,8.86447,47.34493
29623,8.86457,47.34503
29624,8.86467,47.34513
29625,8.86477,47.34523
29626,8.86485,46.37319
29627,8.86485,47.36282
29628,8.86495,46.37329
29629,8.86495,47.36292
29630,8.86505,46.37339
29631,8.86505,47.36302
29632,8.86515,47.36312
29633,8.86525,47.36322
29634,8.86532,46.39117
29635,8.86533,47.38081
29636,8.86542,46.39127
29637,8.86543,47.38091
29638,8.86552,46.39137
29639,8.86553,47.38101
29640,8.86562,46.39147
29641,8.86563,47.38111
29642,8.86572,46.39157
29643,8.86573,47.38121
29644,8.86579,46.40916
29645,8.86581,47.39879
29646,8.86589,46.40926
29647,8.86591,47.39889
29648,8.86599,46.40936
29649,8.86601,47.39899
29650,8.86609,46.40946
29651,8.86611,47.39909
29652,8.86619,46.40956
29653,8.86621,47.39919
29654,8.86627,46.42715
29655,8.86629,47.41678
29656,8.86637,46.42725
29657,8.86639,47.41688
29658,8.86647,46.42735
29659,8.86649,47.41698
29660,8.86657,46.42745
29661,8.86659,47.41708
29662,8.86667,46.42755
29663,8.86669,47.41718
29664,8.86674,46.44514
29665,8.86678,47.43476
29666,8.86684,46.44524
29667,8.86688,47.43486
29668,8.86694,46.44534
29669,8.86698,47.43496
29670,8.86704,46.44544
29671,8.86708,47.43506
29672,8.86714,46.44554
29673,8.86718,47.43516
29674,8.86721,46.46313
29675,8.86726,47.45275
29676,8.86731,46.46323
29677,8.86736,47.45285
29678,8.86741,46.46333
29679,8.86746,47.45295
29680,8.86751,46.46343
29681,8.86756,47.45305
29682,8.86761,46.46353
29683,8.86766,47.45315
29684,8.86769,46.48112
29685,8.86774,47.47073
29686,8.86779,46.48122
29687,8.86784,47.47083
29688,8.86794,47.47093
29689,8.86804,47.47103
29690,8.86814,47.47113
29691,8.86823,47.48872
29692,8.86833,47.48882
29693,8.86843,47.48892
29694,8.86853,47.48902
29695,8.86863,47.48912
29696,8.86864,46.51709
29697,8.86871,47.5067
29698,8.86874,46.51719
29699,8.86881,47.5068
29700,8.86884,46.51729
29701,8.86891,47.5069
29702,8.86894,46.51739
29703,8.86901,47.507
29704,8.86904,46.51749
29705,8.86911,46.53508
29706,8.86911,47.5071
29707,8.86919,47.52469
29708,8.86921,46.53518
29709,8.86929,47.52479
29710,8.86931,46.53528
29711,8.86939,47.52489
29712,8.86941,46.53538
29713,8.86949,47.52499
29714,8.86951,46.53548
29715,8.86959,46.55307
29716,8.86959,47.52509
29717,8.86968,47.54267
29718,8.86978,47.54277
29719,8.86988,47.54287
29720,8.86998,47.54297
29721,8.87008,47.54307
29722,8.87016,47.56066
29723,8.87026,47.56076
29724,8.87036,47.56086
29725,8.87046,47.56096
29726,8.87056,47.56106
29727,8.87065,47.57864
29728,8.87075,47.57874
29729,8.87085,47.57884
29730,8.87095,47.57894
29731,8.87105,47.57904
29732,8.87113,47.59662
29733,8.87123,47.59672
29734,8.87133,47.59682
29735,8.87143,47.59692
29736,8.87149,46.62502
29737,8.87153,47.59702
29738,8.87162,47.61461
29739,8.87172,47.61471
29740,8.87182,47.61481
29741,8.87192,47.61491
29742,8.87197,46.64301
29743,8.87202,47.61501
29744,8.87207,46.64311
29745,8.87211,47.63259
29746,8.87221,47.63269
29747,8.87231,47.63279
29748,8.87241,47.63289
29749,8.87245,46.661
29750,8.87251,47.63299
29751,8.87255,46.6611
29752,8.87259,47.65058
29753,8.87265,46.6612
29754,8.87269,47.65068
29755,8.87275,46.6613
29756,8.87279,47.65078
29757,8.87285,46.6614
29758,8.87289,47.65088
29759,8.87293,46.67899
29760,8.87299,47.65098
29761,8.87303,46.67909
29762,8.87308,47.66856
29763,8.87313,46.67919
29764,8.87318,47.66866
29765,8.87323,46.67929
29766,8.87328,47.66876
29767,8.87333,46.67939
29768,8.87338,47.66886
29769,8.8734,46.69697
29770,8.87348,47.66896
29771,8.8735,46.69707
29772,8.8736,46.69717
29773,8.8737,46.69727
29774,8.8738,46.69737
29775,8.87388,46.71496
29776,8.87398,46.71506
29777,8.87405,47.70453
29778,8.87408,46.71516
29779,8.87415,47.70463
29780,8.87418,46.71526
29781,8.87425,47.70473
29782,8.87428,46.71536
29783,8.87436,46.73295
29784,8.87446,46.73305
29785,8.87456,46.73315
29786,8.87532,46.76893
29787,8.87542,46.76903
29788,8.87552,46.76913
29789,8.87562,46.76923
29790,8.87676,46.82289
29791,8.87772,46.85886
29792,8.8782,46.87685
29793,8.8783,46.87695
29794,8.8784,46.87705
29795,8.8785,46.87715
29796,8.8786,46.87725
29797,8.87868,46.89484
29798,8.87878,46.89494
29799,8.87888,46.89504
29800,8.87898,46.89514
29801,8.87917,46.91283
29802,8.87927,46.91293
29803,8.87937,46.91303
29804,8.87947,46.91313
29805,8.87957,46.91323
29806,8.87965,46.93081
29807,8.87985,45.95913
29808,8.87995,45.95923
29809,8.88005,45.95933
29810,8.88013,46.9488
29811,8.88015,45.95943
29812,8.88025,45.95953
29813,8.88033,45.97712
29814,8.88043,45.97722
29815,8.88053,45.97732
29816,8.88061,46.96679
29817,8.88063,45.97742
29818,8.88071,46.96689
29819,8.88073,45.97752
29820,8.8808,45.99511
29821,8.88081,46.96699
29822,8.8809,45.99521
29823,8.88091,46.96709
29824,8.881,45.99531
29825,8.8811,45.99541
29826,8.8811,46.98478
29827,8.8812,45.99551
29828,8.88128,46.01309
29829,8.88138,46.01319
29830,8.88148,46.01329
29831,8.88158,46.01339
29832,8.88158,47.00276
29833,8.88168,46.01349
29834,8.88168,47.00286
29835,8.88175,46.03108
29836,8.88178,47.00296
29837,8.88185,46.03118
29838,8.88188,47.00306
29839,8.88195,46.03128
29840,8.88198,47.00316
29841,8.88205,46.03138
29842,8.88206,47.02075
29843,8.88215,46.03148
29844,8.88216,47.02085
29845,8.88223,46.04907
29846,8.88226,47.02095
29847,8.88233,46.04917
29848,8.88236,47.02105
29849,8.88243,46.04927
29850,8.88246,47.02115
29851,8.88253,46.04937
29852,8.88255,47.03874
29853,8.88263,46.04947
29854,8.8827,46.06706
29855,8.8828,46.06716
29856,8.8829,46.06726
29857,8.883,46.06736
29858,8.88303,47.05672
29859,8.8831,46.06746
29860,8.88313,47.05682
29861,8.88318,46.08505
29862,8.88328,46.08515
29863,8.88338,46.08525
29864,8.88348,46.08535
29865,8.88352,47.07471
29866,8.88365,46.10303
29867,8.88375,46.10313
29868,8.88385,46.10323
29869,8.88395,46.10333
29870,8.884,47.0927
29871,8.88405,46.10343
29872,8.8841,47.0928
29873,8.88413,46.12102
29874,8.8842,47.0929
29875,8.88423,46.12112
29876,8.8843,47.093
29877,8.88433,46.12122
29878,8.8844,47.0931
29879,8.88443,46.12132
29880,8.88449,47.11068
29881,8.88459,47.11078
29882,8.88461,46.13901
29883,8.88469,47.11088
29884,8.88471,46.13911
29885,8.88479,47.11098
29886,8.88481,46.13921
29887,8.88489,47.11108
29888,8.88491,46.13931
29889,8.88497,47.12867
29890,8.88501,46.13941
29891,8.88507,47.12877
29892,8.88508,46.157
29893,8.88517,47.12887
29894,8.88518,46.1571
29895,8.88527,47.12897
29896,8.88528,46.1572
29897,8.88537,47.12907
29898,8.88538,46.1573
29899,8.88546,47.14666
29900,8.88548,46.1574
29901,8.88556,46.17499
29902,8.88556,47.14676
29903,8.88566,46.17509
29904,8.88566,47.14686
29905,8.88576,46.17519
29906,8.88576,47.14696
29907,8.88586,46.17529
29908,8.88586,47.14706
29909,8.88595,47.16464
29910,8.88596,46.17539
29911,8.88604,46.19297
29912,8.88605,47.16474
29913,8.88614,46.19307
29914,8.88615,47.16484
29915,8.88624,46.19317
29916,8.88625,47.16494
29917,8.88634,46.19327
29918,8.88635,47.16504
29919,8.88643,47.18263
29920,8.88644,46.19337
29921,8.88652,46.21096
29922,8.88653,47.18273
29923,8.88662,46.21106
29924,8.88663,47.18283
29925,8.88672,46.21116
29926,8.88673,47.18293
29927,8.88682,46.21126
29928,8.88683,47.18303
29929,8.88692,46.21136
29930,8.88692,47.20062
29931,8.887,46.22895
29932,8.88702,47.20072
29933,8.8871,46.22905
29934,8.88712,47.20082
29935,8.8872,46.22915
29936,8.88722,47.20092
29937,8.88732,47.20102
29938,8.88741,47.2186
29939,8.88751,47.2187
29940,8.88761,47.2188
29941,8.88771,47.2189
29942,8.88781,47.219
29943,8.8879,47.23659
29944,8.888,47.23669
29945,8.8881,47.23679
29946,8.8882,47.23689
29947,8.8883,47.23699
29948,8.88838,47.25458
29949,8.88848,47.25468
29950,8.88858,47.25478
29951,8.88868,47.25488
29952,8.88878,47.25498
29953,8.88887,47.27256
29954,8.88897,47.27266
29955,8.88907,47.27276
29956,8.88917,47.27286
29957,8.88927,47.27296
29958,8.88936,47.29055
29959,8.88946,47.29065
29960,8.88956,47.29075
29961,8.88966,47.29085
29962,8.88976,47.29095
29963,8.88985,47.30853
29964,8.88987,46.33688
29965,8.88995,47.30863
29966,8.88997,46.33698
29967,8.89005,47.30873
29968,8.89007,46.33708
29969,8.89015,47.30883
29970,8.89017,46.33718
29971,8.89025,47.30893
29972,8.89027,46.33728
29973,8.89034,47.32652
29974,8.89036,46.35487
29975,8.89044,47.32662
29976,8.89046,46.35497
29977,8.89054,47.32672
29978,8.89056,46.35507
29979,8.89064,47.32682
29980,8.89074,47.32692
29981,8.89083,47.3445
29982,8.89084,46.37286
29983,8.89093,47.3446
29984,8.89094,46.37296
29985,8.89103,47.3447
29986,8.89104,46.37306
29987,8.89113,47.3448
29988,8.89114,46.37316
29989,8.89123,47.3449
29990,8.89124,46.37326
29991,8.89132,46.39084
29992,8.89132,47.36249
29993,8.89142,46.39094
29994,8.89142,47.36259
29995,8.89152,46.39104
29996,8.89152,47.36269
29997,8.89162,46.39114
29998,8.89162,47.36279
29999,8.89172,46.39124
30000,8.89172,47.36289
30001,8.8918,46.40883
30002,8.89181,47.38048
30003,8.8919,46.40893
30004,8.89191,47.38058
30005,8.892,46.40903
30006,8.89201,47.38068
30007,8.8921,46.40913
30008,8.89211,47.38078
30009,8.8922,46.40923
30010,8.89221,47.38088
30011,8.89228,46.42682
30012,8.8923,47.39846
30013,8.89238,46.42692
30014,8.8924,47.39856
30015,8.89248,46.42702
30016,8.8925,47.39866
30017,8.89258,46.42712
30018,8.8926,47.39876
30019,8.89268,46.42722
30020,8.8927,47.39886
30021,8.89276,46.44481
30022,8.89279,47.41645
30023,8.89286,46.44491
30024,8.89289,47.41655
30025,8.89299,47.41665
30026,8.89309,47.41675
30027,8.89319,47.41685
30028,8.89325,46.4628
30029,8.89328,47.43443
30030,8.89335,46.4629
30031,8.89338,47.43453
30032,8.89345,46.463
30033,8.89348,47.43463
30034,8.89355,46.4631
30035,8.89358,47.43473
30036,8.89365,46.4632
30037,8.89368,47.43483
30038,8.89373,46.48079
30039,8.89378,47.45242
30040,8.89383,46.48089
30041,8.89388,47.45252
30042,8.89393,46.48099
30043,8.89398,47.45262
30044,8.89403,46.48109
30045,8.89408,47.45272
30046,8.89413,46.48119
30047,8.89418,47.45282
30048,8.89421,46.49877
30049,8.89427,47.4704
30050,8.89437,47.4705
30051,8.89447,47.4706
30052,8.89457,47.4707
30053,8.89467,47.4708
30054,8.8947,46.51676
30055,8.89476,47.48839
30056,8.8948,46.51686
30057,8.89486,47.48849
30058,8.8949,46.51696
30059,8.89496,47.48859
30060,8.895,46.51706
30061,8.89506,47.48869
30062,8.8951,46.51716
30063,8.89516,47.48879
30064,8.89518,46.53475
30065,8.89525,47.50637
30066,8.89528,46.53485
30067,8.89535,47.50647
30068,8.89538,46.53495
30069,8.89545,47.50657
30070,8.89548,46.53505
30071,8.89555,47.50667
30072,8.89558,46.53515
30073,8.89565,47.50677
30074,8.89566,46.55274
30075,8.89575,47.52436
30076,8.89576,46.55284
30077,8.89585,47.52446
30078,8.89586,46.55294
30079,8.89595,47.52456
30080,8.89596,46.55304
30081,8.89605,47.52466
30082,8.89606,46.55314
30083,8.89615,46.57073
30084,8.89615,47.52476
30085,8.89624,47.54234
30086,8.89634,47.54244
30087,8.89644,47.54254
30088,8.89654,47.54264
30089,8.89664,47.54274
30090,8.89673,47.56032
30091,8.89683,47.56042
30092,8.89693,47.56052
30093,8.89703,47.56062
30094,8.89713,47.56072
30095,8.89723,47.57831
30096,8.89733,47.57841
30097,8.89743,47.57851
30098,8.89753,47.57861
30099,8.89763,47.57871
30100,8.89772,47.59629
30101,8.89782,47.59639
30102,8.89792,47.59649
30103,8.89802,47.59659
30104,8.89809,46.64268
30105,8.89812,47.59669
30106,8.89822,47.61428
30107,8.89832,47.61438
30108,8.89842,47.61448
30109,8.89852,47.61458
30110,8.89862,47.61468
30111,8.89871,47.63226
30112,8.89881,47.63236
30113,8.89891,47.63246
30114,8.89901,47.63256
30115,8.89911,47.63266
30116,8.89921,47.65024
30117,8.89931,47.65034
30118,8.89941,47.65044
30119,8.89951,47.65054
30120,8.89955,46.69664
30121,8.89961,47.65064
30122,8.89965,46.69674
30123,8.89975,46.69684
30124,8.89985,46.69694
30125,8.89995,46.69704
30126,8.90004,46.71463
30127,8.90014,46.71473
30128,8.90024,46.71483
30129,8.90034,46.71493
30130,8.90044,46.71503
30131,8.90052,46.73262
30132,8.90062,46.73272
30133,8.90072,46.73282
30134,8.90082,46.73292
30135,8.90092,46.73302
30136,8.90227,45.83288
30137,8.90237,45.83298
30138,8.90247,45.83308
30139,8.90257,45.83318
30140,8.90267,45.83328
30141,8.90275,45.85087
30142,8.90285,45.85097
30143,8.90295,45.85107
30144,8.90305,45.85117
30145,8.90315,45.85127
30146,8.9042,45.90483
30147,8.90443,46.87652
30148,8.90453,46.87662
30149,8.90463,46.87672
30150,8.90468,45.92282
30151,8.90478,45.92292
30152,8.90488,45.92302
30153,8.90492,46.89451
30154,8.90498,45.92312
30155,8.90502,46.89461
30156,8.90508,45.92322
30157,8.90512,46.89471
30158,8.90516,45.94081
30159,8.90522,46.89481
30160,8.90526,45.94091
30161,8.90532,46.89491
30162,8.90536,45.94101
30163,8.90542,46.91249
30164,8.90546,45.94111
30165,8.90556,45.94121
30166,8.90564,45.9588
30167,8.90574,45.9589
30168,8.90584,45.959
30169,8.90594,45.9591
30170,8.90604,45.9592
30171,8.90613,45.97678
30172,8.90623,45.97688
30173,8.90633,45.97698
30174,8.90643,45.97708
30175,8.90653,45.97718
30176,8.90661,45.99477
30177,8.90671,45.99487
30178,8.90681,45.99497
30179,8.90691,45.99507
30180,8.90701,45.99517
30181,8.90709,46.01276
30182,8.90719,46.01286
30183,8.90729,46.01296
30184,8.90739,46.01306
30185,8.90749,46.01316
30186,8.90758,46.03075
30187,8.90768,46.03085
30188,8.90778,46.03095
30189,8.90787,47.00243
30190,8.90788,46.03105
30191,8.90797,47.00253
30192,8.90798,46.03115
30193,8.90806,46.04874
30194,8.90816,46.04884
30195,8.90826,46.04894
30196,8.90836,46.04904
30197,8.90837,47.02042
30198,8.90846,46.04914
30199,8.90847,47.02052
30200,8.90854,46.06672
30201,8.90857,47.02062
30202,8.90864,46.06682
30203,8.90867,47.02072
30204,8.90874,46.06692
30205,8.90877,47.02082
30206,8.90884,46.06702
30207,8.90886,47.0384
30208,8.90894,46.06712
30209,8.90896,47.0385
30210,8.90903,46.08471
30211,8.90906,47.0386
30212,8.90913,46.08481
30213,8.90923,46.08491
30214,8.90933,46.08501
30215,8.90935,47.05639
30216,8.90943,46.08511
30217,8.90945,47.05649
30218,8.90951,46.1027
30219,8.90955,47.05659
30220,8.90961,46.1028
30221,8.90971,46.1029
30222,8.90981,46.103
30223,8.90985,47.07438
30224,8.90991,46.1031
30225,8.90995,47.07448
30226,8.91,46.12069
30227,8.91005,47.07458
30228,8.9101,46.12079
30229,8.91015,47.07468
30230,8.9102,46.12089
30231,8.91025,47.07478
30232,8.9103,46.12099
30233,8.91034,47.09236
30234,8.9104,46.12109
30235,8.91044,47.09246
30236,8.91048,46.13868
30237,8.91054,47.09256
30238,8.91058,46.13878
30239,8.91064,47.09266
30240,8.91068,46.13888
30241,8.91074,47.09276
30242,8.91078,46.13898
30243,8.91083,47.11035
30244,8.91088,46.13908
30245,8.91093,47.11045
30246,8.91097,46.15666
30247,8.91103,47.11055
30248,8.91107,46.15676
30249,8.91113,47.11065
30250,8.91117,46.15686
30251,8.91123,47.11075
30252,8.91127,46.15696
30253,8.91133,47.12834
30254,8.91137,46.15706
30255,8.91143,47.12844
30256,8.91146,46.17465
30257,8.91153,47.12854
30258,8.91156,46.17475
30259,8.91163,47.12864
30260,8.91166,46.17485
30261,8.91173,47.12874
30262,8.91176,46.17495
30263,8.91182,47.14632
30264,8.91186,46.17505
30265,8.91192,47.14642
30266,8.91194,46.19264
30267,8.91202,47.14652
30268,8.91204,46.19274
30269,8.91212,47.14662
30270,8.91214,46.19284
30271,8.91222,47.14672
30272,8.91224,46.19294
30273,8.91232,47.16431
30274,8.91234,46.19304
30275,8.91242,47.16441
30276,8.91243,46.21063
30277,8.91252,47.16451
30278,8.91253,46.21073
30279,8.91262,47.16461
30280,8.91263,46.21083
30281,8.91272,47.16471
30282,8.91282,47.1823
30283,8.91292,46.22862
30284,8.91292,47.1824
30285,8.91302,46.22872
30286,8.91302,47.1825
30287,8.91312,46.22882
30288,8.91312,47.1826
30289,8.91322,47.1827
30290,8.91331,47.20028
30291,8.91341,47.20038
30292,8.91351,47.20048
30293,8.91361,47.20058
30294,8.91371,47.20068
30295,8.91381,47.21827
30296,8.91389,46.26459
30297,8.91391,47.21837
30298,8.91401,47.21847
30299,8.91411,47.21857
30300,8.91421,47.21867
30301,8.9143,47.23625
30302,8.91438,46.28258
30303,8.9144,47.23635
30304,8.9145,47.23645
30305,8.9146,47.23655
30306,8.9147,47.23665
30307,8.9148,47.25424
30308,8.91487,46.30057
30309,8.9149,47.25434
30310,8.915,47.25444
30311,8.9151,47.25454
30312,8.9152,47.25464
30313,8.9153,47.27223
30314,8.9154,47.27233
30315,8.9155,47.27243
30316,8.9156,47.27253
30317,8.9157,47.27263
30318,8.9158,47.29021
30319,8.91584,46.33654
30320,8.9159,47.29031
30321,8.91594,46.33664
30322,8.916,47.29041
30323,8.91604,46.33674
30324,8.9161,47.29051
30325,8.91614,46.33684
30326,8.9162,47.29061
30327,8.91624,46.33694
30328,8.91629,47.3082
30329,8.91633,46.35453
30330,8.91639,47.3083
30331,8.91643,46.35463
30332,8.91649,47.3084
30333,8.91653,46.35473
30334,8.91659,47.3085
30335,8.91663,46.35483
30336,8.91669,47.3086
30337,8.91673,46.35493
30338,8.91679,47.32618
30339,8.91682,46.37252
30340,8.91689,47.32628
30341,8.91692,46.37262
30342,8.91699,47.32638
30343,8.91702,46.37272
30344,8.91709,47.32648
30345,8.91712,46.37282
30346,8.91719,47.32658
30347,8.91722,46.37292
30348,8.91729,47.34417
30349,8.91731,46.39051
30350,8.91739,47.34427
30351,8.91741,46.39061
30352,8.91749,47.34437
30353,8.91751,46.39071
30354,8.91759,47.34447
30355,8.91761,46.39081
30356,8.91769,47.34457
30357,8.91771,46.39091
30358,8.91779,47.36215
30359,8.9178,46.4085
30360,8.91789,47.36225
30361,8.9179,46.4086
30362,8.91799,47.36235
30363,8.918,46.4087
30364,8.91809,47.36245
30365,8.9181,46.4088
30366,8.91819,47.36255
30367,8.9182,46.4089
30368,8.91829,46.42648
30369,8.91829,47.38014
30370,8.91839,46.42658
30371,8.91839,47.38024
30372,8.91849,46.42668
30373,8.91849,47.38034
30374,8.91859,47.38044
30375,8.91869,47.38054
30376,8.91879,46.44447
30377,8.91879,47.39812
30378,8.91889,46.44457
30379,8.91889,47.39822
30380,8.91899,46.44467
30381,8.91899,47.39832
30382,8.91909,46.44477
30383,8.91909,47.39842
30384,8.91919,46.44487
30385,8.91919,47.39852
30386,8.91928,46.46246
30387,8.91929,47.41611
30388,8.91938,46.46256
30389,8.91939,47.41621
30390,8.91948,46.46266
30391,8.91949,47.41631
30392,8.91958,46.46276
30393,8.91959,47.41641
30394,8.91968,46.46286
30395,8.91969,47.41651
30396,8.91977,46.48045
30397,8.91979,47.43409
30398,8.91987,46.48055
30399,8.91989,47.43419
30400,8.91997,46.48065
30401,8.91999,47.43429
30402,8.92007,46.48075
30403,8.92009,47.43439
30404,8.92017,46.48085
30405,8.92019,47.43449
30406,8.92026,46.49844
30407,8.92029,47.45208
30408,8.92036,46.49854
30409,8.92039,47.45218
30410,8.92046,46.49864
30411,8.92049,47.45228
30412,8.92056,46.49874
30413,8.92059,47.45238
30414,8.92066,46.49884
30415,8.92069,47.45248
30416,8.92075,46.51642
30417,8.92079,47.47006
30418,8.92085,46.51652
30419,8.92089,47.47016
30420,8.92095,46.51662
30421,8.92099,47.47026
30422,8.92105,46.51672
30423,8.92109,47.47036
30424,8.92115,46.51682
30425,8.92119,47.47046
30426,8.92124,46.53441
30427,8.92129,47.48805
30428,8.92134,46.53451
30429,8.92139,47.48815
30430,8.92144,46.53461
30431,8.92149,47.48825
30432,8.92154,46.53471
30433,8.92159,47.48835
30434,8.92164,46.53481
30435,8.92169,47.48845
30436,8.92174,46.5524
30437,8.92179,47.50603
30438,8.92184,46.5525
30439,8.92189,47.50613
30440,8.92194,46.5526
30441,8.92199,47.50623
30442,8.92204,46.5527
30443,8.92209,47.50633
30444,8.92214,46.5528
30445,8.92219,47.50643
30446,8.92223,46.57039
30447,8.9223,47.52402
30448,8.9224,47.52412
30449,8.9225,47.52422
30450,8.9226,47.52432
30451,8.9227,47.52442
30452,8.92272,46.58838
30453,8.9228,47.542
30454,8.92282,46.58848
30455,8.9229,47.5421
30456,8.923,47.5422
30457,8.9231,47.5423
30458,8.9232,47.5424
30459,8.92322,46.60636
30460,8.9233,47.55999
30461,8.9234,47.56009
30462,8.9235,47.56019
30463,8.9236,47.56029
30464,8.9237,47.56039
30465,8.92381,47.57797
30466,8.92391,47.57807
30467,8.92401,47.57817
30468,8.92411,47.57827
30469,8.92421,46.64234
30470,8.92421,47.57837
30471,8.92431,47.59595
30472,8.92441,47.59605
30473,8.92451,47.59615
30474,8.92461,47.59625
30475,8.92471,47.59635
30476,8.92481,47.61394
30477,8.92491,47.61404
30478,8.92501,47.61414
30479,8.92511,47.61424
30480,8.92521,47.61434
30481,8.92532,47.63192
30482,8.92542,47.63202
30483,8.92552,47.63212
30484,8.92562,47.63222
30485,8.92569,46.6963
30486,8.92572,47.63232
30487,8.92579,46.6964
30488,8.92582,47.64991
30489,8.92589,46.6965
30490,8.92592,47.65001
30491,8.92599,46.6966
30492,8.92602,47.65011
30493,8.92609,46.6967
30494,8.92612,47.65021
30495,8.92619,46.71429
30496,8.92622,47.65031
30497,8.92629,46.71439
30498,8.92639,46.71449
30499,8.92649,46.71459
30500,8.92659,46.71469
30501,8.92668,46.73228
30502,8.92678,46.73238
30503,8.92688,46.73248
30504,8.92698,46.73258
30505,8.92708,46.73268
30506,8.92718,46.75027
30507,8.92728,46.75037
30508,8.92738,46.75047
30509,8.92748,46.75057
30510,8.92758,46.75067
30511,8.92801,45.83255
30512,8.92811,45.83265
30513,8.92821,45.83275
30514,8.92831,45.83285
30515,8.92841,45.83295
30516,8.92849,45.85053
30517,8.92859,45.85063
30518,8.92869,45.85073
30519,8.92879,45.85083
30520,8.92889,45.85093
30521,8.92898,45.86852
30522,8.92908,45.86862
30523,8.92918,45.86872
30524,8.92928,45.86882
30525,8.92938,45.86892
30526,8.92947,45.88651
30527,8.92957,45.88661
30528,8.92967,45.88671
30529,8.92967,46.8402
30530,8.92977,45.88681
30531,8.92977,46.8403
30532,8.92987,45.88691
30533,8.92996,45.9045
30534,8.93006,45.9046
30535,8.93016,45.9047
30536,8.93017,46.85819
30537,8.93026,45.9048
30538,8.93036,45.9049
30539,8.93045,45.92248
30540,8.93055,45.92258
30541,8.93065,45.92268
30542,8.93067,46.87618
30543,8.93075,45.92278
30544,8.93077,46.87628
30545,8.93085,45.92288
30546,8.93087,46.87638
30547,8.93094,45.94047
30548,8.93104,45.94057
30549,8.93114,45.94067
30550,8.93116,46.89417
30551,8.93124,45.94077
30552,8.93126,46.89427
30553,8.93134,45.94087
30554,8.93136,46.89437
30555,8.93143,45.95846
30556,8.93146,46.89447
30557,8.93153,45.95856
30558,8.93156,46.89457
30559,8.93163,45.95866
30560,8.93166,46.91215
30561,8.93173,45.95876
30562,8.93176,46.91225
30563,8.93183,45.95886
30564,8.93186,46.91235
30565,8.93193,45.97645
30566,8.93196,46.91245
30567,8.93203,45.97655
30568,8.93206,46.91255
30569,8.93213,45.97665
30570,8.93223,45.97675
30571,8.93233,45.97685
30572,8.93242,45.99443
30573,8.93252,45.99453
30574,8.93262,45.99463
30575,8.93266,46.94813
30576,8.93272,45.99473
30577,8.93282,45.99483
30578,8.93291,46.01242
30579,8.93301,46.01252
30580,8.93311,46.01262
30581,8.93316,46.96612
30582,8.93321,46.01272
30583,8.93331,46.01282
30584,8.9334,46.03041
30585,8.9335,46.03051
30586,8.9336,46.03061
30587,8.93367,46.9841
30588,8.9337,46.03071
30589,8.93377,46.9842
30590,8.9338,46.03081
30591,8.93387,46.9843
30592,8.93389,46.0484
30593,8.93397,46.9844
30594,8.93399,46.0485
30595,8.93407,46.9845
30596,8.93409,46.0486
30597,8.93417,47.00209
30598,8.93419,46.0487
30599,8.93427,47.00219
30600,8.93429,46.0488
30601,8.93437,47.00229
30602,8.93439,46.06638
30603,8.93447,47.00239
30604,8.93449,46.06648
30605,8.93457,47.00249
30606,8.93459,46.06658
30607,8.93467,47.02008
30608,8.93469,46.06668
30609,8.93477,47.02018
30610,8.93479,46.06678
30611,8.93487,47.02028
30612,8.93488,46.08437
30613,8.93497,47.02038
30614,8.93498,46.08447
30615,8.93507,47.02048
30616,8.93508,46.08457
30617,8.93517,47.03806
30618,8.93518,46.08467
30619,8.93527,47.03816
30620,8.93528,46.08477
30621,8.93537,46.10236
30622,8.93537,47.03826
30623,8.93547,46.10246
30624,8.93547,47.03836
30625,8.93557,46.10256
30626,8.93557,47.03846
30627,8.93567,46.10266
30628,8.93567,47.05605
30629,8.93577,46.10276
30630,8.93577,47.05615
30631,8.93587,46.12035
30632,8.93597,46.12045
30633,8.93607,46.12055
30634,8.93617,46.12065
30635,8.93617,47.07404
30636,8.93627,46.12075
30637,8.93627,47.07414
30638,8.93636,46.13834
30639,8.93637,47.07424
30640,8.93646,46.13844
30641,8.93647,47.07434
30642,8.93656,46.13854
30643,8.93657,47.07444
30644,8.93666,46.13864
30645,8.93668,47.09202
30646,8.93676,46.13874
30647,8.93678,47.09212
30648,8.93685,46.15632
30649,8.93688,47.09222
30650,8.93695,46.15642
30651,8.93698,47.09232
30652,8.93705,46.15652
30653,8.93708,47.09242
30654,8.93715,46.15662
30655,8.93718,47.11001
30656,8.93725,46.15672
30657,8.93728,47.11011
30658,8.93735,46.17431
30659,8.93738,47.11021
30660,8.93745,46.17441
30661,8.93748,47.11031
30662,8.93755,46.17451
30663,8.93758,47.11041
30664,8.93765,46.17461
30665,8.93768,47.128
30666,8.93775,46.17471
30667,8.93778,47.1281
30668,8.93784,46.1923
30669,8.93788,47.1282
30670,8.93794,46.1924
30671,8.93798,47.1283
30672,8.93804,46.1925
30673,8.93808,47.1284
30674,8.93814,46.1926
30675,8.93819,47.14598
30676,8.93824,46.1927
30677,8.93829,47.14608
30678,8.93834,46.21029
30679,8.93839,47.14618
30680,8.93844,46.21039
30681,8.93849,47.14628
30682,8.93854,46.21049
30683,8.93859,47.14638
30684,8.93864,46.21059
30685,8.93869,47.16397
30686,8.93879,47.16407
30687,8.93889,47.16417
30688,8.93899,47.16427
30689,8.93909,47.16437
30690,8.9392,47.18195
30691,8.9393,47.18205
30692,8.93933,46.24626
30693,8.9394,47.18215
30694,8.93943,46.24636
30695,8.9395,47.18225
30696,8.93953,46.24646
30697,8.9396,47.18235
30698,8.93963,46.24656
30699,8.9397,47.19994
30700,8.93973,46.24666
30701,8.9398,47.20004
30702,8.93983,46.26425
30703,8.9399,47.20014
30704,8.93993,46.26435
30705,8.94,47.20024
30706,8.94003,46.26445
30707,8.9401,47.20034
30708,8.94021,47.21793
30709,8.94031,47.21803
30710,8.94032,46.28224
30711,8.94041,47.21813
30712,8.94042,46.28234
30713,8.94051,47.21823
30714,8.94052,46.28244
30715,8.94061,47.21833
30716,8.94062,46.28254
30717,8.94071,47.23591
30718,8.94081,47.23601
30719,8.94082,46.30023
30720,8.94091,47.23611
30721,8.94092,46.30033
30722,8.94101,47.23621
30723,8.94102,46.30043
30724,8.94111,47.23631
30725,8.94112,46.30053
30726,8.94122,46.30063
30727,8.94122,47.2539
30728,8.94132,46.31821
30729,8.94132,47.254
30730,8.94142,46.31831
30731,8.94142,47.2541
30732,8.94152,46.31841
30733,8.94152,47.2542
30734,8.94162,46.31851
30735,8.94162,47.2543
30736,8.94172,46.31861
30737,8.94172,47.27188
30738,8.94182,46.3362
30739,8.94182,47.27198
30740,8.94192,46.3363
30741,8.94192,47.27208
30742,8.94202,46.3364
30743,8.94202,47.27218
30744,8.94212,46.3365
30745,8.94212,47.27228
30746,8.94222,46.3366
30747,8.94223,47.28987
30748,8.94231,46.35419
30749,8.94233,47.28997
30750,8.94241,46.35429
30751,8.94243,47.29007
30752,8.94251,46.35439
30753,8.94253,47.29017
30754,8.94261,46.35449
30755,8.94263,47.29027
30756,8.94271,46.35459
30757,8.94274,47.30786
30758,8.94281,46.37218
30759,8.94284,47.30796
30760,8.94291,46.37228
30761,8.94294,47.30806
30762,8.94301,46.37238
30763,8.94304,47.30816
30764,8.94311,46.37248
30765,8.94314,47.30826
30766,8.94321,46.37258
30767,8.94325,47.32584
30768,8.94331,46.39017
30769,8.94335,47.32594
30770,8.94341,46.39027
30771,8.94345,47.32604
30772,8.94351,46.39037
30773,8.94355,47.32614
30774,8.94361,46.39047
30775,8.94365,47.32624
30776,8.94371,46.39057
30777,8.94375,47.34383
30778,8.94381,46.40815
30779,8.94385,47.34393
30780,8.94391,46.40825
30781,8.94395,47.34403
30782,8.94401,46.40835
30783,8.94405,47.34413
30784,8.94411,46.40845
30785,8.94415,47.34423
30786,8.94421,46.40855
30787,8.94426,47.36181
30788,8.94431,46.42614
30789,8.94436,47.36191
30790,8.94441,46.42624
30791,8.94446,47.36201
30792,8.94451,46.42634
30793,8.94456,47.36211
30794,8.94461,46.42644
30795,8.94466,47.36221
30796,8.94471,46.42654
30797,8.94477,47.3798
30798,8.94481,46.44413
30799,8.94487,47.3799
30800,8.94491,46.44423
30801,8.94497,47.38
30802,8.94501,46.44433
30803,8.94507,47.3801
30804,8.94511,46.44443
30805,8.94517,47.3802
30806,8.94521,46.44453
30807,8.94528,47.39778
30808,8.94531,46.46212
30809,8.94538,47.39788
30810,8.94541,46.46222
30811,8.94548,47.39798
30812,8.94551,46.46232
30813,8.94558,47.39808
30814,8.94561,46.46242
30815,8.94568,47.39818
30816,8.94571,46.46252
30817,8.94579,47.41577
30818,8.94581,46.48011
30819,8.94589,47.41587
30820,8.94591,46.48021
30821,8.94599,47.41597
30822,8.94601,46.48031
30823,8.94609,47.41607
30824,8.94611,46.48041
30825,8.94619,47.41617
30826,8.94621,46.48051
30827,8.9463,47.43375
30828,8.94631,46.49809
30829,8.9464,47.43385
30830,8.94641,46.49819
30831,8.9465,47.43395
30832,8.94651,46.49829
30833,8.9466,47.43405
30834,8.94661,46.49839
30835,8.9467,47.43415
30836,8.94671,46.49849
30837,8.94681,46.51608
30838,8.94681,47.45174
30839,8.94691,46.51618
30840,8.94691,47.45184
30841,8.94701,46.51628
30842,8.94701,47.45194
30843,8.94711,46.51638
30844,8.94711,47.45204
30845,8.94721,46.51648
30846,8.94721,47.45214
30847,8.94731,46.53407
30848,8.94732,47.46972
30849,8.94741,46.53417
30850,8.94742,47.46982
30851,8.94751,46.53427
30852,8.94752,47.46992
30853,8.94761,46.53437
30854,8.94762,47.47002
30855,8.94771,46.53447
30856,8.94772,47.47012
30857,8.94781,46.55206
30858,8.94783,47.48771
30859,8.94791,46.55216
30860,8.94793,47.48781
30861,8.94801,46.55226
30862,8.94803,47.48791
30863,8.94811,46.55236
30864,8.94813,47.48801
30865,8.94821,46.55246
30866,8.94823,47.48811
30867,8.94831,46.57005
30868,8.94834,47.50569
30869,8.94841,46.57015
30870,8.94844,47.50579
30871,8.94851,46.57025
30872,8.94854,47.50589
30873,8.94861,46.57035
30874,8.94864,47.50599
30875,8.94871,46.57045
30876,8.94874,47.50609
30877,8.94882,46.58803
30878,8.94885,47.52368
30879,8.94895,47.52378
30880,8.94905,47.52388
30881,8.94915,47.52398
30882,8.94925,47.52408
30883,8.94932,46.60602
30884,8.94936,47.54166
30885,8.94946,47.54176
30886,8.94956,47.54186
30887,8.94966,47.54196
30888,8.94976,47.54206
30889,8.94987,47.55964
30890,8.94997,47.55974
30891,8.95007,47.55984
30892,8.95017,47.55994
30893,8.95027,47.56004
30894,8.95038,47.57763
30895,8.95048,47.57773
30896,8.95058,47.57783
30897,8.95068,47.57793
30898,8.95078,47.57803
30899,8.9509,47.59561
30900,8.951,47.59571
30901,8.9511,47.59581
30902,8.9512,47.59591
30903,8.9513,47.59601
30904,8.95133,46.67797
30905,8.95141,47.61359
30906,8.95143,46.67807
30907,8.95151,47.61369
30908,8.95153,46.67817
30909,8.95161,47.61379
30910,8.95163,46.67827
30911,8.95171,47.61389
30912,8.95173,46.67837
30913,8.95181,47.61399
30914,8.95184,46.69596
30915,8.95192,47.63158
30916,8.95194,46.69606
30917,8.95202,47.63168
30918,8.95204,46.69616
30919,8.95212,47.63178
30920,8.95214,46.69626
30921,8.95222,47.63188
30922,8.95224,46.69636
30923,8.95232,47.63198
30924,8.95234,46.71395
30925,8.95243,47.64956
30926,8.95244,46.71405
30927,8.95253,47.64966
30928,8.95254,46.71415
30929,8.95263,47.64976
30930,8.95264,46.71425
30931,8.95273,47.64986
30932,8.95274,46.71435
30933,8.95283,47.64996
30934,8.95285,46.73194
30935,8.95295,46.73204
30936,8.95305,46.73214
30937,8.95315,46.73224
30938,8.95325,46.73234
30939,8.95335,46.74992
30940,8.95345,46.75002
30941,8.95355,46.75012
30942,8.95365,46.75022
30943,8.95374,45.8322
30944,8.95375,46.75032
30945,8.95384,45.8323
30946,8.95394,45.8324
30947,8.95404,45.8325
30948,8.95414,45.8326
30949,8.95423,45.85019
30950,8.95433,45.85029
30951,8.95436,46.7859
30952,8.95443,45.85039
30953,8.95453,45.85049
30954,8.95463,45.85059
30955,8.95473,45.86818
30956,8.95483,45.86828
30957,8.95493,45.86838
30958,8.95503,45.86848
30959,8.95513,45.86858
30960,8.95523,45.88616
30961,8.95533,45.88626
30962,8.95537,46.82187
30963,8.95543,45.88636
30964,8.95553,45.88646
30965,8.95563,45.88656
30966,8.95573,45.90415
30967,8.95583,45.90425
30968,8.95588,46.83986
30969,8.95593,45.90435
30970,8.95598,46.83996
30971,8.95603,45.90445
30972,8.95608,46.84006
30973,8.95613,45.90455
30974,8.95623,45.92214
30975,8.95633,45.92224
30976,8.95643,45.92234
30977,8.95653,45.92244
30978,8.95663,45.92254
30979,8.95673,45.94012
30980,8.95683,45.94022
30981,8.9569,46.87583
30982,8.95693,45.94032
30983,8.957,46.87593
30984,8.95703,45.94042
30985,8.9571,46.87603
30986,8.95713,45.94052
30987,8.9572,46.87613
30988,8.95723,45.95811
30989,8.9573,46.87623
30990,8.95733,45.95821
30991,8.9574,46.89382
30992,8.95743,45.95831
30993,8.9575,46.89392
30994,8.95753,45.95841
30995,8.9576,46.89402
30996,8.95763,45.95851
30997,8.9577,46.89412
30998,8.95772,45.9761
30999,8.9578,46.89422
31000,8.95782,45.9762
31001,8.95791,46.91181
31002,8.95792,45.9763
31003,8.95801,46.91191
31004,8.95802,45.9764
31005,8.95811,46.91201
31006,8.95812,45.9765
31007,8.95821,46.91211
31008,8.95822,45.99409
31009,8.95831,46.91221
31010,8.95832,45.99419
31011,8.95842,45.99429
31012,8.95852,45.99439
31013,8.95862,45.99449
31014,8.95872,46.01207
31015,8.95882,46.01217
31016,8.95892,46.01227
31017,8.95893,46.94778
31018,8.95902,46.01237
31019,8.95903,46.94788
31020,8.95912,46.01247
31021,8.95913,46.94798
31022,8.95923,46.03006
31023,8.95933,46.03016
31024,8.95943,46.03026
31025,8.95953,46.03036
31026,8.95963,46.03046
31027,8.95973,46.04805
31028,8.95983,46.04815
31029,8.95993,46.04825
31030,8.95995,46.98376
31031,8.96003,46.04835
31032,8.96013,46.04845
31033,8.96023,46.06604
31034,8.96033,46.06614
31035,8.96043,46.06624
31036,8.96046,47.00174
31037,8.96053,46.06634
31038,8.96056,47.00184
31039,8.96063,46.06644
31040,8.96066,47.00194
31041,8.96073,46.08403
31042,8.96083,46.08413
31043,8.96093,46.08423
31044,8.96103,46.08433
31045,8.96113,46.08443
31046,8.96123,46.10201
31047,8.96133,46.10211
31048,8.96143,46.10221
31049,8.96148,47.03772
31050,8.96153,46.10231
31051,8.96158,47.03782
31052,8.96163,46.10241
31053,8.96168,47.03792
31054,8.96173,46.12
31055,8.96178,47.03802
31056,8.96183,46.1201
31057,8.96193,46.1202
31058,8.96199,47.0557
31059,8.96203,46.1203
31060,8.96209,47.0558
31061,8.96213,46.1204
31062,8.96219,47.0559
31063,8.96224,46.13799
31064,8.96229,47.056
31065,8.96234,46.13809
31066,8.96239,47.0561
31067,8.96244,46.13819
31068,8.9625,47.07369
31069,8.96254,46.13829
31070,8.96264,46.13839
31071,8.96274,46.15598
31072,8.96284,46.15608
31073,8.96294,46.15618
31074,8.96301,47.09168
31075,8.96304,46.15628
31076,8.96311,47.09178
31077,8.96314,46.15638
31078,8.96321,47.09188
31079,8.96324,46.17396
31080,8.96331,47.09198
31081,8.96334,46.17406
31082,8.96341,47.09208
31083,8.96344,46.17416
31084,8.96353,47.10966
31085,8.96354,46.17426
31086,8.96363,47.10976
31087,8.96364,46.17436
31088,8.96373,47.10986
31089,8.96375,46.19195
31090,8.96383,47.10996
31091,8.96385,46.19205
31092,8.96393,47.11006
31093,8.96395,46.19215
31094,8.96404,47.12765
31095,8.96405,46.19225
31096,8.96414,47.12775
31097,8.96415,46.19235
31098,8.96424,47.12785
31099,8.96425,46.20994
31100,8.96434,47.12795
31101,8.96435,46.21004
31102,8.96444,47.12805
31103,8.96445,46.21014
31104,8.96455,46.21024
31105,8.96455,47.14564
31106,8.96465,47.14574
31107,8.96475,46.22793
31108,8.96475,47.14584
31109,8.96485,46.22803
31110,8.96485,47.14594
31111,8.96495,46.22813
31112,8.96495,47.14604
31113,8.96505,46.22823
31114,8.96506,47.16362
31115,8.96516,47.16372
31116,8.96526,46.24592
31117,8.96526,47.16382
31118,8.96536,46.24602
31119,8.96536,47.16392
31120,8.96546,47.16402
31121,8.96558,47.18161
31122,8.96568,47.18171
31123,8.96576,46.2639
31124,8.96578,47.18181
31125,8.96586,46.264
31126,8.96588,47.18191
31127,8.96596,46.2641
31128,8.96598,47.18201
31129,8.96606,46.2642
31130,8.96609,47.19959
31131,8.96616,46.2643
31132,8.96619,47.19969
31133,8.96627,46.28189
31134,8.96629,47.19979
31135,8.96637,46.28199
31136,8.96639,47.19989
31137,8.96647,46.28209
31138,8.96649,47.19999
31139,8.96657,46.28219
31140,8.96661,47.21758
31141,8.96671,47.21768
31142,8.96677,46.29988
31143,8.96681,47.21778
31144,8.96687,46.29998
31145,8.96691,47.21788
31146,8.96697,46.30008
31147,8.96701,47.21798
31148,8.96707,46.30018
31149,8.96712,47.23557
31150,8.96717,46.30028
31151,8.96722,47.23567
31152,8.96728,46.31787
31153,8.96732,47.23577
31154,8.96738,46.31797
31155,8.96742,47.23587
31156,8.96748,46.31807
31157,8.96752,47.23597
31158,8.96758,46.31817
31159,8.96763,47.25355
31160,8.96768,46.31827
31161,8.96773,47.25365
31162,8.96779,46.33585
31163,8.96783,47.25375
31164,8.96789,46.33595
31165,8.96793,47.25385
31166,8.96799,46.33605
31167,8.96803,47.25395
31168,8.96809,46.33615
31169,8.96815,47.27154
31170,8.96819,46.33625
31171,8.96825,47.27164
31172,8.96829,46.35384
31173,8.96835,47.27174
31174,8.96839,46.35394
31175,8.96845,47.27184
31176,8.96849,46.35404
31177,8.96855,47.27194
31178,8.96859,46.35414
31179,8.96867,47.28952
31180,8.96869,46.35424
31181,8.96877,47.28962
31182,8.9688,46.37183
31183,8.96887,47.28972
31184,8.9689,46.37193
31185,8.96897,47.28982
31186,8.969,46.37203
31187,8.96907,47.28992
31188,8.9691,46.37213
31189,8.96918,47.30751
31190,8.9692,46.37223
31191,8.96928,47.30761
31192,8.96931,46.38982
31193,8.96938,47.30771
31194,8.96941,46.38992
31195,8.96948,47.30781
31196,8.96951,46.39002
31197,8.96958,47.30791
31198,8.96961,46.39012
31199,8.9697,47.32549
31200,8.96971,46.39022
31201,8.9698,47.32559
31202,8.96981,46.40781
31203,8.9699,47.32569
31204,8.96991,46.40791
31205,8.97,47.32579
31206,8.97001,46.40801
31207,8.9701,47.32589
31208,8.97011,46.40811
31209,8.97021,46.40821
31210,8.97021,47.34348
31211,8.97031,47.34358
31212,8.97032,46.42579
31213,8.97041,47.34368
31214,8.97042,46.42589
31215,8.97051,47.34378
31216,8.97052,46.42599
31217,8.97061,47.34388
31218,8.97062,46.42609
31219,8.97072,46.42619
31220,8.97073,47.36146
31221,8.97083,46.44378
31222,8.97083,47.36156
31223,8.97093,46.44388
31224,8.97093,47.36166
31225,8.97103,46.44398
31226,8.97103,47.36176
31227,8.97113,46.44408
31228,8.97113,47.36186
31229,8.97123,46.44418
31230,8.97125,47.37945
31231,8.97135,47.37955
31232,8.97145,47.37965
31233,8.97155,47.37975
31234,8.97165,47.37985
31235,8.97177,47.39743
31236,8.97185,46.47976
31237,8.97187,47.39753
31238,8.97195,46.47986
31239,8.97197,47.39763
31240,8.97205,46.47996
31241,8.97207,47.39773
31242,8.97215,46.48006
31243,8.97217,47.39783
31244,8.97228,47.41542
31245,8.97236,46.49775
31246,8.97238,47.41552
31247,8.97246,46.49785
31248,8.97248,47.41562
31249,8.97256,46.49795
31250,8.97258,47.41572
31251,8.97266,46.49805
31252,8.97268,47.41582
31253,8.97276,46.49815
31254,8.9728,47.4334
31255,8.97287,46.51573
31256,8.9729,47.4335
31257,8.97297,46.51583
31258,8.973,47.4336
31259,8.97307,46.51593
31260,8.9731,47.4337
31261,8.97317,46.51603
31262,8.9732,47.4338
31263,8.97327,46.51613
31264,8.97332,47.45139
31265,8.97338,46.53372
31266,8.97342,47.45149
31267,8.97352,47.45159
31268,8.97362,47.45169
31269,8.97372,47.45179
31270,8.97384,47.46937
31271,8.97389,46.55171
31272,8.97394,47.46947
31273,8.97399,46.55181
31274,8.97404,47.46957
31275,8.97409,46.55191
31276,8.97414,47.46967
31277,8.97419,46.55201
31278,8.97424,47.46977
31279,8.97436,47.48736
31280,8.9744,46.5697
31281,8.97446,47.48746
31282,8.9745,46.5698
31283,8.97456,47.48756
31284,8.9746,46.5699
31285,8.97466,47.48766
31286,8.9747,46.57
31287,8.97476,47.48776
31288,8.97488,47.50534
31289,8.97498,47.50544
31290,8.97508,47.50554
31291,8.97518,47.50564
31292,8.97528,47.50574
31293,8.9754,47.52333
31294,8.9755,47.52343
31295,8.9756,47.52353
31296,8.9757,47.52363
31297,8.9758,47.52373
31298,8.97592,47.54131
31299,8.97602,47.54141
31300,8.97612,47.54151
31301,8.97622,47.54161
31302,8.97632,47.54171
31303,8.97644,47.55929
31304,8.97654,47.55939
31305,8.97664,47.55949
31306,8.97674,47.55959
31307,8.97684,47.55969
31308,8.97695,46.65963
31309,8.97696,47.57728
31310,8.97705,46.65973
31311,8.97706,47.57738
31312,8.97716,47.57748
31313,8.97726,47.57758
31314,8.97736,47.57768
31315,8.97747,46.67762
31316,8.97748,47.59526
31317,8.97757,46.67772
31318,8.97758,47.59536
31319,8.97767,46.67782
31320,8.97768,47.59546
31321,8.97777,46.67792
31322,8.97778,47.59556
31323,8.97787,46.67802
31324,8.97788,47.59566
31325,8.97798,46.69561
31326,8.978,47.61325
31327,8.97808,46.69571
31328,8.9781,47.61335
31329,8.97818,46.69581
31330,8.9782,47.61345
31331,8.97828,46.69591
31332,8.9783,47.61355
31333,8.97838,46.69601
31334,8.9784,47.61365
31335,8.97849,46.7136
31336,8.97853,47.63123
31337,8.97859,46.7137
31338,8.97863,47.63133
31339,8.97869,46.7138
31340,8.97873,47.63143
31341,8.97879,46.7139
31342,8.97883,47.63153
31343,8.97889,46.714
31344,8.97893,47.63163
31345,8.97901,46.73158
31346,8.97905,47.64921
31347,8.97911,46.73168
31348,8.97915,47.64931
31349,8.97921,46.73178
31350,8.97925,47.64941
31351,8.97931,46.73188
31352,8.97935,47.64951
31353,8.97941,46.73198
31354,8.97945,47.64961
31355,8.97947,45.83185
31356,8.97952,46.74957
31357,8.97957,45.83195
31358,8.97957,47.6672
31359,8.97962,46.74967
31360,8.97967,45.83205
31361,8.97967,47.6673
31362,8.97972,46.74977
31363,8.97977,45.83215
31364,8.97977,47.6674
31365,8.97982,46.74987
31366,8.97987,45.83225
31367,8.97987,47.6675
31368,8.97992,46.74997
31369,8.97997,45.84984
31370,8.97997,47.6676
31371,8.98003,46.76756
31372,8.98007,45.84994
31373,8.98013,46.76766
31374,8.98017,45.85004
31375,8.98027,45.85014
31376,8.98037,45.85024
31377,8.98048,45.86782
31378,8.98058,45.86792
31379,8.98068,45.86802
31380,8.98078,45.86812
31381,8.98088,45.86822
31382,8.98099,45.88581
31383,8.98109,45.88591
31384,8.98119,45.88601
31385,8.98129,45.88611
31386,8.98139,45.88621
31387,8.98149,45.9038
31388,8.98159,45.9039
31389,8.98169,45.904
31390,8.98179,45.9041
31391,8.98189,45.9042
31392,8.982,45.92179
31393,8.9821,45.92189
31394,8.9822,45.92199
31395,8.9823,45.92209
31396,8.9824,45.92219
31397,8.98251,45.93977
31398,8.98261,45.93987
31399,8.98271,45.93997
31400,8.98281,45.94007
31401,8.98291,45.94017
31402,8.98302,45.95776
31403,8.98312,45.95786
31404,8.98313,46.87548
31405,8.98322,45.95796
31406,8.98323,46.87558
31407,8.98332,45.95806
31408,8.98333,46.87568
31409,8.98342,45.95816
31410,8.98343,46.87578
31411,8.98352,45.97575
31412,8.98353,46.87588
31413,8.98362,45.97585
31414,8.98364,46.89347
31415,8.98372,45.97595
31416,8.98374,46.89357
31417,8.98382,45.97605
31418,8.98384,46.89367
31419,8.98392,45.97615
31420,8.98394,46.89377
31421,8.98403,45.99374
31422,8.98404,46.89387
31423,8.98413,45.99384
31424,8.98416,46.91146
31425,8.98423,45.99394
31426,8.98426,46.91156
31427,8.98433,45.99404
31428,8.98436,46.91166
31429,8.98443,45.99414
31430,8.98446,46.91176
31431,8.98454,46.01172
31432,8.98456,46.91186
31433,8.98464,46.01182
31434,8.98468,46.92944
31435,8.98474,46.01192
31436,8.98478,46.92954
31437,8.98484,46.01202
31438,8.98488,46.92964
31439,8.98494,46.01212
31440,8.98498,46.92974
31441,8.98505,46.02971
31442,8.98508,46.92984
31443,8.98515,46.02981
31444,8.9852,46.94743
31445,8.98525,46.02991
31446,8.9853,46.94753
31447,8.98535,46.03001
31448,8.9854,46.94763
31449,8.98545,46.03011
31450,8.9855,46.94773
31451,8.98556,46.0477
31452,8.9856,46.94783
31453,8.98566,46.0478
31454,8.98576,46.0479
31455,8.98586,46.048
31456,8.98596,46.0481
31457,8.98607,46.06569
31458,8.98617,46.06579
31459,8.98627,46.06589
31460,8.98637,46.06599
31461,8.98647,46.06609
31462,8.98658,46.08367
31463,8.98668,46.08377
31464,8.98678,46.08387
31465,8.98688,46.08397
31466,8.98698,46.08407
31467,8.98709,46.10166
31468,8.98719,46.10176
31469,8.98729,46.10186
31470,8.98739,46.10196
31471,8.98749,46.10206
31472,8.9876,46.11965
31473,8.9877,46.11975
31474,8.98779,47.03736
31475,8.9878,46.11985
31476,8.98789,47.03746
31477,8.9879,46.11995
31478,8.98799,47.03756
31479,8.988,46.12005
31480,8.98809,47.03766
31481,8.98811,46.13764
31482,8.98819,47.03776
31483,8.98821,46.13774
31484,8.98831,46.13784
31485,8.98831,47.05535
31486,8.98841,46.13794
31487,8.98841,47.05545
31488,8.98851,46.13804
31489,8.98851,47.05555
31490,8.98861,47.05565
31491,8.98862,46.15562
31492,8.98872,46.15572
31493,8.98882,46.15582
31494,8.98883,47.07334
31495,8.98892,46.15592
31496,8.98893,47.07344
31497,8.98902,46.15602
31498,8.98903,47.07354
31499,8.98913,46.17361
31500,8.98913,47.07364
31501,8.98923,46.17371
31502,8.98923,47.07374
31503,8.98933,46.17381
31504,8.98935,47.09132
31505,8.98943,46.17391
31506,8.98945,47.09142
31507,8.98953,46.17401
31508,8.98955,47.09152
31509,8.98965,46.1916
31510,8.98965,47.09162
31511,8.98975,46.1917
31512,8.98975,47.09172
31513,8.98985,46.1918
31514,8.98987,47.10931
31515,8.98995,46.1919
31516,8.98997,47.10941
31517,8.99005,46.192
31518,8.99007,47.10951
31519,8.99016,46.20959
31520,8.99017,47.10961
31521,8.99026,46.20969
31522,8.99027,47.10971
31523,8.99036,46.20979
31524,8.99039,47.1273
31525,8.99046,46.20989
31526,8.99049,47.1274
31527,8.99056,46.20999
31528,8.99059,47.1275
31529,8.99067,46.22757
31530,8.99069,47.1276
31531,8.99077,46.22767
31532,8.99079,47.1277
31533,8.99087,46.22777
31534,8.99091,47.14528
31535,8.99097,46.22787
31536,8.99101,47.14538
31537,8.99107,46.22797
31538,8.99111,47.14548
31539,8.99118,46.24556
31540,8.99121,47.14558
31541,8.99128,46.24566
31542,8.99131,47.14568
31543,8.99138,46.24576
31544,8.99144,47.16327
31545,8.99148,46.24586
31546,8.99154,47.16337
31547,8.99158,46.24596
31548,8.99164,47.16347
31549,8.9917,46.26355
31550,8.99174,47.16357
31551,8.9918,46.26365
31552,8.99184,47.16367
31553,8.9919,46.26375
31554,8.99196,47.18125
31555,8.992,46.26385
31556,8.99206,47.18135
31557,8.9921,46.26395
31558,8.99216,47.18145
31559,8.99221,46.28154
31560,8.99226,47.18155
31561,8.99231,46.28164
31562,8.99236,47.18165
31563,8.99241,46.28174
31564,8.99248,47.19924
31565,8.99251,46.28184
31566,8.99258,47.19934
31567,8.99261,46.28194
31568,8.99268,47.19944
31569,8.99273,46.29953
31570,8.99278,47.19954
31571,8.99283,46.29963
31572,8.99288,47.19964
31573,8.99293,46.29973
31574,8.993,47.21723
31575,8.99303,46.29983
31576,8.9931,47.21733
31577,8.99313,46.29993
31578,8.9932,47.21743
31579,8.99324,46.31751
31580,8.9933,47.21753
31581,8.99334,46.31761
31582,8.9934,47.21763
31583,8.99344,46.31771
31584,8.99353,47.23521
31585,8.99354,46.31781
31586,8.99363,47.23531
31587,8.99364,46.31791
31588,8.99373,47.23541
31589,8.99375,46.3355
31590,8.99383,47.23551
31591,8.99385,46.3356
31592,8.99393,47.23561
31593,8.99395,46.3357
31594,8.99405,46.3358
31595,8.99405,47.2532
31596,8.99415,46.3359
31597,8.99415,47.2533
31598,8.99425,47.2534
31599,8.99427,46.35349
31600,8.99435,47.2535
31601,8.99437,46.35359
31602,8.99445,47.2536
31603,8.99447,46.35369
31604,8.99457,46.35379
31605,8.99457,47.27118
31606,8.99467,46.35389
31607,8.99467,47.27128
31608,8.99477,47.27138
31609,8.99479,46.37148
31610,8.99487,47.27148
31611,8.99489,46.37158
31612,8.99497,47.27158
31613,8.99499,46.37168
31614,8.99509,46.37178
31615,8.9951,47.28917
31616,8.99519,46.37188
31617,8.9952,47.28927
31618,8.9953,46.38946
31619,8.9953,47.28937
31620,8.9954,46.38956
31621,8.9954,47.28947
31622,8.9955,46.38966
31623,8.9955,47.28957
31624,8.9956,46.38976
31625,8.99562,47.30715
31626,8.9957,46.38986
31627,8.99572,47.30725
31628,8.99582,46.40745
31629,8.99582,47.30735
31630,8.99592,46.40755
31631,8.99592,47.30745
31632,8.99602,46.40765
31633,8.99602,47.30755
31634,8.99612,46.40775
31635,8.99615,47.32514
31636,8.99622,46.40785
31637,8.99625,47.32524
31638,8.99633,46.42544
31639,8.99635,47.32534
31640,8.99643,46.42554
31641,8.99645,47.32544
31642,8.99653,46.42564
31643,8.99655,47.32554
31644,8.99663,46.42574
31645,8.99667,47.34312
31646,8.99673,46.42584
31647,8.99677,47.34322
31648,8.99685,46.44343
31649,8.99687,47.34332
31650,8.99697,47.34342
31651,8.99707,47.34352
31652,8.9972,47.36111
31653,8.9973,47.36121
31654,8.9974,47.36131
31655,8.9975,47.36141
31656,8.9976,47.36151
31657,8.99773,47.37909
31658,8.99783,47.37919
31659,8.99793,47.37929
31660,8.99803,47.37939
31661,8.99813,47.37949
31662,8.99825,47.39708
31663,8.99835,47.39718
31664,8.9984,46.49739
31665,8.99845,47.39728
31666,8.9985,46.49749
31667,8.99855,47.39738
31668,8.9986,46.49759
31669,8.99865,47.39748
31670,8.9987,46.49769
31671,8.99878,47.41506
31672,8.9988,46.49779
31673,8.99888,47.41516
31674,8.99892,46.51538
31675,8.99898,47.41526
31676,8.99902,46.51548
31677,8.99908,47.41536
31678,8.99918,47.41546
31679,8.99931,47.43305
31680,8.99941,47.43315
31681,8.99951,47.43325
31682,8.99961,47.43335
31683,8.99971,47.43345
31684,8.99983,47.45103
31685,8.99993,47.45113
31686,9.00003,47.45123
31687,9.00013,47.45133
31688,9.00023,47.45143
31689,9.00036,47.46902
31690,9.00046,47.46912
31691,9.00048,46.56934
31692,9.00056,47.46922
31693,9.00058,46.56944
31694,9.00066,47.46932
31695,9.00068,46.56954
31696,9.00076,47.46942
31697,9.00089,47.487
31698,9.00099,47.4871
31699,9.001,46.58733
31700,9.00109,47.4872
31701,9.0011,46.58743
31702,9.00119,47.4873
31703,9.0012,46.58753
31704,9.00129,47.4874
31705,9.0013,46.58763
31706,9.0014,46.58773
31707,9.00142,47.50499
31708,9.00152,47.50509
31709,9.00162,47.50519
31710,9.00172,47.50529
31711,9.00182,47.50539
31712,9.00195,47.52297
31713,9.00205,47.52307
31714,9.00215,47.52317
31715,9.00225,47.52327
31716,9.00235,47.52337
31717,9.00248,47.54095
31718,9.00256,46.64129
31719,9.00258,47.54105
31720,9.00268,47.54115
31721,9.00278,47.54125
31722,9.00288,47.54135
31723,9.00301,47.55894
31724,9.00311,47.55904
31725,9.00321,47.55914
31726,9.00331,47.55924
31727,9.00341,47.55934
31728,9.00354,47.57692
31729,9.00364,47.57702
31730,9.00374,47.57712
31731,9.00384,47.57722
31732,9.00394,47.57732
31733,9.00407,47.59491
31734,9.00417,47.59501
31735,9.00427,47.59511
31736,9.00437,47.59521
31737,9.00447,47.59531
31738,9.0046,47.61289
31739,9.00464,46.71324
31740,9.00469,45.81351
31741,9.0047,47.61299
31742,9.00474,46.71334
31743,9.00479,45.81361
31744,9.0048,47.61309
31745,9.00484,46.71344
31746,9.00489,45.81371
31747,9.0049,47.61319
31748,9.00494,46.71354
31749,9.00499,45.81381
31750,9.005,47.61329
31751,9.00504,46.71364
31752,9.00509,45.81391
31753,9.00513,47.63087
31754,9.00517,46.73123
31755,9.0052,45.83149
31756,9.00523,47.63097
31757,9.00527,46.73133
31758,9.0053,45.83159
31759,9.00533,47.63107
31760,9.00537,46.73143
31761,9.0054,45.83169
31762,9.00543,47.63117
31763,9.00547,46.73153
31764,9.0055,45.83179
31765,9.00553,47.63127
31766,9.00557,46.73163
31767,9.0056,45.83189
31768,9.00566,47.64886
31769,9.00569,46.74922
31770,9.00571,45.84948
31771,9.00576,47.64896
31772,9.00579,46.74932
31773,9.00581,45.84958
31774,9.00586,47.64906
31775,9.00589,46.74942
31776,9.00591,45.84968
31777,9.00596,47.64916
31778,9.00599,46.74952
31779,9.00601,45.84978
31780,9.00606,47.64926
31781,9.00609,46.74962
31782,9.00611,45.84988
31783,9.00619,47.66684
31784,9.00621,46.7672
31785,9.00623,45.86747
31786,9.00629,47.66694
31787,9.00631,46.7673
31788,9.00633,45.86757
31789,9.00639,47.66704
31790,9.00641,46.7674
31791,9.00643,45.86767
31792,9.00649,47.66714
31793,9.00651,46.7675
31794,9.00653,45.86777
31795,9.00659,47.66724
31796,9.00661,46.7676
31797,9.00663,45.86787
31798,9.00674,45.88546
31799,9.00684,45.88556
31800,9.00694,45.88566
31801,9.00704,45.88576
31802,9.00714,45.88586
31803,9.00726,45.90344
31804,9.00736,45.90354
31805,9.00746,45.90364
31806,9.00756,45.90374
31807,9.00766,45.90384
31808,9.00777,45.92143
31809,9.00787,45.92153
31810,9.00797,45.92163
31811,9.00807,45.92173
31812,9.00817,45.92183
31813,9.00829,45.93942
31814,9.00831,46.83915
31815,9.00839,45.93952
31816,9.00849,45.93962
31817,9.00859,45.93972
31818,9.00869,45.93982
31819,9.00881,45.9574
31820,9.00883,46.85714
31821,9.00891,45.9575
31822,9.00893,46.85724
31823,9.00901,45.9576
31824,9.00911,45.9577
31825,9.00921,45.9578
31826,9.00932,45.97539
31827,9.00936,46.87513
31828,9.00946,46.87523
31829,9.00984,45.99338
31830,9.00988,46.89311
31831,9.00994,45.99348
31832,9.00998,46.89321
31833,9.01004,45.99358
31834,9.01008,46.89331
31835,9.01014,45.99368
31836,9.01018,46.89341
31837,9.01028,46.89351
31838,9.01036,46.01137
31839,9.01041,46.9111
31840,9.01046,46.01147
31841,9.01051,46.9112
31842,9.01056,46.01157
31843,9.01061,46.9113
31844,9.01066,46.01167
31845,9.01071,46.9114
31846,9.01076,46.01177
31847,9.01081,46.9115
31848,9.01087,46.02935
31849,9.01093,46.92909
31850,9.01097,46.02945
31851,9.01103,46.92919
31852,9.01107,46.02955
31853,9.01113,46.92929
31854,9.01117,46.02965
31855,9.01123,46.92939
31856,9.01133,46.92949
31857,9.01139,46.04734
31858,9.01146,46.94707
31859,9.01149,46.04744
31860,9.01156,46.94717
31861,9.01159,46.04754
31862,9.01166,46.94727
31863,9.01169,46.04764
31864,9.01176,46.94737
31865,9.01179,46.04774
31866,9.01186,46.94747
31867,9.01191,46.06533
31868,9.01199,46.96506
31869,9.01201,46.06543
31870,9.01209,46.96516
31871,9.01211,46.06553
31872,9.01219,46.96526
31873,9.01221,46.06563
31874,9.01229,46.96536
31875,9.01231,46.06573
31876,9.01239,46.96546
31877,9.01243,46.08332
31878,9.01252,46.98305
31879,9.01253,46.08342
31880,9.01262,46.98315
31881,9.01263,46.08352
31882,9.01272,46.98325
31883,9.01273,46.08362
31884,9.01282,46.98335
31885,9.01283,46.08372
31886,9.01292,46.98345
31887,9.01295,46.1013
31888,9.01305,46.1014
31889,9.01315,46.1015
31890,9.01325,46.1016
31891,9.01347,46.11929
31892,9.01357,46.11939
31893,9.01357,47.01902
31894,9.01367,46.11949
31895,9.01367,47.01912
31896,9.01377,46.11959
31897,9.01377,47.01922
31898,9.01387,46.11969
31899,9.01399,46.13728
31900,9.01409,46.13738
31901,9.0141,47.03701
31902,9.01419,46.13748
31903,9.0142,47.03711
31904,9.01429,46.13758
31905,9.0143,47.03721
31906,9.01439,46.13768
31907,9.0144,47.03731
31908,9.0145,47.03741
31909,9.01451,46.15527
31910,9.01461,46.15537
31911,9.01463,47.05499
31912,9.01471,46.15547
31913,9.01473,47.05509
31914,9.01481,46.15557
31915,9.01483,47.05519
31916,9.01491,46.15567
31917,9.01493,47.05529
31918,9.01503,46.17325
31919,9.01503,47.05539
31920,9.01513,46.17335
31921,9.01516,47.07298
31922,9.01523,46.17345
31923,9.01533,46.17355
31924,9.01543,46.17365
31925,9.01555,46.19124
31926,9.01565,46.19134
31927,9.01569,47.09097
31928,9.01575,46.19144
31929,9.01579,47.09107
31930,9.01585,46.19154
31931,9.01589,47.09117
31932,9.01595,46.19164
31933,9.01599,47.09127
31934,9.01607,46.20923
31935,9.01609,47.09137
31936,9.01617,46.20933
31937,9.01622,47.10895
31938,9.01627,46.20943
31939,9.01632,47.10905
31940,9.01637,46.20953
31941,9.01642,47.10915
31942,9.01647,46.20963
31943,9.01652,47.10925
31944,9.01659,46.22722
31945,9.01662,47.10935
31946,9.01669,46.22732
31947,9.01675,47.12694
31948,9.01679,46.22742
31949,9.01685,47.12704
31950,9.01689,46.22752
31951,9.01695,47.12714
31952,9.01699,46.22762
31953,9.01705,47.12724
31954,9.01711,46.2452
31955,9.01715,47.12734
31956,9.01721,46.2453
31957,9.01728,47.14492
31958,9.01731,46.2454
31959,9.01738,47.14502
31960,9.01741,46.2455
31961,9.01748,47.14512
31962,9.01751,46.2456
31963,9.01758,47.14522
31964,9.01763,46.26319
31965,9.01768,47.14532
31966,9.01773,46.26329
31967,9.01781,47.16291
31968,9.01783,46.26339
31969,9.01791,47.16301
31970,9.01793,46.26349
31971,9.01801,47.16311
31972,9.01803,46.26359
31973,9.01811,47.16321
31974,9.01816,46.28118
31975,9.01821,47.16331
31976,9.01826,46.28128
31977,9.01834,47.1809
31978,9.01836,46.28138
31979,9.01844,47.181
31980,9.01846,46.28148
31981,9.01854,47.1811
31982,9.01856,46.28158
31983,9.01864,47.1812
31984,9.01868,46.29917
31985,9.01874,47.1813
31986,9.01878,46.29927
31987,9.01887,47.19888
31988,9.01888,46.29937
31989,9.01897,47.19898
31990,9.01898,46.29947
31991,9.01907,47.19908
31992,9.01908,46.29957
31993,9.01917,47.19918
31994,9.0192,46.31715
31995,9.01927,47.19928
31996,9.0193,46.31725
31997,9.0194,46.31735
31998,9.0194,47.21687
31999,9.0195,46.31745
32000,9.0195,47.21697
32001,9.0196,46.31755
32002,9.0196,47.21707
32003,9.0197,47.21717
32004,9.01972,46.33514
32005,9.0198,47.21727
32006,9.01982,46.33524
32007,9.01992,46.33534
32008,9.01993,47.23485
32009,9.02002,46.33544
32010,9.02003,47.23495
32011,9.02012,46.33554
32012,9.02013,47.23505
32013,9.02023,47.23515
32014,9.02025,46.35313
32015,9.02033,47.23525
32016,9.02035,46.35323
32017,9.02045,46.35333
32018,9.02047,47.25284
32019,9.02055,46.35343
32020,9.02057,47.25294
32021,9.02065,46.35353
32022,9.02067,47.25304
32023,9.02077,46.37112
32024,9.02077,47.25314
32025,9.02087,46.37122
32026,9.02087,47.25324
32027,9.02097,46.37132
32028,9.021,47.27082
32029,9.02107,46.37142
32030,9.0211,47.27092
32031,9.02117,46.37152
32032,9.0212,47.27102
32033,9.0213,46.3891
32034,9.0213,47.27112
32035,9.0214,46.3892
32036,9.0214,47.27122
32037,9.0215,46.3893
32038,9.02153,47.28881
32039,9.0216,46.3894
32040,9.02163,47.28891
32041,9.0217,46.3895
32042,9.02173,47.28901
32043,9.02182,46.40709
32044,9.02183,47.28911
32045,9.02192,46.40719
32046,9.02193,47.28921
32047,9.02202,46.40729
32048,9.02207,47.30679
32049,9.02212,46.40739
32050,9.02217,47.30689
32051,9.02222,46.40749
32052,9.02227,47.30699
32053,9.02235,46.42508
32054,9.02237,47.30709
32055,9.02245,46.42518
32056,9.02247,47.30719
32057,9.02255,46.42528
32058,9.0226,47.32478
32059,9.02265,46.42538
32060,9.0227,47.32488
32061,9.02275,46.42548
32062,9.0228,47.32498
32063,9.02287,46.44307
32064,9.0229,47.32508
32065,9.02297,46.44317
32066,9.023,47.32518
32067,9.02307,46.44327
32068,9.02313,47.34276
32069,9.02317,46.44337
32070,9.02323,47.34286
32071,9.02327,46.44347
32072,9.02333,47.34296
32073,9.0234,46.46105
32074,9.02343,47.34306
32075,9.0235,46.46115
32076,9.02353,47.34316
32077,9.0236,46.46125
32078,9.02367,47.36075
32079,9.0237,46.46135
32080,9.02377,47.36085
32081,9.0238,46.46145
32082,9.02387,47.36095
32083,9.02392,46.47904
32084,9.02397,47.36105
32085,9.02402,46.47914
32086,9.02407,47.36115
32087,9.02412,46.47924
32088,9.0242,47.37873
32089,9.02422,46.47934
32090,9.0243,47.37883
32091,9.02432,46.47944
32092,9.0244,47.37893
32093,9.0245,47.37903
32094,9.0246,47.37913
32095,9.02474,47.39672
32096,9.02484,47.39682
32097,9.02494,47.39692
32098,9.02504,47.39702
32099,9.02514,47.39712
32100,9.02528,47.4147
32101,9.02538,47.4148
32102,9.02548,47.4149
32103,9.02558,47.415
32104,9.02568,47.4151
32105,9.02581,47.43269
32106,9.02591,47.43279
32107,9.02601,47.43289
32108,9.02611,47.43299
32109,9.02621,47.43309
32110,9.02635,47.45067
32111,9.02645,47.45077
32112,9.02655,47.45087
32113,9.02665,47.45097
32114,9.02675,47.45107
32115,9.02688,47.46866
32116,9.02698,47.46876
32117,9.02708,47.46886
32118,9.02718,47.46896
32119,9.02728,47.46906
32120,9.02742,47.48664
32121,9.02752,47.48674
32122,9.02762,47.48684
32123,9.02772,47.48694
32124,9.02782,47.48704
32125,9.02796,47.50462
32126,9.02806,47.50472
32127,9.02816,47.50482
32128,9.02826,47.50492
32129,9.02836,47.50502
32130,9.0285,47.52261
32131,9.0286,47.52271
32132,9.0287,47.52281
32133,9.0288,47.52291
32134,9.0289,47.52301
32135,9.02904,47.54059
32136,9.02914,47.54069
32137,9.02924,47.54079
32138,9.02934,47.54089
32139,9.02944,47.54099
32140,9.02958,47.55858
32141,9.02968,47.55868
32142,9.02978,47.55878
32143,9.02988,47.55888
32144,9.02998,47.55898
32145,9.03011,47.57656
32146,9.03021,47.57666
32147,9.03031,47.57676
32148,9.03041,45.81315
32149,9.03041,47.57686
32150,9.03051,45.81325
32151,9.03051,47.57696
32152,9.03061,45.81335
32153,9.03065,47.59454
32154,9.03075,47.59464
32155,9.03085,47.59474
32156,9.03093,45.83113
32157,9.03095,47.59484
32158,9.03103,45.83123
32159,9.03105,47.59494
32160,9.03113,45.83133
32161,9.03119,47.61253
32162,9.03123,45.83143
32163,9.03129,47.61263
32164,9.03133,45.83153
32165,9.03133,46.73087
32166,9.03139,47.61273
32167,9.03143,46.73097
32168,9.03145,45.84912
32169,9.03149,47.61283
32170,9.03153,46.73107
32171,9.03155,45.84922
32172,9.03159,47.61293
32173,9.03163,46.73117
32174,9.03165,45.84932
32175,9.03173,46.73127
32176,9.03173,47.63051
32177,9.03175,45.84942
32178,9.03183,47.63061
32179,9.03185,45.84952
32180,9.03186,46.74885
32181,9.03193,47.63071
32182,9.03196,46.74895
32183,9.03198,45.86711
32184,9.03203,47.63081
32185,9.03206,46.74905
32186,9.03208,45.86721
32187,9.03213,47.63091
32188,9.03216,46.74915
32189,9.03218,45.86731
32190,9.03226,46.74925
32191,9.03227,47.64849
32192,9.03228,45.86741
32193,9.03237,47.64859
32194,9.03238,45.86751
32195,9.03239,46.76684
32196,9.03247,47.64869
32197,9.03249,46.76694
32198,9.0325,45.88509
32199,9.03257,47.64879
32200,9.03259,46.76704
32201,9.0326,45.88519
32202,9.03267,47.64889
32203,9.03269,46.76714
32204,9.0327,45.88529
32205,9.03279,46.76724
32206,9.0328,45.88539
32207,9.03282,47.66648
32208,9.0329,45.88549
32209,9.03292,46.78483
32210,9.03292,47.66658
32211,9.03302,45.90308
32212,9.03302,46.78493
32213,9.03302,47.66668
32214,9.03312,45.90318
32215,9.03312,46.78503
32216,9.03312,47.66678
32217,9.03322,45.90328
32218,9.03322,47.66688
32219,9.03332,45.90338
32220,9.03342,45.90348
32221,9.03345,46.80281
32222,9.03355,45.92107
32223,9.03355,46.80291
32224,9.03365,45.92117
32225,9.03365,46.80301
32226,9.03375,45.92127
32227,9.03375,46.80311
32228,9.03385,45.92137
32229,9.03395,45.92147
32230,9.03399,46.8208
32231,9.03452,46.83879
32232,9.03612,46.89275
32233,9.03622,46.89285
32234,9.03632,46.89295
32235,9.03642,46.89305
32236,9.03652,46.89315
32237,9.03666,46.91074
32238,9.03676,46.91084
32239,9.03686,46.91094
32240,9.03696,46.91104
32241,9.03706,46.91114
32242,9.03719,46.92872
32243,9.03729,46.92882
32244,9.03739,46.92892
32245,9.03773,46.94671
32246,9.03775,46.06496
32247,9.03783,46.94681
32248,9.03785,46.06506
32249,9.03793,46.94691
32250,9.03795,46.06516
32251,9.03803,46.94701
32252,9.03805,46.06526
32253,9.03813,46.94711
32254,9.03815,46.06536
32255,9.03826,46.9647
32256,9.03828,46.08295
32257,9.03836,46.9648
32258,9.03838,46.08305
32259,9.03846,46.9649
32260,9.03848,46.08315
32261,9.03856,46.965
32262,9.03858,46.08325
32263,9.03866,46.9651
32264,9.03868,46.08335
32265,9.0388,46.98268
32266,9.03881,46.10094
32267,9.0389,46.98278
32268,9.03891,46.10104
32269,9.039,46.98288
32270,9.03901,46.10114
32271,9.0391,46.98298
32272,9.03911,46.10124
32273,9.0392,46.98308
32274,9.03921,46.10134
32275,9.03933,46.11893
32276,9.03933,47.00067
32277,9.03943,46.11903
32278,9.03943,47.00077
32279,9.03953,46.11913
32280,9.03953,47.00087
32281,9.03963,46.11923
32282,9.03963,47.00097
32283,9.03973,47.00107
32284,9.03986,46.13691
32285,9.03987,47.01866
32286,9.03996,46.13701
32287,9.04006,46.13711
32288,9.04016,46.13721
32289,9.04039,46.1549
32290,9.04041,47.03664
32291,9.04049,46.155
32292,9.04051,47.03674
32293,9.04059,46.1551
32294,9.04061,47.03684
32295,9.04069,46.1552
32296,9.04071,47.03694
32297,9.04079,46.1553
32298,9.04081,47.03704
32299,9.04092,46.17289
32300,9.04095,47.05463
32301,9.04102,46.17299
32302,9.04105,47.05473
32303,9.04112,46.17309
32304,9.04115,47.05483
32305,9.04122,46.17319
32306,9.04125,47.05493
32307,9.04132,46.17329
32308,9.04135,47.05503
32309,9.04145,46.19088
32310,9.04148,47.07261
32311,9.04155,46.19098
32312,9.04158,47.07271
32313,9.04165,46.19108
32314,9.04168,47.07281
32315,9.04175,46.19118
32316,9.04178,47.07291
32317,9.04185,46.19128
32318,9.04188,47.07301
32319,9.04198,46.20886
32320,9.04202,47.0906
32321,9.04208,46.20896
32322,9.04212,47.0907
32323,9.04218,46.20906
32324,9.04222,47.0908
32325,9.04228,46.20916
32326,9.04232,47.0909
32327,9.04238,46.20926
32328,9.04242,47.091
32329,9.04251,46.22685
32330,9.04256,47.10859
32331,9.04261,46.22695
32332,9.04266,47.10869
32333,9.04271,46.22705
32334,9.04276,47.10879
32335,9.04281,46.22715
32336,9.04286,47.10889
32337,9.04291,46.22725
32338,9.04296,47.10899
32339,9.04304,46.24484
32340,9.0431,47.12657
32341,9.04314,46.24494
32342,9.0432,47.12667
32343,9.04324,46.24504
32344,9.0433,47.12677
32345,9.04334,46.24514
32346,9.0434,47.12687
32347,9.04344,46.24524
32348,9.0435,47.12697
32349,9.04357,46.26283
32350,9.04364,47.14456
32351,9.04367,46.26293
32352,9.04374,47.14466
32353,9.04377,46.26303
32354,9.04384,47.14476
32355,9.04387,46.26313
32356,9.04394,47.14486
32357,9.04397,46.26323
32358,9.04404,47.14496
32359,9.0441,46.28081
32360,9.04418,47.16254
32361,9.0442,46.28091
32362,9.04428,47.16264
32363,9.0443,46.28101
32364,9.04438,47.16274
32365,9.0444,46.28111
32366,9.04448,47.16284
32367,9.0445,46.28121
32368,9.04458,47.16294
32369,9.04463,46.2988
32370,9.04472,47.18053
32371,9.04482,47.18063
32372,9.04492,47.18073
32373,9.04502,47.18083
32374,9.04512,47.18093
32375,9.04526,47.19852
32376,9.04536,47.19862
32377,9.04546,47.19872
32378,9.04556,47.19882
32379,9.04566,47.19892
32380,9.04569,46.33478
32381,9.04579,46.33488
32382,9.0458,47.2165
32383,9.04589,46.33498
32384,9.0459,47.2166
32385,9.046,47.2167
32386,9.0461,47.2168
32387,9.0462,47.2169
32388,9.04623,46.35276
32389,9.04633,46.35286
32390,9.04634,47.23449
32391,9.04643,46.35296
32392,9.04644,47.23459
32393,9.04653,46.35306
32394,9.04654,47.23469
32395,9.04663,46.35316
32396,9.04664,47.23479
32397,9.04674,47.23489
32398,9.04676,46.37075
32399,9.04686,46.37085
32400,9.04688,47.25247
32401,9.04696,46.37095
32402,9.04698,47.25257
32403,9.04706,46.37105
32404,9.04708,47.25267
32405,9.04716,46.37115
32406,9.04718,47.25277
32407,9.04728,47.25287
32408,9.04729,46.38874
32409,9.04739,46.38884
32410,9.04742,47.27046
32411,9.04749,46.38894
32412,9.04752,47.27056
32413,9.04759,46.38904
32414,9.04762,47.27066
32415,9.04769,46.38914
32416,9.04772,47.27076
32417,9.04782,46.40673
32418,9.04782,47.27086
32419,9.04792,46.40683
32420,9.04797,47.28844
32421,9.04802,46.40693
32422,9.04807,47.28854
32423,9.04812,46.40703
32424,9.04817,47.28864
32425,9.04822,46.40713
32426,9.04827,47.28874
32427,9.04836,46.42471
32428,9.04837,47.28884
32429,9.04846,46.42481
32430,9.04851,47.30643
32431,9.04856,46.42491
32432,9.04861,47.30653
32433,9.04866,46.42501
32434,9.04871,47.30663
32435,9.04876,46.42511
32436,9.04881,47.30673
32437,9.04889,46.4427
32438,9.04891,47.30683
32439,9.04899,46.4428
32440,9.04905,47.32441
32441,9.04909,46.4429
32442,9.04915,47.32451
32443,9.04919,46.443
32444,9.04925,47.32461
32445,9.04929,46.4431
32446,9.04935,47.32471
32447,9.04943,46.46069
32448,9.04945,47.32481
32449,9.04953,46.46079
32450,9.04959,47.3424
32451,9.04969,47.3425
32452,9.04979,47.3426
32453,9.04989,47.3427
32454,9.04999,47.3428
32455,9.05014,47.36038
32456,9.05024,47.36048
32457,9.05034,47.36058
32458,9.05044,47.36068
32459,9.05054,47.36078
32460,9.05068,47.37837
32461,9.05078,47.37847
32462,9.05088,47.37857
32463,9.05098,47.37867
32464,9.05108,47.37877
32465,9.05123,47.39635
32466,9.05133,47.39645
32467,9.05143,47.39655
32468,9.05153,47.39665
32469,9.05157,46.53264
32470,9.05163,47.39675
32471,9.05177,47.41434
32472,9.05187,47.41444
32473,9.05197,47.41454
32474,9.05207,47.41464
32475,9.05217,47.41474
32476,9.05232,47.43232
32477,9.05242,47.43242
32478,9.05252,47.43252
32479,9.05262,47.43262
32480,9.05264,46.56861
32481,9.05272,47.43272
32482,9.05274,46.56871
32483,9.05284,46.56881
32484,9.05286,47.45031
32485,9.05294,46.56891
32486,9.05296,47.45041
32487,9.05306,47.45051
32488,9.05316,47.45061
32489,9.05326,47.45071
32490,9.05341,47.46829
32491,9.05351,47.46839
32492,9.05361,47.46849
32493,9.05371,47.46859
32494,9.05381,47.46869
32495,9.05395,47.48627
32496,9.05405,47.48637
32497,9.05415,47.48647
32498,9.05425,46.62257
32499,9.05425,47.48657
32500,9.05435,46.62267
32501,9.05435,47.48667
32502,9.0545,47.50426
32503,9.0546,47.50436
32504,9.0547,47.50446
32505,9.05479,46.64056
32506,9.0548,47.50456
32507,9.05489,46.64066
32508,9.0549,47.50466
32509,9.05499,46.64076
32510,9.05505,47.52224
32511,9.05509,46.64086
32512,9.05515,47.52234
32513,9.05519,46.64096
32514,9.05525,47.52244
32515,9.05533,46.65855
32516,9.05535,47.52254
32517,9.05545,47.52264
32518,9.05559,47.54022
32519,9.05569,47.54032
32520,9.05579,47.54042
32521,9.05587,46.67654
32522,9.05589,47.54052
32523,9.05597,46.67664
32524,9.05599,47.54062
32525,9.05607,46.67674
32526,9.05614,47.55821
32527,9.05617,46.67684
32528,9.05624,47.55831
32529,9.05634,47.55841
32530,9.05641,46.69452
32531,9.05644,47.55851
32532,9.05654,47.55861
32533,9.05669,47.57619
32534,9.05679,47.57629
32535,9.05689,47.57639
32536,9.05695,46.71251
32537,9.05699,47.57649
32538,9.05705,46.71261
32539,9.05709,47.57659
32540,9.05715,46.71271
32541,9.05719,45.84875
32542,9.05724,47.59418
32543,9.05734,47.59428
32544,9.05744,47.59438
32545,9.05749,46.7305
32546,9.05754,47.59448
32547,9.05759,46.7306
32548,9.05764,47.59458
32549,9.05769,46.7307
32550,9.05772,45.86674
32551,9.05779,46.7308
32552,9.05779,47.61216
32553,9.05782,45.86684
32554,9.05789,46.7309
32555,9.05789,47.61226
32556,9.05792,45.86694
32557,9.05799,47.61236
32558,9.05802,45.86704
32559,9.05803,46.74849
32560,9.05809,47.61246
32561,9.05812,45.86714
32562,9.05813,46.74859
32563,9.05819,47.61256
32564,9.05823,46.74869
32565,9.05825,45.88472
32566,9.05833,46.74879
32567,9.05834,47.63014
32568,9.05835,45.88482
32569,9.05843,46.74889
32570,9.05844,47.63024
32571,9.05845,45.88492
32572,9.05854,47.63034
32573,9.05855,45.88502
32574,9.05857,46.76647
32575,9.05864,47.63044
32576,9.05865,45.88512
32577,9.05867,46.76657
32578,9.05874,47.63054
32579,9.05877,46.76667
32580,9.05879,45.90271
32581,9.05887,46.76677
32582,9.05889,45.90281
32583,9.05889,47.64812
32584,9.05897,46.76687
32585,9.05899,45.90291
32586,9.05899,47.64822
32587,9.05909,45.90301
32588,9.05909,47.64832
32589,9.05911,46.78446
32590,9.05919,45.90311
32591,9.05919,47.64842
32592,9.05921,46.78456
32593,9.05929,47.64852
32594,9.05931,46.78466
32595,9.05932,45.9207
32596,9.05941,46.78476
32597,9.05942,45.9208
32598,9.05944,47.66611
32599,9.05951,46.78486
32600,9.05952,45.9209
32601,9.05954,47.66621
32602,9.05962,45.921
32603,9.05964,47.66631
32604,9.05965,46.80245
32605,9.05974,47.66641
32606,9.05984,47.66651
32607,9.06019,46.82043
32608,9.06029,46.82053
32609,9.06039,46.82063
32610,9.06345,46.92835
32611,9.06355,46.92845
32612,9.06359,46.06459
32613,9.06365,46.92855
32614,9.06369,46.06469
32615,9.06375,46.92865
32616,9.06385,46.92875
32617,9.06399,46.94634
32618,9.06409,46.94644
32619,9.06413,46.08258
32620,9.06419,46.94654
32621,9.06423,46.08268
32622,9.06429,46.94664
32623,9.06433,46.08278
32624,9.06439,46.94674
32625,9.06443,46.08288
32626,9.06453,46.08298
32627,9.06453,46.96433
32628,9.06463,46.96443
32629,9.06466,46.10057
32630,9.06473,46.96453
32631,9.06476,46.10067
32632,9.06483,46.96463
32633,9.06486,46.10077
32634,9.06493,46.96473
32635,9.06496,46.10087
32636,9.06506,46.10097
32637,9.06508,46.98231
32638,9.06518,46.98241
32639,9.0652,46.11856
32640,9.06528,46.98251
32641,9.06538,46.98261
32642,9.06548,46.98271
32643,9.06562,47.0003
32644,9.06572,47.0004
32645,9.06582,47.0005
32646,9.06592,47.0006
32647,9.06602,47.0007
32648,9.06617,47.01829
32649,9.06627,46.15453
32650,9.06627,47.01839
32651,9.06637,46.15463
32652,9.06637,47.01849
32653,9.06647,46.15473
32654,9.06647,47.01859
32655,9.06657,46.15483
32656,9.06657,47.01869
32657,9.06667,46.15493
32658,9.06672,47.03627
32659,9.06681,46.17252
32660,9.06682,47.03637
32661,9.06691,46.17262
32662,9.06692,47.03647
32663,9.06701,46.17272
32664,9.06702,47.03657
32665,9.06711,46.17282
32666,9.06712,47.03667
32667,9.06721,46.17292
32668,9.06726,47.05426
32669,9.06735,46.19051
32670,9.06736,47.05436
32671,9.06745,46.19061
32672,9.06746,47.05446
32673,9.06755,46.19071
32674,9.06756,47.05456
32675,9.06765,46.19081
32676,9.06766,47.05466
32677,9.06775,46.19091
32678,9.06781,47.07224
32679,9.06789,46.20849
32680,9.06791,47.07234
32681,9.06799,46.20859
32682,9.06801,47.07244
32683,9.06809,46.20869
32684,9.06811,47.07254
32685,9.06819,46.20879
32686,9.06821,47.07264
32687,9.06829,46.20889
32688,9.06836,47.09023
32689,9.06842,46.22648
32690,9.06846,47.09033
32691,9.06852,46.22658
32692,9.06856,47.09043
32693,9.06862,46.22668
32694,9.06866,47.09053
32695,9.06872,46.22678
32696,9.06876,47.09063
32697,9.06882,46.22688
32698,9.0689,47.10822
32699,9.06896,46.24447
32700,9.069,47.10832
32701,9.06906,46.24457
32702,9.0691,47.10842
32703,9.06916,46.24467
32704,9.0692,47.10852
32705,9.06926,46.24477
32706,9.0693,47.10862
32707,9.06936,46.24487
32708,9.06945,47.1262
32709,9.0695,46.26245
32710,9.06955,47.1263
32711,9.06965,47.1264
32712,9.06975,47.1265
32713,9.06985,47.1266
32714,9.07,47.14419
32715,9.07004,46.28044
32716,9.0701,47.14429
32717,9.07014,46.28054
32718,9.0702,47.14439
32719,9.07024,46.28064
32720,9.0703,47.14449
32721,9.07034,46.28074
32722,9.0704,47.14459
32723,9.07055,47.16217
32724,9.07058,46.29843
32725,9.07065,47.16227
32726,9.07075,47.16237
32727,9.07085,47.16247
32728,9.07095,47.16257
32729,9.0711,47.18016
32730,9.0712,47.18026
32731,9.0713,47.18036
32732,9.0714,47.18046
32733,9.0715,47.18056
32734,9.07165,47.19814
32735,9.07175,47.19824
32736,9.07185,47.19834
32737,9.07195,47.19844
32738,9.07205,47.19854
32739,9.0722,46.35239
32740,9.0722,47.21613
32741,9.0723,47.21623
32742,9.0724,47.21633
32743,9.0725,47.21643
32744,9.0726,47.21653
32745,9.07274,46.37038
32746,9.07275,47.23411
32747,9.07284,46.37048
32748,9.07285,47.23421
32749,9.07294,46.37058
32750,9.07295,47.23431
32751,9.07304,46.37068
32752,9.07305,47.23441
32753,9.07314,46.37078
32754,9.07315,47.23451
32755,9.07329,46.38837
32756,9.0733,47.2521
32757,9.0734,47.2522
32758,9.0735,47.2523
32759,9.0736,47.2524
32760,9.0737,47.2525
32761,9.07383,46.40635
32762,9.07385,47.27009
32763,9.07395,47.27019
32764,9.07405,47.27029
32765,9.07415,47.27039
32766,9.07425,47.27049
32767,9.07437,46.42434
32768,9.0744,47.28807
32769,9.0745,47.28817
32770,9.0746,47.28827
32771,9.0747,47.28837
32772,9.0748,47.28847
32773,9.07495,47.30606
32774,9.07505,47.30616
32775,9.07515,47.30626
32776,9.07525,47.30636
32777,9.07535,47.30646
32778,9.07546,46.46032
32779,9.0755,47.32404
32780,9.07556,46.46042
32781,9.0756,47.32414
32782,9.0757,47.32424
32783,9.0758,47.32434
32784,9.0759,47.32444
32785,9.07605,47.34203
32786,9.07615,47.34213
32787,9.07625,47.34223
32788,9.07635,47.34233
32789,9.07645,47.34243
32790,9.07661,47.36001
32791,9.07671,47.36011
32792,9.07681,47.36021
32793,9.07691,47.36031
32794,9.07701,47.36041
32795,9.07716,47.37799
32796,9.07726,47.37809
32797,9.07736,47.37819
32798,9.07746,47.37829
32799,9.07756,47.37839
32800,9.07771,47.39598
32801,9.07781,47.39608
32802,9.07791,47.39618
32803,9.07801,47.39628
32804,9.07811,47.39638
32805,9.07827,47.41396
32806,9.07837,47.41406
32807,9.07847,47.41416
32808,9.07857,47.41426
32809,9.07867,47.41436
32810,9.07882,47.43195
32811,9.07892,47.43205
32812,9.07902,47.43215
32813,9.07912,47.43225
32814,9.07922,47.43235
32815,9.07937,47.44993
32816,9.07947,47.45003
32817,9.07957,47.45013
32818,9.07967,47.45023
32819,9.07977,47.45033
32820,9.07981,46.60421
32821,9.07991,46.60431
32822,9.07993,47.46792
32823,9.08001,46.60441
32824,9.08003,47.46802
32825,9.08011,46.60451
32826,9.08013,47.46812
32827,9.08021,46.60461
32828,9.08023,47.46822
32829,9.08033,47.46832
32830,9.08036,46.6222
32831,9.08046,46.6223
32832,9.08048,47.4859
32833,9.08058,47.486
32834,9.08068,47.4861
32835,9.08078,47.4862
32836,9.08088,47.4863
32837,9.08091,46.64019
32838,9.08101,46.64029
32839,9.08104,47.50388
32840,9.08111,46.64039
32841,9.08114,47.50398
32842,9.08121,46.64049
32843,9.08124,47.50408
32844,9.08131,46.64059
32845,9.08134,47.50418
32846,9.08144,47.50428
32847,9.08145,46.65818
32848,9.08155,46.65828
32849,9.0816,47.52187
32850,9.08165,46.65838
32851,9.0817,47.52197
32852,9.08175,46.65848
32853,9.0818,47.52207
32854,9.08185,46.65858
32855,9.0819,47.52217
32856,9.082,46.67616
32857,9.082,47.52227
32858,9.0821,46.67626
32859,9.08215,47.53985
32860,9.08225,47.53995
32861,9.08235,47.54005
32862,9.08245,47.54015
32863,9.08255,46.69415
32864,9.08255,47.54025
32865,9.08265,46.69425
32866,9.08271,47.55783
32867,9.08281,47.55793
32868,9.08291,47.55803
32869,9.08301,47.55813
32870,9.0831,46.71214
32871,9.08311,47.55823
32872,9.0832,46.71224
32873,9.08327,47.57582
32874,9.0833,46.71234
32875,9.08337,47.57592
32876,9.0834,46.71244
32877,9.08347,47.57602
32878,9.0835,46.71254
32879,9.08357,47.57612
32880,9.08364,46.73012
32881,9.08367,47.57622
32882,9.08374,46.73022
32883,9.08382,47.5938
32884,9.08384,46.73032
32885,9.08392,47.5939
32886,9.08394,46.73042
32887,9.08402,47.594
32888,9.08404,46.73052
32889,9.08412,47.5941
32890,9.08419,46.74811
32891,9.08422,47.5942
32892,9.08429,46.74821
32893,9.08438,47.61178
32894,9.08439,46.74831
32895,9.08448,47.61188
32896,9.08449,46.74841
32897,9.08455,45.90234
32898,9.08458,47.61198
32899,9.08459,46.74851
32900,9.08465,45.90244
32901,9.08468,47.61208
32902,9.08474,46.7661
32903,9.08478,47.61218
32904,9.08484,46.7662
32905,9.08494,46.7663
32906,9.08494,47.62977
32907,9.08504,46.7664
32908,9.08504,47.62987
32909,9.08514,46.7665
32910,9.08514,47.62997
32911,9.08524,47.63007
32912,9.08529,46.78408
32913,9.08534,47.63017
32914,9.08539,46.78418
32915,9.08549,46.78428
32916,9.0855,47.64775
32917,9.08559,46.78438
32918,9.0856,47.64785
32919,9.08569,46.78448
32920,9.0857,47.64795
32921,9.0858,47.64805
32922,9.08584,46.80207
32923,9.0859,47.64815
32924,9.08594,46.80217
32925,9.08604,46.80227
32926,9.08606,47.66573
32927,9.08614,46.80237
32928,9.08616,47.66583
32929,9.08624,46.80247
32930,9.08626,47.66593
32931,9.08636,47.66603
32932,9.08639,46.82006
32933,9.08646,47.66613
32934,9.08649,46.82016
32935,9.08659,46.82026
32936,9.08669,46.82036
32937,9.08694,46.83804
32938,9.0886,46.892
32939,9.0887,46.8921
32940,9.0888,46.8922
32941,9.0889,46.8923
32942,9.0897,46.92798
32943,9.0898,46.92808
32944,9.0899,46.92818
32945,9.08997,46.08221
32946,9.09007,46.08231
32947,9.09025,46.94596
32948,9.09035,46.94606
32949,9.09045,46.94616
32950,9.09055,46.94626
32951,9.09065,46.94636
32952,9.09081,46.96395
32953,9.09091,46.96405
32954,9.09101,46.96415
32955,9.09111,46.96425
32956,9.09121,46.96435
32957,9.09136,46.98194
32958,9.09146,46.98204
32959,9.09156,46.98214
32960,9.09161,46.13617
32961,9.09166,46.98224
32962,9.09171,46.13627
32963,9.09176,46.98234
32964,9.09181,46.13637
32965,9.09191,46.13647
32966,9.09192,46.99992
32967,9.09202,47.00002
32968,9.09212,47.00012
32969,9.09215,46.15415
32970,9.09222,47.00022
32971,9.09225,46.15425
32972,9.09232,47.00032
32973,9.09247,47.01791
32974,9.09257,47.01801
32975,9.09267,47.01811
32976,9.0927,46.17214
32977,9.09277,47.01821
32978,9.0928,46.17224
32979,9.09287,47.01831
32980,9.0929,46.17234
32981,9.093,46.17244
32982,9.09302,47.0359
32983,9.0931,46.17254
32984,9.09312,47.036
32985,9.09322,47.0361
32986,9.09325,46.19013
32987,9.09332,47.0362
32988,9.09335,46.19023
32989,9.09342,47.0363
32990,9.09345,46.19033
32991,9.09355,46.19043
32992,9.09358,47.05388
32993,9.09365,46.19053
32994,9.09368,47.05398
32995,9.09378,47.05408
32996,9.09379,46.20812
32997,9.09388,47.05418
32998,9.09389,46.20822
32999,9.09398,47.05428
33000,9.09399,46.20832
33001,9.09409,46.20842
33002,9.09414,47.07187
33003,9.09419,46.20852
33004,9.09424,47.07197
33005,9.09434,46.2261
33006,9.09434,47.07207
33007,9.09444,46.2262
33008,9.09444,47.07217
33009,9.09454,46.2263
33010,9.09454,47.07227
33011,9.09464,46.2264
33012,9.09469,47.08985
33013,9.09474,46.2265
33014,9.09479,47.08995
33015,9.09489,46.24409
33016,9.09489,47.09005
33017,9.09499,46.24419
33018,9.09499,47.09015
33019,9.09509,46.24429
33020,9.09509,47.09025
33021,9.09519,46.24439
33022,9.09525,47.10784
33023,9.09529,46.24449
33024,9.09535,47.10794
33025,9.09544,46.26208
33026,9.09545,47.10804
33027,9.09554,46.26218
33028,9.09555,47.10814
33029,9.09564,46.26228
33030,9.09565,47.10824
33031,9.09574,46.26238
33032,9.0958,47.12582
33033,9.09584,46.26248
33034,9.0959,47.12592
33035,9.09598,46.28006
33036,9.096,47.12602
33037,9.09608,46.28016
33038,9.0961,47.12612
33039,9.09618,46.28026
33040,9.0962,47.12622
33041,9.09628,46.28036
33042,9.09636,47.14381
33043,9.09638,46.28046
33044,9.09646,47.14391
33045,9.09653,46.29805
33046,9.09656,47.14401
33047,9.09663,46.29815
33048,9.09666,47.14411
33049,9.09673,46.29825
33050,9.09676,47.14421
33051,9.09683,46.29835
33052,9.09692,47.1618
33053,9.09702,47.1619
33054,9.09708,46.31604
33055,9.09712,47.162
33056,9.09718,46.31614
33057,9.09722,47.1621
33058,9.09728,46.31624
33059,9.09732,47.1622
33060,9.09738,46.31634
33061,9.09748,46.31644
33062,9.09748,47.17978
33063,9.09758,47.17988
33064,9.09763,46.33403
33065,9.09768,47.17998
33066,9.09773,46.33413
33067,9.09778,47.18008
33068,9.09783,46.33423
33069,9.09788,47.18018
33070,9.09793,46.33433
33071,9.09803,47.19777
33072,9.09813,47.19787
33073,9.09818,46.35201
33074,9.09823,47.19797
33075,9.09833,47.19807
33076,9.09843,47.19817
33077,9.09859,47.21575
33078,9.09869,47.21585
33079,9.09873,46.37
33080,9.09879,47.21595
33081,9.09883,46.3701
33082,9.09889,47.21605
33083,9.09899,47.21615
33084,9.09915,47.23374
33085,9.09925,47.23384
33086,9.09928,46.38799
33087,9.09935,47.23394
33088,9.09938,46.38809
33089,9.09945,47.23404
33090,9.09955,47.23414
33091,9.09971,47.25172
33092,9.09981,47.25182
33093,9.09991,47.25192
33094,9.10001,47.25202
33095,9.10011,47.25212
33096,9.10027,47.26971
33097,9.10037,47.26981
33098,9.10047,47.26991
33099,9.10057,47.27001
33100,9.10067,47.27011
33101,9.10083,47.28769
33102,9.10093,47.28779
33103,9.10103,47.28789
33104,9.10113,47.28799
33105,9.10123,47.28809
33106,9.10139,47.30568
33107,9.10149,47.30578
33108,9.10159,47.30588
33109,9.10169,47.30598
33110,9.10179,47.30608
33111,9.10195,47.32366
33112,9.10205,47.32376
33113,9.10215,47.32386
33114,9.10225,47.32396
33115,9.10235,47.32406
33116,9.10251,47.34165
33117,9.10259,46.49591
33118,9.10261,47.34175
33119,9.10271,47.34185
33120,9.10281,47.34195
33121,9.10291,47.34205
33122,9.10307,47.35963
33123,9.10317,47.35973
33124,9.10327,47.35983
33125,9.10337,47.35993
33126,9.10347,47.36003
33127,9.10364,47.37762
33128,9.10374,47.37772
33129,9.10384,47.37782
33130,9.10394,47.37792
33131,9.10404,47.37802
33132,9.1042,47.3956
33133,9.1043,47.3957
33134,9.1044,47.3958
33135,9.1045,47.3959
33136,9.1046,47.396
33137,9.10476,47.41358
33138,9.10486,47.41368
33139,9.10496,47.41378
33140,9.10506,47.41388
33141,9.10516,47.41398
33142,9.10532,47.43157
33143,9.10536,46.58585
33144,9.10542,47.43167
33145,9.10546,46.58595
33146,9.10552,47.43177
33147,9.10562,47.43187
33148,9.10572,47.43197
33149,9.10589,47.44955
33150,9.10591,46.60383
33151,9.10599,47.44965
33152,9.10609,47.44975
33153,9.10619,47.44985
33154,9.10629,47.44995
33155,9.10645,47.46754
33156,9.10655,47.46764
33157,9.10665,47.46774
33158,9.10675,47.46784
33159,9.10685,47.46794
33160,9.10702,47.48552
33161,9.10712,47.48562
33162,9.10722,47.48572
33163,9.10732,47.48582
33164,9.10742,47.48592
33165,9.10758,46.6578
33166,9.10758,47.5035
33167,9.10768,46.6579
33168,9.10768,47.5036
33169,9.10778,46.658
33170,9.10778,47.5037
33171,9.10788,46.6581
33172,9.10788,47.5038
33173,9.10798,46.6582
33174,9.10798,47.5039
33175,9.10813,46.67578
33176,9.10814,47.52149
33177,9.10823,46.67588
33178,9.10824,47.52159
33179,9.10833,46.67598
33180,9.10834,47.52169
33181,9.10843,46.67608
33182,9.10844,47.52179
33183,9.10853,46.67618
33184,9.10854,47.52189
33185,9.10869,46.69377
33186,9.10871,47.53947
33187,9.10879,46.69387
33188,9.10881,47.53957
33189,9.10889,46.69397
33190,9.10891,47.53967
33191,9.10899,46.69407
33192,9.10901,47.53977
33193,9.10909,46.69417
33194,9.10911,47.53987
33195,9.10925,46.71176
33196,9.10928,47.55745
33197,9.10935,46.71186
33198,9.10938,47.55755
33199,9.10945,46.71196
33200,9.10948,47.55765
33201,9.10955,46.71206
33202,9.10958,47.55775
33203,9.10965,46.71216
33204,9.10968,47.55785
33205,9.1098,46.72974
33206,9.10984,47.57544
33207,9.1099,46.72984
33208,9.10994,47.57554
33209,9.11,46.72994
33210,9.11004,47.57564
33211,9.1101,46.73004
33212,9.11014,47.57574
33213,9.1102,46.73014
33214,9.11024,47.57584
33215,9.11036,46.74773
33216,9.11041,47.59342
33217,9.11046,46.74783
33218,9.11051,47.59352
33219,9.11056,46.74793
33220,9.11061,47.59362
33221,9.11066,46.74803
33222,9.11071,47.59372
33223,9.11076,46.74813
33224,9.11081,47.59382
33225,9.11092,46.76572
33226,9.11098,47.6114
33227,9.11102,46.76582
33228,9.11108,47.6115
33229,9.11112,46.76592
33230,9.11118,47.6116
33231,9.11122,46.76602
33232,9.11128,47.6117
33233,9.11132,46.76612
33234,9.11138,47.6118
33235,9.11148,46.7837
33236,9.11154,47.62939
33237,9.11158,46.7838
33238,9.11164,47.62949
33239,9.11168,46.7839
33240,9.11174,47.62959
33241,9.11178,46.784
33242,9.11184,47.62969
33243,9.11188,46.7841
33244,9.11194,47.62979
33245,9.11204,46.80169
33246,9.11211,47.64737
33247,9.11214,46.80179
33248,9.11221,47.64747
33249,9.11224,46.80189
33250,9.11231,47.64757
33251,9.11234,46.80199
33252,9.11241,47.64767
33253,9.11244,46.80209
33254,9.11251,47.64777
33255,9.11259,46.81968
33256,9.11268,47.66535
33257,9.11269,46.81978
33258,9.11278,47.66545
33259,9.11279,46.81988
33260,9.11288,47.66555
33261,9.11289,46.81998
33262,9.11298,47.66565
33263,9.11299,46.82008
33264,9.11308,47.66575
33265,9.11315,46.83766
33266,9.11325,46.83776
33267,9.11335,46.83786
33268,9.11345,46.83796
33269,9.11427,46.87364
33270,9.11483,46.89162
33271,9.11493,46.89172
33272,9.11503,46.89182
33273,9.11513,46.89192
33274,9.11523,46.89202
33275,9.1154,46.90961
33276,9.1155,46.90971
33277,9.1156,46.90981
33278,9.11708,46.96357
33279,9.11718,46.96367
33280,9.11748,46.13579
33281,9.11764,46.98155
33282,9.11774,46.98165
33283,9.11784,46.98175
33284,9.11794,46.98185
33285,9.11804,46.15377
33286,9.11804,46.98195
33287,9.11814,46.15387
33288,9.11821,46.99954
33289,9.11824,46.15397
33290,9.11831,46.99964
33291,9.11834,46.15407
33292,9.11841,46.99974
33293,9.11851,46.99984
33294,9.11859,46.17176
33295,9.11861,46.99994
33296,9.11869,46.17186
33297,9.11877,47.01753
33298,9.11879,46.17196
33299,9.11887,47.01763
33300,9.11889,46.17206
33301,9.11897,47.01773
33302,9.11899,46.17216
33303,9.11907,47.01783
33304,9.11915,46.18975
33305,9.11925,46.18985
33306,9.11933,47.03551
33307,9.11935,46.18995
33308,9.11943,47.03561
33309,9.11945,46.19005
33310,9.11955,46.19015
33311,9.1197,46.20773
33312,9.1198,46.20783
33313,9.1199,46.20793
33314,9.12,46.20803
33315,9.1201,46.20813
33316,9.12026,46.22572
33317,9.12036,46.22582
33318,9.12046,46.22592
33319,9.12046,47.07148
33320,9.12056,46.22602
33321,9.12056,47.07158
33322,9.12066,46.22612
33323,9.12066,47.07168
33324,9.12076,47.07178
33325,9.12081,46.24371
33326,9.12086,47.07188
33327,9.12091,46.24381
33328,9.12101,46.24391
33329,9.12103,47.08947
33330,9.12111,46.24401
33331,9.12113,47.08957
33332,9.12121,46.24411
33333,9.12123,47.08967
33334,9.12133,47.08977
33335,9.12137,46.26169
33336,9.12143,47.08987
33337,9.12147,46.26179
33338,9.12157,46.26189
33339,9.12159,47.10746
33340,9.12167,46.26199
33341,9.12169,47.10756
33342,9.12177,46.26209
33343,9.12179,47.10766
33344,9.12189,47.10776
33345,9.12193,46.27968
33346,9.12199,47.10786
33347,9.12203,46.27978
33348,9.12213,46.27988
33349,9.12216,47.12544
33350,9.12223,46.27998
33351,9.12226,47.12554
33352,9.12236,47.12564
33353,9.12246,47.12574
33354,9.12248,46.29767
33355,9.12256,47.12584
33356,9.12258,46.29777
33357,9.12268,46.29787
33358,9.12272,47.14343
33359,9.12278,46.29797
33360,9.12282,47.14353
33361,9.12288,46.29807
33362,9.12292,47.14363
33363,9.12302,47.14373
33364,9.12304,46.31566
33365,9.12312,47.14383
33366,9.12314,46.31576
33367,9.12324,46.31586
33368,9.12329,47.16141
33369,9.12334,46.31596
33370,9.12339,47.16151
33371,9.12344,46.31606
33372,9.12349,47.16161
33373,9.12359,47.16171
33374,9.1236,46.33364
33375,9.12369,47.16181
33376,9.1237,46.33374
33377,9.1238,46.33384
33378,9.12385,47.1794
33379,9.1239,46.33394
33380,9.12395,47.1795
33381,9.124,46.33404
33382,9.12405,47.1796
33383,9.12415,47.1797
33384,9.12416,46.35163
33385,9.12425,47.1798
33386,9.12426,46.35173
33387,9.12436,46.35183
33388,9.12442,47.19738
33389,9.12446,46.35193
33390,9.12452,47.19748
33391,9.12456,46.35203
33392,9.12462,47.19758
33393,9.12471,46.36962
33394,9.12472,47.19768
33395,9.12481,46.36972
33396,9.12482,47.19778
33397,9.12491,46.36982
33398,9.12499,47.21537
33399,9.12501,46.36992
33400,9.12509,47.21547
33401,9.12511,46.37002
33402,9.12519,47.21557
33403,9.12527,46.3876
33404,9.12529,47.21567
33405,9.12537,46.3877
33406,9.12539,47.21577
33407,9.12547,46.3878
33408,9.12556,47.23335
33409,9.12557,46.3879
33410,9.12566,47.23345
33411,9.12567,46.388
33412,9.12576,47.23355
33413,9.12583,46.40559
33414,9.12586,47.23365
33415,9.12593,46.40569
33416,9.12596,47.23375
33417,9.12603,46.40579
33418,9.12612,47.25134
33419,9.12613,46.40589
33420,9.12622,47.25144
33421,9.12623,46.40599
33422,9.12632,47.25154
33423,9.12639,46.42358
33424,9.12642,47.25164
33425,9.12649,46.42368
33426,9.12652,47.25174
33427,9.12659,46.42378
33428,9.12669,47.26932
33429,9.12679,47.26942
33430,9.12689,47.26952
33431,9.12695,46.44157
33432,9.12699,47.26962
33433,9.12709,47.26972
33434,9.12726,47.28731
33435,9.12736,47.28741
33436,9.12746,47.28751
33437,9.12756,47.28761
33438,9.12766,47.28771
33439,9.12783,47.30529
33440,9.12793,47.30539
33441,9.12803,47.30549
33442,9.12813,47.30559
33443,9.12823,47.30569
33444,9.1284,47.32328
33445,9.1285,47.32338
33446,9.1286,47.32348
33447,9.1287,47.32358
33448,9.1288,47.32368
33449,9.12897,47.34126
33450,9.12907,47.34136
33451,9.12917,47.34146
33452,9.12927,47.34156
33453,9.12937,47.34166
33454,9.12954,47.35925
33455,9.12964,47.35935
33456,9.12974,47.35945
33457,9.12984,47.35955
33458,9.12994,47.35965
33459,9.13011,47.37723
33460,9.13021,47.37733
33461,9.13031,47.37743
33462,9.13041,47.37753
33463,9.13051,47.37763
33464,9.13068,47.39522
33465,9.13078,47.39532
33466,9.13088,46.56748
33467,9.13088,47.39542
33468,9.13098,47.39552
33469,9.13108,47.39562
33470,9.13126,47.4132
33471,9.13136,47.4133
33472,9.13144,46.58546
33473,9.13146,47.4134
33474,9.13154,46.58556
33475,9.13156,47.4135
33476,9.13164,46.58566
33477,9.13166,47.4136
33478,9.13174,46.58576
33479,9.13183,47.43118
33480,9.13184,46.58586
33481,9.13193,47.43128
33482,9.13201,46.60345
33483,9.13203,47.43138
33484,9.13211,46.60355
33485,9.13213,47.43148
33486,9.13221,46.60365
33487,9.13223,47.43158
33488,9.1324,47.44917
33489,9.1325,47.44927
33490,9.13257,46.62144
33491,9.1326,47.44937
33492,9.1327,47.44947
33493,9.1328,47.44957
33494,9.13297,47.46715
33495,9.13307,47.46725
33496,9.13317,47.46735
33497,9.13327,47.46745
33498,9.13337,47.46755
33499,9.13355,47.48513
33500,9.13365,47.48523
33501,9.13375,47.48533
33502,9.13385,47.48543
33503,9.13395,47.48553
33504,9.13412,47.50312
33505,9.13422,47.50322
33506,9.13426,46.6754
33507,9.13432,47.50332
33508,9.13436,46.6755
33509,9.13442,47.50342
33510,9.13446,46.6756
33511,9.13452,47.50352
33512,9.13456,46.6757
33513,9.13466,46.6758
33514,9.13469,47.5211
33515,9.13479,47.5212
33516,9.13483,46.69338
33517,9.13489,47.5213
33518,9.13493,46.69348
33519,9.13499,47.5214
33520,9.13503,46.69358
33521,9.13509,47.5215
33522,9.13513,46.69368
33523,9.13523,46.69378
33524,9.13527,47.53909
33525,9.13537,47.53919
33526,9.1354,46.71137
33527,9.13547,47.53929
33528,9.1355,46.71147
33529,9.13557,47.53939
33530,9.1356,46.71157
33531,9.13567,47.53949
33532,9.1357,46.71167
33533,9.1358,46.71177
33534,9.13584,47.55707
33535,9.13594,47.55717
33536,9.13596,46.72936
33537,9.13604,47.55727
33538,9.13606,46.72946
33539,9.13614,47.55737
33540,9.13616,46.72956
33541,9.13624,47.55747
33542,9.13626,46.72966
33543,9.13636,46.72976
33544,9.13642,47.57505
33545,9.13652,47.57515
33546,9.13653,46.74734
33547,9.13662,47.57525
33548,9.13663,46.74744
33549,9.13672,47.57535
33550,9.13673,46.74754
33551,9.13682,47.57545
33552,9.13683,46.74764
33553,9.13693,46.74774
33554,9.13699,47.59303
33555,9.13709,46.76533
33556,9.13709,47.59313
33557,9.13719,46.76543
33558,9.13719,47.59323
33559,9.13729,46.76553
33560,9.13729,47.59333
33561,9.13739,46.76563
33562,9.13739,47.59343
33563,9.13749,46.76573
33564,9.13757,47.61102
33565,9.13766,46.78332
33566,9.13767,47.61112
33567,9.13776,46.78342
33568,9.13777,47.61122
33569,9.13786,46.78352
33570,9.13787,47.61132
33571,9.13796,46.78362
33572,9.13797,47.61142
33573,9.13806,46.78372
33574,9.13814,47.629
33575,9.13823,46.8013
33576,9.13824,47.6291
33577,9.13833,46.8014
33578,9.13834,47.6292
33579,9.13843,46.8015
33580,9.13844,47.6293
33581,9.13853,46.8016
33582,9.13854,47.6294
33583,9.13863,46.8017
33584,9.13872,47.64698
33585,9.1388,46.81929
33586,9.13882,47.64708
33587,9.1389,46.81939
33588,9.13892,47.64718
33589,9.13902,47.64728
33590,9.13912,47.64738
33591,9.1393,47.66497
33592,9.13936,46.83728
33593,9.1394,47.66507
33594,9.13946,46.83738
33595,9.1395,47.66517
33596,9.1396,47.66527
33597,9.1397,47.66537
33598,9.14107,46.89124
33599,9.14117,46.89134
33600,9.14127,46.89144
33601,9.14137,46.89154
33602,9.14147,46.89164
33603,9.14164,46.90922
33604,9.14174,46.90932
33605,9.14184,46.90942
33606,9.14194,46.90952
33607,9.14204,46.90962
33608,9.14221,46.92721
33609,9.14231,46.92731
33610,9.14241,46.92741
33611,9.14251,46.92751
33612,9.14261,46.92761
33613,9.14278,46.94519
33614,9.14288,46.94529
33615,9.14298,46.94539
33616,9.14308,46.94549
33617,9.14335,46.96318
33618,9.14345,46.96328
33619,9.14355,46.96338
33620,9.14365,46.96348
33621,9.14392,46.15338
33622,9.14392,46.98117
33623,9.14402,46.98127
33624,9.14412,46.98137
33625,9.14422,46.98147
33626,9.14432,46.98157
33627,9.14448,46.17137
33628,9.1445,46.99915
33629,9.14458,46.17147
33630,9.1446,46.99925
33631,9.14468,46.17157
33632,9.1447,46.99935
33633,9.14478,46.17167
33634,9.1448,46.99945
33635,9.14488,46.17177
33636,9.1449,46.99955
33637,9.14505,46.18936
33638,9.14515,46.18946
33639,9.14525,46.18956
33640,9.14535,46.18966
33641,9.14545,46.18976
33642,9.14561,46.20734
33643,9.14564,47.03512
33644,9.14571,46.20744
33645,9.14574,47.03522
33646,9.14581,46.20754
33647,9.14591,46.20764
33648,9.14601,46.20774
33649,9.14617,46.22533
33650,9.14621,47.05311
33651,9.14627,46.22543
33652,9.14631,47.05321
33653,9.14637,46.22553
33654,9.14647,46.22563
33655,9.14657,46.22573
33656,9.14674,46.24332
33657,9.14684,46.24342
33658,9.14694,46.24352
33659,9.14704,46.24362
33660,9.14714,46.24372
33661,9.1473,46.26131
33662,9.14736,47.08908
33663,9.1474,46.26141
33664,9.14746,47.08918
33665,9.1475,46.26151
33666,9.1476,46.26161
33667,9.1477,46.26171
33668,9.14787,46.27929
33669,9.14793,47.10707
33670,9.14797,46.27939
33671,9.14803,47.10717
33672,9.14807,46.27949
33673,9.14813,47.10727
33674,9.14817,46.27959
33675,9.14823,47.10737
33676,9.14833,47.10747
33677,9.14843,46.29728
33678,9.14851,47.12505
33679,9.14853,46.29738
33680,9.14861,47.12515
33681,9.14863,46.29748
33682,9.14871,47.12525
33683,9.14881,47.12535
33684,9.14891,47.12545
33685,9.14908,47.14304
33686,9.14918,47.14314
33687,9.14928,47.14324
33688,9.14938,47.14334
33689,9.14948,47.14344
33690,9.14966,47.16102
33691,9.14976,47.16112
33692,9.14986,47.16122
33693,9.14996,47.16132
33694,9.15006,47.16142
33695,9.15013,46.35124
33696,9.15023,46.35134
33697,9.15023,47.17901
33698,9.15033,47.17911
33699,9.15043,47.17921
33700,9.15053,47.17931
33701,9.15063,47.17941
33702,9.1507,46.36923
33703,9.1508,46.36933
33704,9.15081,47.19699
33705,9.15091,47.19709
33706,9.15101,47.19719
33707,9.15111,47.19729
33708,9.15121,47.19739
33709,9.15139,47.21498
33710,9.15149,47.21508
33711,9.15159,47.21518
33712,9.15169,47.21528
33713,9.15179,47.21538
33714,9.15196,47.23296
33715,9.15206,47.23306
33716,9.15216,47.23316
33717,9.15226,47.23326
33718,9.15236,47.23336
33719,9.15254,47.25095
33720,9.15264,47.25105
33721,9.15274,47.25115
33722,9.15284,47.25125
33723,9.15294,47.25135
33724,9.15312,47.26893
33725,9.15322,47.26903
33726,9.15332,47.26913
33727,9.15342,47.26923
33728,9.15352,47.26933
33729,9.15354,46.45916
33730,9.15364,46.45926
33731,9.15369,47.28692
33732,9.15379,47.28702
33733,9.15389,47.28712
33734,9.15399,47.28722
33735,9.15409,47.28732
33736,9.15427,47.3049
33737,9.15437,47.305
33738,9.15447,47.3051
33739,9.15457,47.3052
33740,9.15467,47.3053
33741,9.15485,47.32289
33742,9.15495,47.32299
33743,9.15505,47.32309
33744,9.15515,47.32319
33745,9.15525,46.51312
33746,9.15525,47.32329
33747,9.15535,46.51322
33748,9.15543,47.34087
33749,9.15553,47.34097
33750,9.15563,47.34107
33751,9.15573,47.34117
33752,9.15583,47.34127
33753,9.15601,47.35886
33754,9.15611,47.35896
33755,9.15621,47.35906
33756,9.15631,47.35916
33757,9.15641,47.35926
33758,9.15659,47.37684
33759,9.15669,47.37694
33760,9.15679,47.37704
33761,9.15689,47.37714
33762,9.15699,47.37724
33763,9.15717,47.39482
33764,9.15727,47.39492
33765,9.15737,47.39502
33766,9.15747,47.39512
33767,9.15753,46.58507
33768,9.15757,47.39522
33769,9.15763,46.58517
33770,9.15773,46.58527
33771,9.15775,47.41281
33772,9.15785,47.41291
33773,9.15795,47.41301
33774,9.15805,47.41311
33775,9.15811,46.60306
33776,9.15815,47.41321
33777,9.15821,46.60316
33778,9.15831,46.60326
33779,9.15833,47.43079
33780,9.15841,46.60336
33781,9.15843,47.43089
33782,9.15851,46.60346
33783,9.15853,47.43099
33784,9.15863,47.43109
33785,9.15868,46.62104
33786,9.15873,47.43119
33787,9.15878,46.62114
33788,9.15888,46.62124
33789,9.15891,47.44878
33790,9.15898,46.62134
33791,9.15901,47.44888
33792,9.15908,46.62144
33793,9.15911,47.44898
33794,9.15921,47.44908
33795,9.15925,46.63903
33796,9.15931,47.44918
33797,9.15935,46.63913
33798,9.15945,46.63923
33799,9.15949,47.46676
33800,9.15955,46.63933
33801,9.15959,47.46686
33802,9.15969,47.46696
33803,9.15979,47.46706
33804,9.15982,46.65702
33805,9.15989,47.46716
33806,9.16008,47.48474
33807,9.16018,47.48484
33808,9.16028,47.48494
33809,9.16038,47.48504
33810,9.1604,46.67501
33811,9.16048,47.48514
33812,9.1605,46.67511
33813,9.1606,46.67521
33814,9.16066,47.50273
33815,9.1607,46.67531
33816,9.16076,47.50283
33817,9.1608,46.67541
33818,9.16086,47.50293
33819,9.16096,47.50303
33820,9.16097,46.69299
33821,9.16106,47.50313
33822,9.16107,46.69309
33823,9.16117,46.69319
33824,9.16124,47.52071
33825,9.16127,46.69329
33826,9.16134,47.52081
33827,9.16137,46.69339
33828,9.16144,47.52091
33829,9.16154,46.71098
33830,9.16154,47.52101
33831,9.16164,46.71108
33832,9.16164,47.52111
33833,9.16174,46.71118
33834,9.16182,47.53869
33835,9.16184,46.71128
33836,9.16192,47.53879
33837,9.16194,46.71138
33838,9.16202,47.53889
33839,9.16212,46.72897
33840,9.16212,47.53899
33841,9.16222,46.72907
33842,9.16222,47.53909
33843,9.16232,46.72917
33844,9.16241,47.55668
33845,9.16242,46.72927
33846,9.16251,47.55678
33847,9.16252,46.72937
33848,9.16261,47.55688
33849,9.16269,46.74695
33850,9.16271,47.55698
33851,9.16279,46.74705
33852,9.16281,47.55708
33853,9.16289,46.74715
33854,9.16299,46.74725
33855,9.16299,47.57466
33856,9.16309,46.74735
33857,9.16309,47.57476
33858,9.16319,47.57486
33859,9.16327,46.76494
33860,9.16329,47.57496
33861,9.16337,46.76504
33862,9.16339,47.57506
33863,9.16347,46.76514
33864,9.16357,46.76524
33865,9.16358,47.59264
33866,9.16367,46.76534
33867,9.16368,47.59274
33868,9.16378,47.59284
33869,9.16385,46.78292
33870,9.16388,47.59294
33871,9.16395,46.78302
33872,9.16398,47.59304
33873,9.16405,46.78312
33874,9.16415,46.78322
33875,9.16416,47.61062
33876,9.16425,46.78332
33877,9.16426,47.61072
33878,9.16436,47.61082
33879,9.16442,46.80091
33880,9.16446,47.61092
33881,9.16452,46.80101
33882,9.16456,47.61102
33883,9.16462,46.80111
33884,9.16472,46.80121
33885,9.16475,47.62861
33886,9.16482,46.80131
33887,9.16485,47.62871
33888,9.16495,47.62881
33889,9.165,46.8189
33890,9.16505,47.62891
33891,9.1651,46.819
33892,9.16515,47.62901
33893,9.1652,46.8191
33894,9.1653,46.8192
33895,9.16533,47.64659
33896,9.1654,46.8193
33897,9.16543,47.64669
33898,9.16553,47.64679
33899,9.16558,46.83688
33900,9.16563,47.64689
33901,9.16568,46.83698
33902,9.16573,47.64699
33903,9.16578,46.83708
33904,9.16588,46.83718
33905,9.16592,47.66457
33906,9.16602,47.66467
33907,9.16612,47.66477
33908,9.16615,46.85487
33909,9.16622,47.66487
33910,9.16625,46.85497
33911,9.16632,47.66497
33912,9.16673,46.87286
33913,9.16789,46.90883
33914,9.16799,46.90893
33915,9.16809,46.90903
33916,9.16819,46.90913
33917,9.16829,46.90923
33918,9.16847,46.92681
33919,9.16857,46.92691
33920,9.16867,46.92701
33921,9.16877,46.92711
33922,9.16887,46.92721
33923,9.16905,46.9448
33924,9.16915,46.9449
33925,9.16925,46.945
33926,9.16935,46.9451
33927,9.16945,46.9452
33928,9.16962,46.96279
33929,9.16972,46.96289
33930,9.16982,46.96299
33931,9.16992,46.96309
33932,9.17002,46.96319
33933,9.1702,46.98077
33934,9.1703,46.98087
33935,9.17037,46.17098
33936,9.1704,46.98097
33937,9.1705,46.98107
33938,9.1706,46.98117
33939,9.17079,46.99876
33940,9.17089,46.99886
33941,9.17094,46.18896
33942,9.17099,46.99896
33943,9.17104,46.18906
33944,9.17109,46.99906
33945,9.17119,46.99916
33946,9.17137,47.01674
33947,9.17147,47.01684
33948,9.17152,46.20695
33949,9.17162,46.20705
33950,9.17172,46.20715
33951,9.17182,46.20725
33952,9.17192,46.20735
33953,9.17195,47.03473
33954,9.17205,47.03483
33955,9.17209,46.22494
33956,9.17219,46.22504
33957,9.17229,46.22514
33958,9.17239,46.22524
33959,9.17249,46.22534
33960,9.17266,46.24292
33961,9.17276,46.24302
33962,9.17286,46.24312
33963,9.17296,46.24322
33964,9.17306,46.24332
33965,9.17311,47.0707
33966,9.17321,47.0708
33967,9.17324,46.26091
33968,9.17331,47.0709
33969,9.17334,46.26101
33970,9.17341,47.071
33971,9.17344,46.26111
33972,9.17351,47.0711
33973,9.17354,46.26121
33974,9.17364,46.26131
33975,9.17369,47.08869
33976,9.17379,47.08879
33977,9.17381,46.2789
33978,9.17389,47.08889
33979,9.17391,46.279
33980,9.17399,47.08899
33981,9.17401,46.2791
33982,9.17409,47.08909
33983,9.17411,46.2792
33984,9.17421,46.2793
33985,9.17428,47.10667
33986,9.17438,46.29688
33987,9.17438,47.10677
33988,9.17448,46.29698
33989,9.17448,47.10687
33990,9.17458,46.29708
33991,9.17458,47.10697
33992,9.17468,46.29718
33993,9.17468,47.10707
33994,9.17478,46.29728
33995,9.17486,47.12466
33996,9.17496,46.31487
33997,9.17496,47.12476
33998,9.17506,47.12486
33999,9.17516,47.12496
34000,9.17526,47.12506
34001,9.17544,47.14264
34002,9.17554,47.14274
34003,9.17564,47.14284
34004,9.17574,47.14294
34005,9.17584,47.14304
34006,9.17603,47.16063
34007,9.17611,46.35085
34008,9.17613,47.16073
34009,9.17621,46.35095
34010,9.17623,47.16083
34011,9.17631,46.35105
34012,9.17633,47.16093
34013,9.17643,47.16103
34014,9.17661,47.17861
34015,9.17668,46.36883
34016,9.17671,47.17871
34017,9.17681,47.17881
34018,9.17691,47.17891
34019,9.1772,47.1966
34020,9.1773,47.1967
34021,9.1774,47.1968
34022,9.1775,47.1969
34023,9.1776,47.197
34024,9.17778,47.21458
34025,9.17788,47.21468
34026,9.17798,47.21478
34027,9.17808,47.21488
34028,9.17818,47.21498
34029,9.17837,47.23257
34030,9.17841,46.42279
34031,9.17847,47.23267
34032,9.17857,47.23277
34033,9.17867,47.23287
34034,9.17877,47.23297
34035,9.17895,47.25055
34036,9.17899,46.44078
34037,9.17905,47.25065
34038,9.17909,46.44088
34039,9.17915,47.25075
34040,9.17919,46.44098
34041,9.17925,47.25085
34042,9.17929,46.44108
34043,9.17935,47.25095
34044,9.17939,46.44118
34045,9.17954,47.26854
34046,9.17957,46.45877
34047,9.17964,47.26864
34048,9.17967,46.45887
34049,9.17974,47.26874
34050,9.17977,46.45897
34051,9.17984,47.26884
34052,9.17987,46.45907
34053,9.17994,47.26894
34054,9.17997,46.45917
34055,9.18013,47.28652
34056,9.18015,46.47675
34057,9.18023,47.28662
34058,9.18025,46.47685
34059,9.18033,47.28672
34060,9.18035,46.47695
34061,9.18043,47.28682
34062,9.18045,46.47705
34063,9.18053,47.28692
34064,9.18071,47.30451
34065,9.18072,46.49474
34066,9.18081,47.30461
34067,9.18091,47.30471
34068,9.18101,47.30481
34069,9.18111,47.30491
34070,9.1813,46.51273
34071,9.1813,47.32249
34072,9.1814,46.51283
34073,9.1814,47.32259
34074,9.1815,46.51293
34075,9.1815,47.32269
34076,9.1816,46.51303
34077,9.1816,47.32279
34078,9.1817,46.51313
34079,9.1817,47.32289
34080,9.18188,46.53071
34081,9.18189,47.34047
34082,9.18198,46.53081
34083,9.18199,47.34057
34084,9.18208,46.53091
34085,9.18209,47.34067
34086,9.18218,46.53101
34087,9.18219,47.34077
34088,9.18228,46.53111
34089,9.18229,47.34087
34090,9.18246,46.5487
34091,9.18248,47.35846
34092,9.18258,47.35856
34093,9.18268,47.35866
34094,9.18278,47.35876
34095,9.18288,47.35886
34096,9.18306,47.37644
34097,9.18316,47.37654
34098,9.18326,47.37664
34099,9.18336,47.37674
34100,9.18346,47.37684
34101,9.18362,46.58467
34102,9.18365,47.39443
34103,9.18372,46.58477
34104,9.18375,47.39453
34105,9.18382,46.58487
34106,9.18385,47.39463
34107,9.18392,46.58497
34108,9.18395,47.39473
34109,9.18402,46.58507
34110,9.18405,47.39483
34111,9.1842,46.60266
34112,9.18424,47.41241
34113,9.1843,46.60276
34114,9.18434,47.41251
34115,9.1844,46.60286
34116,9.18444,47.41261
34117,9.1845,46.60296
34118,9.18454,47.41271
34119,9.1846,46.60306
34120,9.18464,47.41281
34121,9.18478,46.62065
34122,9.18483,47.43039
34123,9.18488,46.62075
34124,9.18493,47.43049
34125,9.18498,46.62085
34126,9.18503,47.43059
34127,9.18508,46.62095
34128,9.18513,47.43069
34129,9.18518,46.62105
34130,9.18523,47.43079
34131,9.18536,46.63863
34132,9.18542,47.44838
34133,9.18546,46.63873
34134,9.18552,47.44848
34135,9.18556,46.63883
34136,9.18562,47.44858
34137,9.18566,46.63893
34138,9.18572,47.44868
34139,9.18576,46.63903
34140,9.18582,47.44878
34141,9.18595,46.65662
34142,9.18601,47.46636
34143,9.18605,46.65672
34144,9.18611,47.46646
34145,9.18615,46.65682
34146,9.18621,47.46656
34147,9.18625,46.65692
34148,9.18631,47.46666
34149,9.18635,46.65702
34150,9.18641,47.46676
34151,9.18653,46.67461
34152,9.18661,47.48435
34153,9.18663,46.67471
34154,9.18671,47.48445
34155,9.18673,46.67481
34156,9.18681,47.48455
34157,9.18683,46.67491
34158,9.18691,47.48465
34159,9.18693,46.67501
34160,9.18701,47.48475
34161,9.18711,46.69259
34162,9.1872,47.50233
34163,9.18721,46.69269
34164,9.1873,47.50243
34165,9.18731,46.69279
34166,9.1874,47.50253
34167,9.18741,46.69289
34168,9.1875,47.50263
34169,9.18751,46.69299
34170,9.1876,47.50273
34171,9.18769,46.71058
34172,9.18779,46.71068
34173,9.18779,47.52031
34174,9.18789,46.71078
34175,9.18789,47.52041
34176,9.18799,46.71088
34177,9.18799,47.52051
34178,9.18809,46.71098
34179,9.18809,47.52061
34180,9.18819,47.52071
34181,9.18828,46.72857
34182,9.18838,46.72867
34183,9.18838,47.53829
34184,9.18848,46.72877
34185,9.18848,47.53839
34186,9.18858,46.72887
34187,9.18858,47.53849
34188,9.18868,46.72897
34189,9.18868,47.53859
34190,9.18878,47.53869
34191,9.18886,46.74655
34192,9.18896,46.74665
34193,9.18897,47.55628
34194,9.18906,46.74675
34195,9.18907,47.55638
34196,9.18916,46.74685
34197,9.18917,47.55648
34198,9.18926,46.74695
34199,9.18927,47.55658
34200,9.18937,47.55668
34201,9.18945,46.76454
34202,9.18955,46.76464
34203,9.18957,47.57426
34204,9.18965,46.76474
34205,9.18967,47.57436
34206,9.18975,46.76484
34207,9.18977,47.57446
34208,9.18985,46.76494
34209,9.18987,47.57456
34210,9.18997,47.57466
34211,9.19003,46.78253
34212,9.19013,46.78263
34213,9.19016,47.59224
34214,9.19023,46.78273
34215,9.19026,47.59234
34216,9.19033,46.78283
34217,9.19036,47.59244
34218,9.19043,46.78293
34219,9.19046,47.59254
34220,9.19056,47.59264
34221,9.19061,46.80051
34222,9.19071,46.80061
34223,9.19075,47.61023
34224,9.19081,46.80071
34225,9.19085,47.61033
34226,9.19091,46.80081
34227,9.19095,47.61043
34228,9.19101,46.80091
34229,9.19105,47.61053
34230,9.19115,47.61063
34231,9.1912,46.8185
34232,9.1913,46.8186
34233,9.19135,47.62821
34234,9.19145,47.62831
34235,9.19155,47.62841
34236,9.19165,47.62851
34237,9.19175,47.62861
34238,9.19179,46.83648
34239,9.19189,46.83658
34240,9.19194,47.64619
34241,9.19199,46.83668
34242,9.19204,47.64629
34243,9.19209,46.83678
34244,9.19214,47.64639
34245,9.19224,47.64649
34246,9.19234,47.64659
34247,9.19237,46.85447
34248,9.19247,46.85457
34249,9.19296,46.87246
34250,9.19306,46.87256
34251,9.19316,46.87266
34252,9.19354,46.89044
34253,9.19413,46.90843
34254,9.19423,46.90853
34255,9.19433,46.90863
34256,9.19443,46.90873
34257,9.19453,46.90883
34258,9.19472,46.92642
34259,9.19482,46.92652
34260,9.19492,46.92662
34261,9.19502,46.92672
34262,9.19512,46.92682
34263,9.19531,46.9444
34264,9.19541,46.9445
34265,9.19551,46.9446
34266,9.19561,46.9447
34267,9.1959,46.96239
34268,9.196,46.96249
34269,9.1961,46.96259
34270,9.1962,46.96269
34271,9.1963,46.96279
34272,9.19649,46.98037
34273,9.19659,46.98047
34274,9.19669,46.98057
34275,9.19679,46.98067
34276,9.19684,46.18856
34277,9.19689,46.98077
34278,9.19742,46.20655
34279,9.19766,47.01634
34280,9.19776,47.01644
34281,9.19786,47.01654
34282,9.19796,47.01664
34283,9.19806,47.01674
34284,9.19825,47.03433
34285,9.19835,47.03443
34286,9.19845,47.03453
34287,9.19855,47.03463
34288,9.19859,46.24252
34289,9.19884,47.05231
34290,9.19894,47.05241
34291,9.19904,47.05251
34292,9.19914,47.05261
34293,9.19917,46.26051
34294,9.19924,47.05271
34295,9.19927,46.26061
34296,9.19944,47.0703
34297,9.19954,47.0704
34298,9.19964,47.0705
34299,9.19974,47.0706
34300,9.19975,46.2785
34301,9.19984,47.0707
34302,9.20003,47.08829
34303,9.20013,47.08839
34304,9.20023,47.08849
34305,9.20033,46.29648
34306,9.20033,47.08859
34307,9.20043,46.29658
34308,9.20053,46.29668
34309,9.20062,47.10627
34310,9.20063,46.29678
34311,9.20072,47.10637
34312,9.20073,46.29688
34313,9.20082,47.10647
34314,9.20092,46.31447
34315,9.20092,47.10657
34316,9.20102,46.31457
34317,9.20102,47.10667
34318,9.20112,46.31467
34319,9.20121,47.12426
34320,9.20122,46.31477
34321,9.20131,47.12436
34322,9.20132,46.31487
34323,9.20141,47.12446
34324,9.2015,46.33246
34325,9.20151,47.12456
34326,9.2016,46.33256
34327,9.20161,47.12466
34328,9.2017,46.33266
34329,9.2018,46.33276
34330,9.2018,47.14224
34331,9.2019,46.33286
34332,9.2019,47.14234
34333,9.202,47.14244
34334,9.20208,46.35044
34335,9.20218,46.35054
34336,9.20228,46.35064
34337,9.20238,46.35074
34338,9.2024,47.16023
34339,9.20248,46.35084
34340,9.2025,47.16033
34341,9.2026,47.16043
34342,9.20267,46.36843
34343,9.2027,47.16053
34344,9.20277,46.36853
34345,9.2028,47.16063
34346,9.20287,46.36863
34347,9.20297,46.36873
34348,9.20299,47.17821
34349,9.20307,46.36883
34350,9.20309,47.17831
34351,9.20319,47.17841
34352,9.20325,46.38642
34353,9.20329,47.17851
34354,9.20339,47.17861
34355,9.20358,47.1962
34356,9.20368,47.1963
34357,9.20378,47.1964
34358,9.20384,46.4044
34359,9.20388,47.1965
34360,9.20394,46.4045
34361,9.20398,47.1966
34362,9.20404,46.4046
34363,9.20414,46.4047
34364,9.20418,47.21418
34365,9.20428,47.21428
34366,9.20438,47.21438
34367,9.20442,46.42239
34368,9.20448,47.21448
34369,9.20452,46.42249
34370,9.20458,47.21458
34371,9.20462,46.42259
34372,9.20472,46.42269
34373,9.20477,47.23217
34374,9.20482,46.42279
34375,9.20487,47.23227
34376,9.20497,47.23237
34377,9.20501,46.44038
34378,9.20507,47.23247
34379,9.20511,46.44048
34380,9.20517,47.23257
34381,9.20521,46.44058
34382,9.20531,46.44068
34383,9.20537,47.25015
34384,9.20541,46.44078
34385,9.20547,47.25025
34386,9.20557,47.25035
34387,9.20559,46.45836
34388,9.20567,47.25045
34389,9.20569,46.45846
34390,9.20577,47.25055
34391,9.20579,46.45856
34392,9.20589,46.45866
34393,9.20596,47.26813
34394,9.20599,46.45876
34395,9.20606,47.26823
34396,9.20616,47.26833
34397,9.20626,47.26843
34398,9.20636,47.26853
34399,9.20656,47.28612
34400,9.20666,47.28622
34401,9.20676,47.28632
34402,9.20686,47.28642
34403,9.20696,47.28652
34404,9.20715,47.3041
34405,9.20725,47.3042
34406,9.20735,47.3043
34407,9.20745,47.3044
34408,9.20755,47.3045
34409,9.20775,47.32209
34410,9.20785,47.32219
34411,9.20794,46.53031
34412,9.20795,47.32229
34413,9.20804,46.53041
34414,9.20805,47.32239
34415,9.20814,46.53051
34416,9.20815,47.32249
34417,9.20824,46.53061
34418,9.20834,46.53071
34419,9.20835,47.34007
34420,9.20845,47.34017
34421,9.20853,46.5483
34422,9.20855,47.34027
34423,9.20863,46.5484
34424,9.20865,47.34037
34425,9.20873,46.5485
34426,9.20875,47.34047
34427,9.20883,46.5486
34428,9.20893,46.5487
34429,9.20894,47.35806
34430,9.20904,47.35816
34431,9.20912,46.56628
34432,9.20914,47.35826
34433,9.20924,47.35836
34434,9.20934,47.35846
34435,9.20954,47.37604
34436,9.20964,47.37614
34437,9.20971,46.58427
34438,9.20974,47.37624
34439,9.20981,46.58437
34440,9.20984,47.37634
34441,9.20991,46.58447
34442,9.20994,47.37644
34443,9.21001,46.58457
34444,9.21011,46.58467
34445,9.21014,47.39402
34446,9.21024,47.39412
34447,9.2103,46.60226
34448,9.21034,47.39422
34449,9.2104,46.60236
34450,9.21044,47.39432
34451,9.2105,46.60246
34452,9.21054,47.39442
34453,9.2106,46.60256
34454,9.21074,47.41201
34455,9.21084,47.41211
34456,9.21089,46.62024
34457,9.21094,47.41221
34458,9.21104,47.41231
34459,9.21114,47.41241
34460,9.21134,47.42999
34461,9.21144,47.43009
34462,9.21148,46.63823
34463,9.21154,47.43019
34464,9.21158,46.63833
34465,9.21164,47.43029
34466,9.21168,46.63843
34467,9.21174,47.43039
34468,9.21178,46.63853
34469,9.21193,47.44797
34470,9.21203,47.44807
34471,9.21207,46.65622
34472,9.21213,47.44817
34473,9.21217,46.65632
34474,9.21223,47.44827
34475,9.21227,46.65642
34476,9.21233,47.44837
34477,9.21237,46.65652
34478,9.21247,46.65662
34479,9.21253,47.46596
34480,9.21263,47.46606
34481,9.21266,46.6742
34482,9.21273,47.46616
34483,9.21276,46.6743
34484,9.21283,47.46626
34485,9.21286,46.6744
34486,9.21293,47.46636
34487,9.21296,46.6745
34488,9.21313,47.48394
34489,9.21323,47.48404
34490,9.21325,46.69219
34491,9.21333,47.48414
34492,9.21335,46.69229
34493,9.21343,47.48424
34494,9.21345,46.69239
34495,9.21353,47.48434
34496,9.21373,47.50192
34497,9.21383,47.50202
34498,9.21384,46.71018
34499,9.21393,47.50212
34500,9.21394,46.71028
34501,9.21403,47.50222
34502,9.21404,46.71038
34503,9.21413,47.50232
34504,9.21414,46.71048
34505,9.21424,46.71058
34506,9.21434,47.51991
34507,9.21443,46.72816
34508,9.21444,47.52001
34509,9.21453,46.72826
34510,9.21454,47.52011
34511,9.21463,46.72836
34512,9.21464,47.52021
34513,9.21473,46.72846
34514,9.21474,47.52031
34515,9.21483,46.72856
34516,9.21494,47.53789
34517,9.21503,46.74615
34518,9.21504,47.53799
34519,9.21513,46.74625
34520,9.21514,47.53809
34521,9.21523,46.74635
34522,9.21524,47.53819
34523,9.21533,46.74645
34524,9.21534,47.53829
34525,9.21543,46.74655
34526,9.21554,47.55587
34527,9.21562,46.76414
34528,9.21564,47.55597
34529,9.21572,46.76424
34530,9.21574,47.55607
34531,9.21582,46.76434
34532,9.21584,47.55617
34533,9.21592,46.76444
34534,9.21594,47.55627
34535,9.21602,46.76454
34536,9.21614,47.57386
34537,9.21621,46.78212
34538,9.21624,47.57396
34539,9.21631,46.78222
34540,9.21634,47.57406
34541,9.21641,46.78232
34542,9.21644,47.57416
34543,9.21651,46.78242
34544,9.21654,47.57426
34545,9.21661,46.78252
34546,9.21674,47.59184
34547,9.21681,46.80011
34548,9.21684,47.59194
34549,9.21691,46.80021
34550,9.21694,47.59204
34551,9.21701,46.80031
34552,9.21704,47.59214
34553,9.21711,46.80041
34554,9.21714,47.59224
34555,9.21721,46.80051
34556,9.21735,47.60982
34557,9.2174,46.81809
34558,9.21745,47.60992
34559,9.2175,46.81819
34560,9.21755,47.61002
34561,9.2176,46.81829
34562,9.21765,47.61012
34563,9.2177,46.81839
34564,9.21775,47.61022
34565,9.2178,46.81849
34566,9.21795,47.6278
34567,9.218,46.83608
34568,9.21805,47.6279
34569,9.2181,46.83618
34570,9.21815,47.628
34571,9.2182,46.83628
34572,9.21825,47.6281
34573,9.2183,46.83638
34574,9.21835,47.6282
34575,9.2184,46.83648
34576,9.21855,47.64579
34577,9.21859,46.85407
34578,9.21865,47.64589
34579,9.21869,46.85417
34580,9.21875,47.64599
34581,9.21879,46.85427
34582,9.21885,47.64609
34583,9.21889,46.85437
34584,9.21895,47.64619
34585,9.21899,46.85447
34586,9.21919,46.87205
34587,9.22038,46.90802
34588,9.22048,46.90812
34589,9.22097,46.92601
34590,9.22107,46.92611
34591,9.22117,46.92621
34592,9.22127,46.92631
34593,9.22137,46.92641
34594,9.22157,46.944
34595,9.22167,46.9441
34596,9.22177,46.9442
34597,9.22217,46.96198
34598,9.22227,46.96208
34599,9.22237,46.96218
34600,9.22247,46.96228
34601,9.22257,46.96238
34602,9.22276,46.97997
34603,9.22286,46.98007
34604,9.22296,46.98017
34605,9.22306,46.98027
34606,9.22316,46.98037
34607,9.22336,46.99795
34608,9.22346,46.99805
34609,9.22356,46.99815
34610,9.22451,46.24212
34611,9.2251,46.2601
34612,9.22516,47.05191
34613,9.2252,46.2602
34614,9.2253,46.2603
34615,9.2254,46.2604
34616,9.2255,46.2605
34617,9.22576,47.06989
34618,9.22586,47.06999
34619,9.22636,47.08788
34620,9.22646,47.08798
34621,9.22656,47.08808
34622,9.22687,46.31406
34623,9.22696,47.10586
34624,9.22697,46.31416
34625,9.22706,47.10596
34626,9.22707,46.31426
34627,9.22716,47.10606
34628,9.22717,46.31436
34629,9.22726,47.10616
34630,9.22727,46.31446
34631,9.22736,47.10626
34632,9.22747,46.33205
34633,9.22756,47.12385
34634,9.22757,46.33215
34635,9.22766,47.12395
34636,9.22776,47.12405
34637,9.22786,47.12415
34638,9.22796,47.12425
34639,9.22806,46.35004
34640,9.22816,46.35014
34641,9.22816,47.14183
34642,9.22826,46.35024
34643,9.22836,46.35034
34644,9.22846,46.35044
34645,9.22865,46.36802
34646,9.22875,46.36812
34647,9.22876,47.15982
34648,9.22885,46.36822
34649,9.22886,47.15992
34650,9.22895,46.36832
34651,9.22896,47.16002
34652,9.22905,46.36842
34653,9.22906,47.16012
34654,9.22916,47.16022
34655,9.22924,46.38601
34656,9.22934,46.38611
34657,9.22937,47.1778
34658,9.22944,46.38621
34659,9.22947,47.1779
34660,9.22954,46.38631
34661,9.22957,47.178
34662,9.22964,46.38641
34663,9.22967,47.1781
34664,9.22977,47.1782
34665,9.22984,46.404
34666,9.22994,46.4041
34667,9.22997,47.19579
34668,9.23004,46.4042
34669,9.23007,47.19589
34670,9.23014,46.4043
34671,9.23017,47.19599
34672,9.23024,46.4044
34673,9.23027,47.19609
34674,9.23037,47.19619
34675,9.23043,46.42198
34676,9.23053,46.42208
34677,9.23057,47.21377
34678,9.23063,46.42218
34679,9.23067,47.21387
34680,9.23073,46.42228
34681,9.23077,47.21397
34682,9.23083,46.42238
34683,9.23087,47.21407
34684,9.23097,47.21417
34685,9.23103,46.43997
34686,9.23117,47.23176
34687,9.23127,47.23186
34688,9.23137,47.23196
34689,9.23147,47.23206
34690,9.23157,47.23216
34691,9.23178,47.24974
34692,9.23188,47.24984
34693,9.23198,47.24994
34694,9.23208,47.25004
34695,9.23218,47.25014
34696,9.23238,47.26773
34697,9.23248,47.26783
34698,9.23258,47.26793
34699,9.23268,47.26803
34700,9.23278,47.26813
34701,9.23299,47.28571
34702,9.23309,47.28581
34703,9.23319,47.28591
34704,9.23329,47.28601
34705,9.23339,47.28611
34706,9.23359,47.3037
34707,9.23369,47.3038
34708,9.23379,47.3039
34709,9.23389,47.304
34710,9.23399,47.3041
34711,9.234,46.5299
34712,9.2341,46.53
34713,9.2342,46.5301
34714,9.2342,47.32168
34715,9.2343,46.5302
34716,9.2343,47.32178
34717,9.2344,46.5303
34718,9.2344,47.32188
34719,9.2345,47.32198
34720,9.2346,46.54789
34721,9.2346,47.32208
34722,9.2347,46.54799
34723,9.2348,46.54809
34724,9.2348,47.33966
34725,9.2349,46.54819
34726,9.2349,47.33976
34727,9.235,46.54829
34728,9.235,47.33986
34729,9.2351,47.33996
34730,9.2352,47.34006
34731,9.23541,47.35765
34732,9.23551,47.35775
34733,9.23561,47.35785
34734,9.23571,47.35795
34735,9.23581,47.35805
34736,9.23601,47.37563
34737,9.23611,47.37573
34738,9.23621,47.37583
34739,9.23631,47.37593
34740,9.23639,46.60185
34741,9.23641,47.37603
34742,9.23649,46.60195
34743,9.23662,47.39361
34744,9.23672,47.39371
34745,9.23682,47.39381
34746,9.23692,47.39391
34747,9.23702,47.39401
34748,9.23723,47.4116
34749,9.23733,47.4117
34750,9.23743,47.4118
34751,9.23753,47.4119
34752,9.23763,47.412
34753,9.23784,47.42958
34754,9.23794,47.42968
34755,9.23804,47.42978
34756,9.23814,47.42988
34757,9.23824,47.42998
34758,9.23845,47.44757
34759,9.23855,47.44767
34760,9.23865,47.44777
34761,9.23875,47.44787
34762,9.23879,46.67379
34763,9.23885,47.44797
34764,9.23889,46.67389
34765,9.23899,46.67399
34766,9.23905,47.46555
34767,9.23915,47.46565
34768,9.23925,47.46575
34769,9.23935,47.46585
34770,9.23939,46.69178
34771,9.23945,47.46595
34772,9.23949,46.69188
34773,9.23959,46.69198
34774,9.23966,47.48353
34775,9.23969,46.69208
34776,9.23976,47.48363
34777,9.23979,46.69218
34778,9.23986,47.48373
34779,9.23996,47.48383
34780,9.23999,46.70977
34781,9.24006,47.48393
34782,9.24009,46.70987
34783,9.24027,47.50151
34784,9.24037,47.50161
34785,9.24047,47.50171
34786,9.24057,47.50181
34787,9.24059,46.72775
34788,9.24067,47.50191
34789,9.24069,46.72785
34790,9.24079,46.72795
34791,9.24088,47.5195
34792,9.24089,46.72805
34793,9.24098,47.5196
34794,9.24099,46.72815
34795,9.24108,47.5197
34796,9.24118,47.5198
34797,9.24119,46.74574
34798,9.24128,47.5199
34799,9.24129,46.74584
34800,9.24139,46.74594
34801,9.24149,46.74604
34802,9.24149,47.53748
34803,9.24159,46.74614
34804,9.24159,47.53758
34805,9.24169,47.53768
34806,9.24179,46.76372
34807,9.24179,47.53778
34808,9.24189,46.76382
34809,9.24189,47.53788
34810,9.24199,46.76392
34811,9.24209,46.76402
34812,9.2421,47.55546
34813,9.24219,46.76412
34814,9.2422,47.55556
34815,9.2423,47.55566
34816,9.2424,46.78171
34817,9.2424,47.55576
34818,9.2425,46.78181
34819,9.2425,47.55586
34820,9.2426,46.78191
34821,9.2427,46.78201
34822,9.24271,47.57345
34823,9.2428,46.78211
34824,9.24281,47.57355
34825,9.24291,47.57365
34826,9.243,46.7997
34827,9.24301,47.57375
34828,9.2431,46.7998
34829,9.24311,47.57385
34830,9.2432,46.7999
34831,9.2433,46.8
34832,9.24333,47.59143
34833,9.2434,46.8001
34834,9.24343,47.59153
34835,9.24353,47.59163
34836,9.2436,46.81768
34837,9.24363,47.59173
34838,9.2437,46.81778
34839,9.24373,47.59183
34840,9.2438,46.81788
34841,9.2439,46.81798
34842,9.24394,47.60941
34843,9.244,46.81808
34844,9.24404,47.60951
34845,9.24414,47.60961
34846,9.2442,46.83567
34847,9.24424,47.60971
34848,9.2443,46.83577
34849,9.24434,47.60981
34850,9.2444,46.83587
34851,9.2445,46.83597
34852,9.24455,47.62739
34853,9.2446,46.83607
34854,9.24465,47.62749
34855,9.24475,47.62759
34856,9.24481,46.85365
34857,9.24485,47.62769
34858,9.24491,46.85375
34859,9.24495,47.62779
34860,9.24501,46.85385
34861,9.24511,46.85395
34862,9.24521,46.85405
34863,9.24541,46.87164
34864,9.24551,46.87174
34865,9.24561,46.87184
34866,9.24571,46.87194
34867,9.24581,46.87204
34868,9.24783,46.94358
34869,9.24844,46.96157
34870,9.24854,46.96167
34871,9.24864,46.96177
34872,9.24874,46.96187
34873,9.24904,46.97955
34874,9.24914,46.97965
34875,9.24924,46.97975
34876,9.24934,46.97985
34877,9.25026,47.01552
34878,9.25036,47.01562
34879,9.25087,47.03351
34880,9.25097,47.03361
34881,9.25103,46.25969
34882,9.25107,47.03371
34883,9.25117,47.03381
34884,9.25147,47.0515
34885,9.25157,47.0516
34886,9.25163,46.27768
34887,9.25167,47.0517
34888,9.25177,47.0518
34889,9.25187,47.0519
34890,9.25208,47.06948
34891,9.25218,47.06958
34892,9.25228,47.06968
34893,9.25238,47.06978
34894,9.25248,47.06988
34895,9.25269,47.08747
34896,9.25279,47.08757
34897,9.25283,46.31365
34898,9.25289,47.08767
34899,9.25299,47.08777
34900,9.25309,47.08787
34901,9.2533,47.10545
34902,9.2534,47.10555
34903,9.25343,46.33164
34904,9.2535,47.10565
34905,9.25353,46.33174
34906,9.2536,47.10575
34907,9.25363,46.33184
34908,9.2537,47.10585
34909,9.25391,47.12344
34910,9.25401,47.12354
34911,9.25403,46.34962
34912,9.25411,47.12364
34913,9.25413,46.34972
34914,9.25421,47.12374
34915,9.25431,47.12384
34916,9.25452,47.14142
34917,9.25462,47.14152
34918,9.25463,46.36761
34919,9.25472,47.14162
34920,9.25473,46.36771
34921,9.25482,47.14172
34922,9.25483,46.36781
34923,9.25492,47.14182
34924,9.25493,46.36791
34925,9.25503,46.36801
34926,9.25513,47.15941
34927,9.25523,47.15951
34928,9.25524,46.3856
34929,9.25533,47.15961
34930,9.25534,46.3857
34931,9.25543,47.15971
34932,9.25544,46.3858
34933,9.25553,47.15981
34934,9.25574,47.17739
34935,9.25584,46.40358
34936,9.25584,47.17749
34937,9.25594,46.40368
34938,9.25594,47.17759
34939,9.25604,46.40378
34940,9.25604,47.17769
34941,9.25614,46.40388
34942,9.25614,47.17779
34943,9.25624,46.40398
34944,9.25635,47.19537
34945,9.25645,47.19547
34946,9.25655,47.19557
34947,9.25665,47.19567
34948,9.25675,47.19577
34949,9.25697,47.21336
34950,9.25707,47.21346
34951,9.25717,47.21356
34952,9.25727,47.21366
34953,9.25737,47.21376
34954,9.25758,47.23134
34955,9.25768,47.23144
34956,9.25778,47.23154
34957,9.25788,47.23164
34958,9.25798,47.23174
34959,9.25819,47.24933
34960,9.25829,47.24943
34961,9.25839,47.24953
34962,9.25849,47.24963
34963,9.25859,47.24973
34964,9.2588,47.26731
34965,9.2589,47.26741
34966,9.259,47.26751
34967,9.2591,47.26761
34968,9.2592,47.26771
34969,9.25942,47.2853
34970,9.25946,46.5115
34971,9.25952,47.2854
34972,9.25956,46.5116
34973,9.25962,47.2855
34974,9.25972,47.2856
34975,9.25982,47.2857
34976,9.26003,47.30328
34977,9.26007,46.52949
34978,9.26013,47.30338
34979,9.26017,46.52959
34980,9.26023,47.30348
34981,9.26027,46.52969
34982,9.26033,47.30358
34983,9.26037,46.52979
34984,9.26043,47.30368
34985,9.26047,46.52989
34986,9.26064,47.32126
34987,9.26067,46.54747
34988,9.26074,47.32136
34989,9.26077,46.54757
34990,9.26084,47.32146
34991,9.26087,46.54767
34992,9.26094,47.32156
34993,9.26097,46.54777
34994,9.26104,47.32166
34995,9.26107,46.54787
34996,9.26126,47.33925
34997,9.26136,47.33935
34998,9.26146,47.33945
34999,9.26156,47.33955
35000,9.26166,47.33965
35001,9.26187,47.35723
35002,9.26188,46.58345
35003,9.26197,47.35733
35004,9.26207,47.35743
35005,9.26217,47.35753
35006,9.26227,47.35763
35007,9.26249,46.60143
35008,9.26249,47.37522
35009,9.26259,46.60153
35010,9.26259,47.37532
35011,9.26269,47.37542
35012,9.26279,47.37552
35013,9.26289,47.37562
35014,9.2631,46.61942
35015,9.26311,47.3932
35016,9.2632,46.61952
35017,9.26321,47.3933
35018,9.2633,46.61962
35019,9.26331,47.3934
35020,9.2634,46.61972
35021,9.26341,47.3935
35022,9.2635,46.61982
35023,9.26351,47.3936
35024,9.2637,46.63741
35025,9.26372,47.41118
35026,9.2638,46.63751
35027,9.26382,47.41128
35028,9.2639,46.63761
35029,9.26392,47.41138
35030,9.264,46.63771
35031,9.26402,47.41148
35032,9.2641,46.63781
35033,9.26412,47.41158
35034,9.26431,46.65539
35035,9.26434,47.42917
35036,9.26441,46.65549
35037,9.26444,47.42927
35038,9.26451,46.65559
35039,9.26454,47.42937
35040,9.26461,46.65569
35041,9.26464,47.42947
35042,9.26471,46.65579
35043,9.26474,47.42957
35044,9.26492,46.67338
35045,9.26496,47.44715
35046,9.26506,47.44725
35047,9.26516,47.44735
35048,9.26526,47.44745
35049,9.26536,47.44755
35050,9.26553,46.69136
35051,9.26557,47.46513
35052,9.26563,46.69146
35053,9.26567,47.46523
35054,9.26577,47.46533
35055,9.26587,47.46543
35056,9.26597,47.46553
35057,9.26619,47.48312
35058,9.26629,47.48322
35059,9.26639,47.48332
35060,9.26649,47.48342
35061,9.26659,47.48352
35062,9.26675,46.72734
35063,9.26681,47.5011
35064,9.26685,46.72744
35065,9.26691,47.5012
35066,9.26701,47.5013
35067,9.26711,47.5014
35068,9.26721,47.5015
35069,9.26736,46.74532
35070,9.26743,47.51908
35071,9.26746,46.74542
35072,9.26753,47.51918
35073,9.26763,47.51928
35074,9.26773,47.51938
35075,9.26783,47.51948
35076,9.26797,46.76331
35077,9.26805,47.53706
35078,9.26807,46.76341
35079,9.26815,47.53716
35080,9.26817,46.76351
35081,9.26825,47.53726
35082,9.26827,46.76361
35083,9.26835,47.53736
35084,9.26837,46.76371
35085,9.26845,47.53746
35086,9.26858,46.78129
35087,9.26867,47.55505
35088,9.26868,46.78139
35089,9.26877,47.55515
35090,9.26878,46.78149
35091,9.26887,47.55525
35092,9.26888,46.78159
35093,9.26897,47.55535
35094,9.26898,46.78169
35095,9.26907,47.55545
35096,9.26919,46.79928
35097,9.26929,46.79938
35098,9.26929,47.57303
35099,9.26939,46.79948
35100,9.26939,47.57313
35101,9.26949,46.79958
35102,9.26949,47.57323
35103,9.26959,46.79968
35104,9.26959,47.57333
35105,9.26969,47.57343
35106,9.2698,46.81727
35107,9.2699,46.81737
35108,9.26991,47.59101
35109,9.27,46.81747
35110,9.27001,47.59111
35111,9.2701,46.81757
35112,9.27011,47.59121
35113,9.2702,46.81767
35114,9.27021,47.59131
35115,9.27031,47.59141
35116,9.27041,46.83525
35117,9.27051,46.83535
35118,9.27053,47.60899
35119,9.27061,46.83545
35120,9.27063,47.60909
35121,9.27071,46.83555
35122,9.27073,47.60919
35123,9.27081,46.83565
35124,9.27083,47.60929
35125,9.27093,47.60939
35126,9.27103,46.85324
35127,9.27113,46.85334
35128,9.27115,47.62698
35129,9.27123,46.85344
35130,9.27125,47.62708
35131,9.27133,46.85354
35132,9.27135,47.62718
35133,9.27143,46.85364
35134,9.27145,47.62728
35135,9.27155,47.62738
35136,9.27164,46.87122
35137,9.27174,46.87132
35138,9.27225,46.88921
35139,9.27287,46.90719
35140,9.27409,46.94317
35141,9.27419,46.94327
35142,9.27471,46.96115
35143,9.27481,46.96125
35144,9.27491,46.96135
35145,9.27532,46.97914
35146,9.27542,46.97924
35147,9.27552,46.97934
35148,9.27562,46.97944
35149,9.27572,46.97954
35150,9.27656,47.01511
35151,9.27717,47.03309
35152,9.27727,47.03319
35153,9.27737,47.03329
35154,9.27779,47.05108
35155,9.27789,47.05118
35156,9.27799,47.05128
35157,9.27809,47.05138
35158,9.27819,47.05148
35159,9.27841,47.06906
35160,9.27851,47.06916
35161,9.27861,47.06926
35162,9.27871,47.06936
35163,9.27902,47.08705
35164,9.27912,47.08715
35165,9.27922,47.08725
35166,9.27932,47.08735
35167,9.2794,46.33122
35168,9.27942,47.08745
35169,9.27964,47.10503
35170,9.27974,47.10513
35171,9.27984,47.10523
35172,9.27994,47.10533
35173,9.28004,47.10543
35174,9.28026,47.12302
35175,9.28036,47.12312
35176,9.28046,47.12322
35177,9.28056,47.12332
35178,9.28066,47.12342
35179,9.28088,47.141
35180,9.28098,47.1411
35181,9.28108,47.1412
35182,9.28118,47.1413
35183,9.28128,47.1414
35184,9.2815,47.15899
35185,9.2816,47.15909
35186,9.28212,47.17697
35187,9.28222,47.17707
35188,9.28232,47.17717
35189,9.28242,47.17727
35190,9.28252,47.17737
35191,9.28274,47.19495
35192,9.28284,47.19505
35193,9.28294,47.19515
35194,9.28304,47.19525
35195,9.28314,47.19535
35196,9.28336,47.21294
35197,9.28346,47.21304
35198,9.28356,47.21314
35199,9.28366,47.21324
35200,9.28376,47.21334
35201,9.28398,47.23092
35202,9.28408,47.23102
35203,9.28418,47.23112
35204,9.28428,47.23122
35205,9.28438,47.23132
35206,9.2846,47.24891
35207,9.2847,47.24901
35208,9.2848,47.24911
35209,9.2849,47.24921
35210,9.285,47.24931
35211,9.28522,47.26689
35212,9.28532,47.26699
35213,9.28542,47.26709
35214,9.28552,47.26719
35215,9.28562,47.26729
35216,9.28585,47.28488
35217,9.28595,47.28498
35218,9.28605,47.28508
35219,9.28615,47.28518
35220,9.28625,47.28528
35221,9.28647,47.30286
35222,9.28657,47.30296
35223,9.28667,47.30306
35224,9.28674,46.54705
35225,9.28677,47.30316
35226,9.28684,46.54715
35227,9.28687,47.30326
35228,9.28694,46.54725
35229,9.28704,46.54735
35230,9.28709,47.32084
35231,9.28714,46.54745
35232,9.28719,47.32094
35233,9.28729,47.32104
35234,9.28739,47.32114
35235,9.28749,47.32124
35236,9.28772,47.33883
35237,9.28782,47.33893
35238,9.28792,47.33903
35239,9.28802,47.33913
35240,9.28812,47.33923
35241,9.28834,47.35681
35242,9.28844,47.35691
35243,9.28854,47.35701
35244,9.28858,46.60101
35245,9.28864,47.35711
35246,9.28868,46.60111
35247,9.28874,47.35721
35248,9.28878,46.60121
35249,9.28888,46.60131
35250,9.28896,47.37479
35251,9.28898,46.60141
35252,9.28906,47.37489
35253,9.28916,47.37499
35254,9.2892,46.619
35255,9.28926,47.37509
35256,9.2893,46.6191
35257,9.28936,47.37519
35258,9.2894,46.6192
35259,9.2895,46.6193
35260,9.28959,47.39278
35261,9.2896,46.6194
35262,9.28969,47.39288
35263,9.28979,47.39298
35264,9.28982,46.63698
35265,9.28989,47.39308
35266,9.28992,46.63708
35267,9.28999,47.39318
35268,9.29002,46.63718
35269,9.29012,46.63728
35270,9.29021,47.41076
35271,9.29022,46.63738
35272,9.29031,47.41086
35273,9.29041,47.41096
35274,9.29043,46.65497
35275,9.29051,47.41106
35276,9.29053,46.65507
35277,9.29061,47.41116
35278,9.29063,46.65517
35279,9.29073,46.65527
35280,9.29083,46.65537
35281,9.29084,47.42874
35282,9.29094,47.42884
35283,9.29104,47.42894
35284,9.29105,46.67296
35285,9.29114,47.42904
35286,9.29115,46.67306
35287,9.29124,47.42914
35288,9.29125,46.67316
35289,9.29135,46.67326
35290,9.29145,46.67336
35291,9.29147,47.44673
35292,9.29157,47.44683
35293,9.29167,46.69094
35294,9.29167,47.44693
35295,9.29177,46.69104
35296,9.29177,47.44703
35297,9.29187,46.69114
35298,9.29187,47.44713
35299,9.29197,46.69124
35300,9.29207,46.69134
35301,9.29209,47.46471
35302,9.29219,47.46481
35303,9.29229,46.70893
35304,9.29229,47.46491
35305,9.29239,46.70903
35306,9.29239,47.46501
35307,9.29249,46.70913
35308,9.29249,47.46511
35309,9.29272,47.48269
35310,9.29282,47.48279
35311,9.29292,47.48289
35312,9.29302,47.48299
35313,9.29312,47.48309
35314,9.29335,47.50068
35315,9.29345,47.50078
35316,9.29355,47.50088
35317,9.29365,47.50098
35318,9.29375,47.50108
35319,9.29397,47.51866
35320,9.29407,47.51876
35321,9.29414,46.76289
35322,9.29417,47.51886
35323,9.29424,46.76299
35324,9.29427,47.51896
35325,9.29437,47.51906
35326,9.2946,47.53664
35327,9.2947,47.53674
35328,9.29476,46.78087
35329,9.2948,47.53684
35330,9.29486,46.78097
35331,9.2949,47.53694
35332,9.29496,46.78107
35333,9.295,47.53704
35334,9.29506,46.78117
35335,9.29516,46.78127
35336,9.29523,47.55462
35337,9.29533,47.55472
35338,9.29538,46.79886
35339,9.29543,47.55482
35340,9.29548,46.79896
35341,9.29553,47.55492
35342,9.29558,46.79906
35343,9.29563,47.55502
35344,9.29568,46.79916
35345,9.29578,46.79926
35346,9.29586,47.57261
35347,9.29596,47.57271
35348,9.296,46.81684
35349,9.29606,47.57281
35350,9.2961,46.81694
35351,9.29616,47.57291
35352,9.2962,46.81704
35353,9.29626,47.57301
35354,9.2963,46.81714
35355,9.2964,46.81724
35356,9.29649,47.59059
35357,9.29659,47.59069
35358,9.29662,46.83483
35359,9.29669,47.59079
35360,9.29672,46.83493
35361,9.29679,47.59089
35362,9.29682,46.83503
35363,9.29689,47.59099
35364,9.29692,46.83513
35365,9.29702,46.83523
35366,9.29712,47.60857
35367,9.29722,47.60867
35368,9.29724,46.85281
35369,9.29732,47.60877
35370,9.29734,46.85291
35371,9.29742,47.60887
35372,9.29744,46.85301
35373,9.29752,47.60897
35374,9.29754,46.85311
35375,9.29764,46.85321
35376,9.29849,46.88879
35377,9.29859,46.88889
35378,9.29869,46.88899
35379,9.29973,46.92476
35380,9.29983,46.92486
35381,9.29993,46.92496
35382,9.30003,46.92506
35383,9.30013,46.92516
35384,9.30035,46.94274
35385,9.30098,46.96073
35386,9.30108,46.96083
35387,9.3016,46.97871
35388,9.3017,46.97881
35389,9.3018,46.97891
35390,9.3019,46.97901
35391,9.302,46.97911
35392,9.30223,46.9967
35393,9.30233,46.9968
35394,9.30243,46.9969
35395,9.30253,46.997
35396,9.30263,46.9971
35397,9.30285,47.01468
35398,9.30295,47.01478
35399,9.3041,47.05065
35400,9.3042,47.05075
35401,9.30473,47.06864
35402,9.30483,47.06874
35403,9.30493,47.06884
35404,9.30503,47.06894
35405,9.30513,47.06904
35406,9.30536,47.08662
35407,9.30546,47.08672
35408,9.30556,47.08682
35409,9.30566,47.08692
35410,9.30576,47.08702
35411,9.30598,47.10461
35412,9.30608,47.10471
35413,9.30618,47.10481
35414,9.30628,47.10491
35415,9.30638,47.10501
35416,9.30661,47.12259
35417,9.30671,47.12269
35418,9.30681,47.12279
35419,9.30691,47.12289
35420,9.30701,47.12299
35421,9.30724,47.14058
35422,9.30734,47.14068
35423,9.30744,47.14078
35424,9.30754,47.14088
35425,9.30764,47.14098
35426,9.30787,47.15856
35427,9.30797,47.15866
35428,9.30807,47.15876
35429,9.30817,47.15886
35430,9.30849,47.17654
35431,9.30859,47.17664
35432,9.30869,47.17674
35433,9.30879,47.17684
35434,9.30889,47.17694
35435,9.30912,47.19453
35436,9.30922,47.19463
35437,9.30932,47.19473
35438,9.30942,47.19483
35439,9.30952,47.19493
35440,9.30975,47.21251
35441,9.30985,47.21261
35442,9.30995,47.21271
35443,9.31005,47.21281
35444,9.31015,47.21291
35445,9.31038,47.2305
35446,9.31048,47.2306
35447,9.31058,47.2307
35448,9.31068,47.2308
35449,9.31101,47.24848
35450,9.31111,47.24858
35451,9.31121,47.24868
35452,9.31131,47.24878
35453,9.31141,47.24888
35454,9.31164,47.26647
35455,9.31174,47.26657
35456,9.31184,47.26667
35457,9.31194,47.26677
35458,9.31204,47.26687
35459,9.31219,46.52864
35460,9.31227,47.28445
35461,9.31229,46.52874
35462,9.31237,47.28455
35463,9.31239,46.52884
35464,9.31247,47.28465
35465,9.31249,46.52894
35466,9.31257,47.28475
35467,9.31259,46.52904
35468,9.31267,47.28485
35469,9.31281,46.54663
35470,9.31291,46.54673
35471,9.31291,47.30243
35472,9.31301,46.54683
35473,9.31301,47.30253
35474,9.31311,46.54693
35475,9.31311,47.30263
35476,9.31321,46.54703
35477,9.31321,47.30273
35478,9.31331,47.30283
35479,9.31343,46.56461
35480,9.31353,46.56471
35481,9.31354,47.32042
35482,9.31363,46.56481
35483,9.31364,47.32052
35484,9.31373,46.56491
35485,9.31374,47.32062
35486,9.31383,46.56501
35487,9.31384,47.32072
35488,9.31394,47.32082
35489,9.31417,47.3384
35490,9.31427,47.3385
35491,9.31437,47.3386
35492,9.31447,47.3387
35493,9.31457,47.3388
35494,9.3148,47.35638
35495,9.3149,47.35648
35496,9.315,47.35658
35497,9.3151,47.35668
35498,9.3152,47.35678
35499,9.31544,47.37437
35500,9.31554,47.37447
35501,9.31564,47.37457
35502,9.31574,47.37467
35503,9.31584,47.37477
35504,9.31607,47.39235
35505,9.31617,47.39245
35506,9.31627,47.39255
35507,9.31637,47.39265
35508,9.31647,47.39275
35509,9.31655,46.65454
35510,9.31671,47.41033
35511,9.31681,47.41043
35512,9.31691,47.41053
35513,9.31701,47.41063
35514,9.31711,47.41073
35515,9.31718,46.67253
35516,9.31728,46.67263
35517,9.31734,47.42832
35518,9.31738,46.67273
35519,9.31744,47.42842
35520,9.31748,46.67283
35521,9.31754,47.42852
35522,9.31758,46.67293
35523,9.31764,47.42862
35524,9.31774,47.42872
35525,9.31781,46.69051
35526,9.31791,46.69061
35527,9.31797,47.4463
35528,9.31801,46.69071
35529,9.31807,47.4464
35530,9.31811,46.69081
35531,9.31817,47.4465
35532,9.31821,46.69091
35533,9.31827,47.4466
35534,9.31837,47.4467
35535,9.31843,46.7085
35536,9.31853,46.7086
35537,9.31861,47.46428
35538,9.31863,46.7087
35539,9.31871,47.46438
35540,9.31873,46.7088
35541,9.31881,47.46448
35542,9.31883,46.7089
35543,9.31891,47.46458
35544,9.31901,47.46468
35545,9.31906,46.72649
35546,9.31916,46.72659
35547,9.31925,47.48227
35548,9.31926,46.72669
35549,9.31935,47.48237
35550,9.31945,47.48247
35551,9.31955,47.48257
35552,9.31965,47.48267
35553,9.31969,46.74447
35554,9.31979,46.74457
35555,9.31988,47.50025
35556,9.31989,46.74467
35557,9.31998,47.50035
35558,9.31999,46.74477
35559,9.32008,47.50045
35560,9.32009,46.74487
35561,9.32018,47.50055
35562,9.32028,47.50065
35563,9.32031,46.76246
35564,9.32041,46.76256
35565,9.32052,47.51823
35566,9.32062,47.51833
35567,9.32072,47.51843
35568,9.32082,47.51853
35569,9.32092,47.51863
35570,9.32094,46.78044
35571,9.32104,46.78054
35572,9.32114,46.78064
35573,9.32116,47.53621
35574,9.32124,46.78074
35575,9.32126,47.53631
35576,9.32134,46.78084
35577,9.32136,47.53641
35578,9.32146,47.53651
35579,9.32156,47.53661
35580,9.32157,46.79843
35581,9.32167,46.79853
35582,9.32177,46.79863
35583,9.32179,47.5542
35584,9.32187,46.79873
35585,9.32189,47.5543
35586,9.32197,46.79883
35587,9.32199,47.5544
35588,9.32209,47.5545
35589,9.32219,47.5546
35590,9.3222,46.81641
35591,9.3223,46.81651
35592,9.3224,46.81661
35593,9.32243,47.57218
35594,9.3225,46.81671
35595,9.32253,47.57228
35596,9.3226,46.81681
35597,9.32263,47.57238
35598,9.32273,47.57248
35599,9.32283,46.8344
35600,9.32283,47.57258
35601,9.32293,46.8345
35602,9.32303,46.8346
35603,9.32307,47.59016
35604,9.32313,46.8347
35605,9.32317,47.59026
35606,9.32323,46.8348
35607,9.32327,47.59036
35608,9.32337,47.59046
35609,9.32346,46.85238
35610,9.32347,47.59056
35611,9.32356,46.85248
35612,9.32366,46.85258
35613,9.32371,47.60814
35614,9.32376,46.85268
35615,9.32386,46.85278
35616,9.32409,46.87037
35617,9.32419,46.87047
35618,9.32598,46.92433
35619,9.32608,46.92443
35620,9.32618,46.92453
35621,9.32628,46.92463
35622,9.32638,46.92473
35623,9.32788,46.97828
35624,9.32798,46.97838
35625,9.32808,46.97848
35626,9.32818,46.97858
35627,9.32828,46.97868
35628,9.32851,46.99627
35629,9.32861,46.99637
35630,9.32871,46.99647
35631,9.32881,46.99657
35632,9.32891,46.99667
35633,9.32915,47.01425
35634,9.32925,47.01435
35635,9.32935,47.01445
35636,9.32978,47.03224
35637,9.32988,47.03234
35638,9.33042,47.05022
35639,9.33052,47.05032
35640,9.33062,47.05042
35641,9.33072,47.05052
35642,9.33082,47.05062
35643,9.33105,47.06821
35644,9.33115,47.06831
35645,9.33125,47.06841
35646,9.33135,47.06851
35647,9.33145,47.06861
35648,9.33169,47.08619
35649,9.33179,47.08629
35650,9.33189,47.08639
35651,9.33199,47.08649
35652,9.33209,47.08659
35653,9.33232,47.10418
35654,9.33242,47.10428
35655,9.33252,47.10438
35656,9.33262,47.10448
35657,9.33272,47.10458
35658,9.33296,47.12216
35659,9.33306,47.12226
35660,9.33316,47.12236
35661,9.33326,47.12246
35662,9.33336,47.12256
35663,9.33359,47.14014
35664,9.33369,47.14024
35665,9.33379,47.14034
35666,9.33389,47.14044
35667,9.33399,47.14054
35668,9.33423,47.15813
35669,9.33433,47.15823
35670,9.33443,47.15833
35671,9.33487,47.17611
35672,9.33497,47.17621
35673,9.33507,47.17631
35674,9.33517,47.17641
35675,9.33527,47.17651
35676,9.33551,47.1941
35677,9.33561,47.1942
35678,9.33571,47.1943
35679,9.33581,47.1944
35680,9.33591,47.1945
35681,9.33615,47.21208
35682,9.33625,47.21218
35683,9.33635,47.21228
35684,9.33645,47.21238
35685,9.33655,47.21248
35686,9.33678,47.23006
35687,9.33688,47.23016
35688,9.33698,47.23026
35689,9.33708,47.23036
35690,9.33718,47.23046
35691,9.33742,47.24805
35692,9.33752,47.24815
35693,9.33761,46.51022
35694,9.33762,47.24825
35695,9.33771,46.51032
35696,9.33772,47.24835
35697,9.33781,46.51042
35698,9.33782,47.24845
35699,9.33806,47.26603
35700,9.33816,47.26613
35701,9.33825,46.52821
35702,9.33826,47.26623
35703,9.33835,46.52831
35704,9.33836,47.26633
35705,9.33845,46.52841
35706,9.33846,47.26643
35707,9.33855,46.52851
35708,9.33865,46.52861
35709,9.3387,47.28402
35710,9.3388,47.28412
35711,9.33888,46.54619
35712,9.3389,47.28422
35713,9.33898,46.54629
35714,9.339,47.28432
35715,9.33908,46.54639
35716,9.3391,47.28442
35717,9.33918,46.54649
35718,9.33928,46.54659
35719,9.33934,47.302
35720,9.33944,47.3021
35721,9.33951,46.56418
35722,9.33954,47.3022
35723,9.33961,46.56428
35724,9.33964,47.3023
35725,9.33971,46.56438
35726,9.33974,47.3024
35727,9.33981,46.56448
35728,9.33991,46.56458
35729,9.33999,47.31998
35730,9.34009,47.32008
35731,9.34019,47.32018
35732,9.34029,47.32028
35733,9.34039,47.32038
35734,9.34063,47.33797
35735,9.34073,47.33807
35736,9.34083,47.33817
35737,9.34093,47.33827
35738,9.34103,47.33837
35739,9.34127,47.35595
35740,9.34137,47.35605
35741,9.34141,46.61814
35742,9.34147,47.35615
35743,9.34151,46.61824
35744,9.34157,47.35625
35745,9.34161,46.61834
35746,9.34167,47.35635
35747,9.34171,46.61844
35748,9.34181,46.61854
35749,9.34191,47.37393
35750,9.34201,47.37403
35751,9.34211,47.37413
35752,9.34221,47.37423
35753,9.34231,47.37433
35754,9.34255,47.39192
35755,9.34265,47.39202
35756,9.34275,47.39212
35757,9.34285,47.39222
35758,9.34295,47.39232
35759,9.3432,47.4099
35760,9.3433,47.41
35761,9.34331,46.67209
35762,9.3434,47.4101
35763,9.34341,46.67219
35764,9.3435,47.4102
35765,9.34351,46.67229
35766,9.3436,47.4103
35767,9.34361,46.67239
35768,9.34371,46.67249
35769,9.34384,47.42788
35770,9.34394,46.69008
35771,9.34394,47.42798
35772,9.34404,46.69018
35773,9.34404,47.42808
35774,9.34414,46.69028
35775,9.34414,47.42818
35776,9.34424,46.69038
35777,9.34424,47.42828
35778,9.34434,46.69048
35779,9.34448,47.44587
35780,9.34458,46.70807
35781,9.34458,47.44597
35782,9.34468,46.70817
35783,9.34468,47.44607
35784,9.34478,46.70827
35785,9.34478,47.44617
35786,9.34488,46.70837
35787,9.34488,47.44627
35788,9.34498,46.70847
35789,9.34513,47.46385
35790,9.34521,46.72605
35791,9.34523,47.46395
35792,9.34531,46.72615
35793,9.34533,47.46405
35794,9.34541,46.72625
35795,9.34543,47.46415
35796,9.34551,46.72635
35797,9.34553,47.46425
35798,9.34561,46.72645
35799,9.34577,47.48183
35800,9.34585,46.74404
35801,9.34587,47.48193
35802,9.34595,46.74414
35803,9.34597,47.48203
35804,9.34605,46.74424
35805,9.34607,47.48213
35806,9.34615,46.74434
35807,9.34617,47.48223
35808,9.34625,46.74444
35809,9.34642,47.49981
35810,9.34649,46.76202
35811,9.34652,47.49991
35812,9.34659,46.76212
35813,9.34662,47.50001
35814,9.34669,46.76222
35815,9.34672,47.50011
35816,9.34679,46.76232
35817,9.34682,47.50021
35818,9.34689,46.76242
35819,9.34706,47.5178
35820,9.34712,46.78001
35821,9.34716,47.5179
35822,9.34722,46.78011
35823,9.34726,47.518
35824,9.34732,46.78021
35825,9.34736,47.5181
35826,9.34742,46.78031
35827,9.34746,47.5182
35828,9.34752,46.78041
35829,9.34771,47.53578
35830,9.34776,46.79799
35831,9.34781,47.53588
35832,9.34786,46.79809
35833,9.34791,47.53598
35834,9.34796,46.79819
35835,9.34801,47.53608
35836,9.34806,46.79829
35837,9.34811,47.53618
35838,9.34816,46.79839
35839,9.34836,47.55376
35840,9.3484,46.81598
35841,9.34846,47.55386
35842,9.3485,46.81608
35843,9.34856,47.55396
35844,9.3486,46.81618
35845,9.34866,47.55406
35846,9.3487,46.81628
35847,9.34876,47.55416
35848,9.3488,46.81638
35849,9.349,47.57174
35850,9.34904,46.83396
35851,9.3491,47.57184
35852,9.34914,46.83406
35853,9.3492,47.57194
35854,9.34924,46.83416
35855,9.3493,47.57204
35856,9.34934,46.83426
35857,9.3494,47.57214
35858,9.34944,46.83436
35859,9.34965,47.58972
35860,9.34968,46.85195
35861,9.34975,47.58982
35862,9.34978,46.85205
35863,9.34985,47.58992
35864,9.34988,46.85215
35865,9.34995,47.59002
35866,9.35005,47.59012
35867,9.35159,46.90591
35868,9.35223,46.92389
35869,9.35233,46.92399
35870,9.35243,46.92409
35871,9.35253,46.92419
35872,9.35263,46.92429
35873,9.35288,46.94188
35874,9.35352,46.95986
35875,9.35362,46.95996
35876,9.35372,46.96006
35877,9.35416,46.97785
35878,9.35426,46.97795
35879,9.35436,46.97805
35880,9.35446,46.97815
35881,9.35456,46.97825
35882,9.3548,46.99583
35883,9.3549,46.99593
35884,9.355,46.99603
35885,9.3551,46.99613
35886,9.3552,46.99623
35887,9.35544,47.01381
35888,9.35554,47.01391
35889,9.35564,47.01401
35890,9.35574,47.01411
35891,9.35584,47.01421
35892,9.35609,47.0318
35893,9.35619,47.0319
35894,9.35629,47.032
35895,9.35639,47.0321
35896,9.35649,47.0322
35897,9.35673,47.04978
35898,9.35683,47.04988
35899,9.35693,47.04998
35900,9.35703,47.05008
35901,9.35713,47.05018
35902,9.35737,47.06777
35903,9.35747,47.06787
35904,9.35757,47.06797
35905,9.35767,47.06807
35906,9.35777,47.06817
35907,9.35802,47.08575
35908,9.35812,47.08585
35909,9.35822,47.08595
35910,9.35832,47.08605
35911,9.35842,47.08615
35912,9.35866,47.10374
35913,9.35876,47.10384
35914,9.35886,47.10394
35915,9.35896,47.10404
35916,9.35906,47.10414
35917,9.35931,47.12172
35918,9.35941,47.12182
35919,9.35951,47.12192
35920,9.35961,47.12202
35921,9.35971,47.12212
35922,9.35995,47.13971
35923,9.36005,47.13981
35924,9.36015,47.13991
35925,9.3606,47.15769
35926,9.3607,47.15779
35927,9.3608,47.15789
35928,9.3609,47.15799
35929,9.361,47.15809
35930,9.36124,47.17567
35931,9.36134,47.17577
35932,9.36144,47.17587
35933,9.36154,47.17597
35934,9.36164,47.17607
35935,9.36189,47.19366
35936,9.36199,47.19376
35937,9.36209,47.19386
35938,9.36219,47.19396
35939,9.36229,47.19406
35940,9.36254,47.21164
35941,9.36264,47.21174
35942,9.36274,47.21184
35943,9.36284,47.21194
35944,9.36294,47.21204
35945,9.36319,47.22963
35946,9.36329,47.22973
35947,9.36339,47.22983
35948,9.36349,47.22993
35949,9.36359,47.23003
35950,9.36383,47.24761
35951,9.36393,47.24771
35952,9.36448,47.26559
35953,9.36458,47.26569
35954,9.36468,47.26579
35955,9.36478,47.26589
35956,9.36488,47.26599
35957,9.36513,47.28358
35958,9.36523,47.28368
35959,9.36533,47.28378
35960,9.36543,47.28388
35961,9.36553,47.28398
35962,9.36559,46.56374
35963,9.36569,46.56384
35964,9.36578,47.30156
35965,9.36579,46.56394
35966,9.36588,47.30166
35967,9.36589,46.56404
35968,9.36598,47.30176
35969,9.36599,46.56414
35970,9.36608,47.30186
35971,9.36618,47.30196
35972,9.36623,46.58173
35973,9.36633,46.58183
35974,9.36643,46.58193
35975,9.36643,47.31954
35976,9.36653,46.58203
35977,9.36653,47.31964
35978,9.36663,46.58213
35979,9.36663,47.31974
35980,9.36673,47.31984
35981,9.36683,47.31994
35982,9.36687,46.59971
35983,9.36708,47.33753
35984,9.36718,47.33763
35985,9.36728,47.33773
35986,9.36738,47.33783
35987,9.36748,47.33793
35988,9.36773,47.35551
35989,9.36783,47.35561
35990,9.36793,47.35571
35991,9.36803,47.35581
35992,9.36813,47.35591
35993,9.36815,46.63568
35994,9.36838,47.37349
35995,9.36848,47.37359
35996,9.36858,47.37369
35997,9.36868,47.37379
35998,9.36878,47.37389
35999,9.36904,47.39148
36000,9.36914,47.39158
36001,9.36924,47.39168
36002,9.36934,47.39178
36003,9.36944,46.67165
36004,9.36944,47.39188
36005,9.36954,46.67175
36006,9.36964,46.67185
36007,9.36969,47.40946
36008,9.36979,47.40956
36009,9.36989,47.40966
36010,9.36999,47.40976
36011,9.37008,46.68964
36012,9.37009,47.40986
36013,9.37018,46.68974
36014,9.37028,46.68984
36015,9.37034,47.42744
36016,9.37038,46.68994
36017,9.37044,47.42754
36018,9.37048,46.69004
36019,9.37054,47.42764
36020,9.37064,47.42774
36021,9.37072,46.70763
36022,9.37074,47.42784
36023,9.37082,46.70773
36024,9.37092,46.70783
36025,9.37099,47.44543
36026,9.37102,46.70793
36027,9.37109,47.44553
36028,9.37112,46.70803
36029,9.37119,47.44563
36030,9.37129,47.44573
36031,9.37137,46.72561
36032,9.37139,47.44583
36033,9.37147,46.72571
36034,9.37157,46.72581
36035,9.37165,47.46341
36036,9.37167,46.72591
36037,9.37175,47.46351
36038,9.37177,46.72601
36039,9.37185,47.46361
36040,9.37195,47.46371
36041,9.37201,46.7436
36042,9.37205,47.46381
36043,9.37211,46.7437
36044,9.3723,47.48139
36045,9.3724,47.48149
36046,9.3725,47.48159
36047,9.3726,47.48169
36048,9.37266,46.76158
36049,9.3727,47.48179
36050,9.37276,46.76168
36051,9.37286,46.76178
36052,9.37295,47.49937
36053,9.37296,46.76188
36054,9.37305,47.49947
36055,9.37315,47.49957
36056,9.37325,47.49967
36057,9.3733,46.77957
36058,9.37335,47.49977
36059,9.3734,46.77967
36060,9.3735,46.77977
36061,9.3736,46.77987
36062,9.37361,47.51736
36063,9.3737,46.77997
36064,9.37371,47.51746
36065,9.37381,47.51756
36066,9.37391,47.51766
36067,9.37395,46.79755
36068,9.37401,47.51776
36069,9.37405,46.79765
36070,9.37415,46.79775
36071,9.37425,46.79785
36072,9.37426,47.53534
36073,9.37435,46.79795
36074,9.37436,47.53544
36075,9.37446,47.53554
36076,9.37456,47.53564
36077,9.3746,46.81554
36078,9.37466,47.53574
36079,9.3747,46.81564
36080,9.3748,46.81574
36081,9.3749,46.81584
36082,9.37492,47.55332
36083,9.375,46.81594
36084,9.37502,47.55342
36085,9.37512,47.55352
36086,9.37522,47.55362
36087,9.37524,46.83352
36088,9.37532,47.55372
36089,9.37534,46.83362
36090,9.37544,46.83372
36091,9.37554,46.83382
36092,9.37558,47.5713
36093,9.37564,46.83392
36094,9.37568,47.5714
36095,9.37578,47.5715
36096,9.37588,47.5716
36097,9.37598,47.5717
36098,9.37654,46.86949
36099,9.37664,46.86959
36100,9.37784,46.90546
36101,9.37849,46.92345
36102,9.37859,46.92355
36103,9.37979,46.95942
36104,9.38109,46.99539
36105,9.38119,46.99549
36106,9.38129,46.99559
36107,9.38139,46.99569
36108,9.38149,46.99579
36109,9.38174,47.01337
36110,9.38184,47.01347
36111,9.38194,47.01357
36112,9.38204,47.01367
36113,9.38214,47.01377
36114,9.38239,47.03136
36115,9.38249,47.03146
36116,9.38259,47.03156
36117,9.38269,47.03166
36118,9.38279,47.03176
36119,9.38304,47.04934
36120,9.38314,47.04944
36121,9.38324,47.04954
36122,9.38334,47.04964
36123,9.38344,47.04974
36124,9.38369,47.06733
36125,9.38379,47.06743
36126,9.38389,47.06753
36127,9.38399,47.06763
36128,9.38409,47.06773
36129,9.38435,47.08531
36130,9.38445,47.08541
36131,9.38455,47.08551
36132,9.38465,47.08561
36133,9.38475,47.08571
36134,9.385,47.10329
36135,9.3851,47.10339
36136,9.3852,47.10349
36137,9.3853,47.10359
36138,9.3854,47.10369
36139,9.38565,47.12128
36140,9.38575,47.12138
36141,9.38631,47.13926
36142,9.38641,47.13936
36143,9.38651,47.13946
36144,9.38661,47.13956
36145,9.38696,47.15725
36146,9.38706,47.15735
36147,9.38716,47.15745
36148,9.38726,47.15755
36149,9.38736,47.15765
36150,9.38762,47.17523
36151,9.38772,47.17533
36152,9.38782,47.17543
36153,9.38792,47.17553
36154,9.38802,47.17563
36155,9.38827,47.19321
36156,9.38837,47.19331
36157,9.38847,47.19341
36158,9.38857,47.19351
36159,9.38867,47.19361
36160,9.38893,47.2112
36161,9.38903,47.2113
36162,9.38913,47.2114
36163,9.38923,47.2115
36164,9.38933,47.2116
36165,9.38959,47.22918
36166,9.38969,47.22928
36167,9.39024,47.24717
36168,9.39034,47.24727
36169,9.39044,47.24737
36170,9.39054,47.24747
36171,9.39064,47.24757
36172,9.3909,47.26515
36173,9.391,47.26525
36174,9.39101,46.54531
36175,9.3911,47.26535
36176,9.3912,47.26545
36177,9.3913,47.26555
36178,9.39156,47.28313
36179,9.39166,46.5633
36180,9.39166,47.28323
36181,9.39176,46.5634
36182,9.39176,47.28333
36183,9.39186,46.5635
36184,9.39186,47.28343
36185,9.39196,46.5636
36186,9.39196,47.28353
36187,9.39206,46.5637
36188,9.39222,47.30112
36189,9.39231,46.58128
36190,9.39232,47.30122
36191,9.39241,46.58138
36192,9.39242,47.30132
36193,9.39251,46.58148
36194,9.39252,47.30142
36195,9.39261,46.58158
36196,9.39262,47.30152
36197,9.39271,46.58168
36198,9.39288,47.3191
36199,9.39296,46.59927
36200,9.39298,47.3192
36201,9.39306,46.59937
36202,9.39308,47.3193
36203,9.39316,46.59947
36204,9.39318,47.3194
36205,9.39326,46.59957
36206,9.39328,47.3195
36207,9.39336,46.59967
36208,9.39354,47.33708
36209,9.39361,46.61725
36210,9.39364,47.33718
36211,9.39371,46.61735
36212,9.39374,47.33728
36213,9.39381,46.61745
36214,9.39384,47.33738
36215,9.39391,46.61755
36216,9.39394,47.33748
36217,9.39401,46.61765
36218,9.3942,47.35507
36219,9.39426,46.63524
36220,9.3943,47.35517
36221,9.39436,46.63534
36222,9.3944,47.35527
36223,9.39446,46.63544
36224,9.3945,47.35537
36225,9.39456,46.63554
36226,9.3946,47.35547
36227,9.39466,46.63564
36228,9.39486,47.37305
36229,9.39491,46.65322
36230,9.39496,47.37315
36231,9.39501,46.65332
36232,9.39506,47.37325
36233,9.39516,47.37335
36234,9.39526,47.37345
36235,9.39552,47.39103
36236,9.39557,46.67121
36237,9.39562,47.39113
36238,9.39567,46.67131
36239,9.39572,47.39123
36240,9.39582,47.39133
36241,9.39592,47.39143
36242,9.39618,47.40901
36243,9.39622,46.68919
36244,9.39628,47.40911
36245,9.39632,46.68929
36246,9.39638,47.40921
36247,9.39642,46.68939
36248,9.39648,47.40931
36249,9.39652,46.68949
36250,9.39658,47.40941
36251,9.39662,46.68959
36252,9.39684,47.427
36253,9.39687,46.70718
36254,9.39694,47.4271
36255,9.39697,46.70728
36256,9.39704,47.4272
36257,9.39707,46.70738
36258,9.39714,47.4273
36259,9.39717,46.70748
36260,9.39724,47.4274
36261,9.39727,46.70758
36262,9.3975,47.44498
36263,9.39752,46.72516
36264,9.3976,47.44508
36265,9.39762,46.72526
36266,9.3977,47.44518
36267,9.39772,46.72536
36268,9.3978,47.44528
36269,9.39782,46.72546
36270,9.3979,47.44538
36271,9.39792,46.72556
36272,9.39816,47.46296
36273,9.39818,46.74315
36274,9.39826,47.46306
36275,9.39828,46.74325
36276,9.39836,47.46316
36277,9.39838,46.74335
36278,9.39846,47.46326
36279,9.39848,46.74345
36280,9.39856,47.46336
36281,9.39858,46.74355
36282,9.39883,46.76114
36283,9.39883,47.48094
36284,9.39893,46.76124
36285,9.39893,47.48104
36286,9.39903,46.76134
36287,9.39903,47.48114
36288,9.39913,46.76144
36289,9.39913,47.48124
36290,9.39923,46.76154
36291,9.39923,47.48134
36292,9.39949,46.77912
36293,9.39949,47.49893
36294,9.39959,46.77922
36295,9.39959,47.49903
36296,9.39969,46.77932
36297,9.39969,47.49913
36298,9.39979,46.77942
36299,9.39979,47.49923
36300,9.39989,46.77952
36301,9.39989,47.49933
36302,9.40014,46.79711
36303,9.40015,47.51691
36304,9.40024,46.79721
36305,9.40025,47.51701
36306,9.40034,46.79731
36307,9.40035,47.51711
36308,9.40044,46.79741
36309,9.40045,47.51721
36310,9.40054,46.79751
36311,9.40055,47.51731
36312,9.4008,46.81509
36313,9.40082,47.53489
36314,9.4009,46.81519
36315,9.40092,47.53499
36316,9.401,46.81529
36317,9.40102,47.53509
36318,9.4011,46.81539
36319,9.40112,47.53519
36320,9.4012,46.81549
36321,9.40122,47.53529
36322,9.40145,46.83308
36323,9.40155,46.83318
36324,9.40165,46.83328
36325,9.40175,46.83338
36326,9.40185,46.83348
36327,9.40211,46.85106
36328,9.40221,46.85116
36329,9.40231,46.85126
36330,9.40276,46.86905
36331,9.40286,46.86915
36332,9.40296,46.86925
36333,9.40306,46.86935
36334,9.40316,46.86945
36335,9.40342,46.88703
36336,9.40408,46.90502
36337,9.40418,46.90512
36338,9.40428,46.90522
36339,9.40539,46.94099
36340,9.40549,46.94109
36341,9.40671,46.97695
36342,9.40681,46.97705
36343,9.40691,46.97715
36344,9.40737,46.99494
36345,9.40747,46.99504
36346,9.40757,46.99514
36347,9.40767,46.99524
36348,9.40777,46.99534
36349,9.40803,47.01292
36350,9.40813,47.01302
36351,9.40823,47.01312
36352,9.40833,47.01322
36353,9.40843,47.01332
36354,9.40869,47.03091
36355,9.40879,47.03101
36356,9.40889,47.03111
36357,9.40899,47.03121
36358,9.40909,47.03131
36359,9.40935,47.04889
36360,9.40945,47.04899
36361,9.40955,47.04909
36362,9.40965,47.04919
36363,9.40975,47.04929
36364,9.41002,47.06688
36365,9.41012,47.06698
36366,9.41022,47.06708
36367,9.41032,47.06718
36368,9.41042,47.06728
36369,9.41068,47.08486
36370,9.41078,47.08496
36371,9.41088,47.08506
36372,9.41098,47.08516
36373,9.41108,47.08526
36374,9.41134,47.10285
36375,9.41144,47.10295
36376,9.41154,47.10305
36377,9.41164,47.10315
36378,9.41174,47.10325
36379,9.412,47.12083
36380,9.4121,47.12093
36381,9.4122,47.12103
36382,9.4123,47.12113
36383,9.41267,47.13881
36384,9.41277,47.13891
36385,9.41287,47.13901
36386,9.41297,47.13911
36387,9.41307,47.13921
36388,9.41333,47.1568
36389,9.41343,47.1569
36390,9.41353,47.157
36391,9.41363,47.1571
36392,9.41373,47.1572
36393,9.41399,47.17478
36394,9.41409,47.17488
36395,9.41419,47.17498
36396,9.41429,47.17508
36397,9.41439,47.17518
36398,9.41466,47.19276
36399,9.41476,47.19286
36400,9.41486,47.19296
36401,9.41496,47.19306
36402,9.41506,47.19316
36403,9.41511,46.4909
36404,9.41521,46.491
36405,9.41531,46.4911
36406,9.41532,47.21075
36407,9.41541,46.4912
36408,9.41542,47.21085
36409,9.41552,47.21095
36410,9.41562,47.21105
36411,9.41572,47.21115
36412,9.41599,47.22873
36413,9.41609,47.22883
36414,9.41619,47.22893
36415,9.41629,47.22903
36416,9.41639,47.22913
36417,9.41642,46.52687
36418,9.41652,46.52697
36419,9.41665,47.24672
36420,9.41675,47.24682
36421,9.41685,47.24692
36422,9.41695,47.24702
36423,9.41705,47.24712
36424,9.41732,47.2647
36425,9.41742,47.2648
36426,9.41752,47.2649
36427,9.41762,47.265
36428,9.41772,47.2651
36429,9.41774,46.56284
36430,9.41784,46.56294
36431,9.41799,47.28268
36432,9.41809,47.28278
36433,9.41819,47.28288
36434,9.41829,47.28298
36435,9.41839,47.28308
36436,9.4184,46.58083
36437,9.4185,46.58093
36438,9.4186,46.58103
36439,9.41865,47.30067
36440,9.4187,46.58113
36441,9.41875,47.30077
36442,9.4188,46.58123
36443,9.41885,47.30087
36444,9.41895,47.30097
36445,9.41905,46.59882
36446,9.41905,47.30107
36447,9.41915,46.59892
36448,9.41925,46.59902
36449,9.41932,47.31865
36450,9.41935,46.59912
36451,9.41942,47.31875
36452,9.41945,46.59922
36453,9.41952,47.31885
36454,9.41962,47.31895
36455,9.41971,46.6168
36456,9.41972,47.31905
36457,9.41981,46.6169
36458,9.41991,46.617
36459,9.41999,47.33663
36460,9.42001,46.6171
36461,9.42009,47.33673
36462,9.42011,46.6172
36463,9.42019,47.33683
36464,9.42029,47.33693
36465,9.42037,46.63479
36466,9.42039,47.33703
36467,9.42047,46.63489
36468,9.42057,46.63499
36469,9.42066,47.35461
36470,9.42067,46.63509
36471,9.42076,47.35471
36472,9.42077,46.63519
36473,9.42086,47.35481
36474,9.42096,47.35491
36475,9.42103,46.65277
36476,9.42106,47.35501
36477,9.42113,46.65287
36478,9.42123,46.65297
36479,9.42133,46.65307
36480,9.42133,47.3726
36481,9.42143,46.65317
36482,9.42143,47.3727
36483,9.42153,47.3728
36484,9.42163,47.3729
36485,9.42169,46.67076
36486,9.42173,47.373
36487,9.42179,46.67086
36488,9.42189,46.67096
36489,9.42199,46.67106
36490,9.422,47.39058
36491,9.42209,46.67116
36492,9.4221,47.39068
36493,9.4222,47.39078
36494,9.4223,47.39088
36495,9.42235,46.68874
36496,9.4224,47.39098
36497,9.42245,46.68884
36498,9.42255,46.68894
36499,9.42265,46.68904
36500,9.42267,47.40856
36501,9.42275,46.68914
36502,9.42277,47.40866
36503,9.42287,47.40876
36504,9.42297,47.40886
36505,9.42302,46.70673
36506,9.42307,47.40896
36507,9.42312,46.70683
36508,9.42322,46.70693
36509,9.42332,46.70703
36510,9.42334,47.42654
36511,9.42342,46.70713
36512,9.42344,47.42664
36513,9.42354,47.42674
36514,9.42364,47.42684
36515,9.42368,46.72471
36516,9.42374,47.42694
36517,9.42378,46.72481
36518,9.42388,46.72491
36519,9.42398,46.72501
36520,9.42401,47.44453
36521,9.42408,46.72511
36522,9.42411,47.44463
36523,9.42421,47.44473
36524,9.42431,47.44483
36525,9.42434,46.7427
36526,9.42441,47.44493
36527,9.42444,46.7428
36528,9.42454,46.7429
36529,9.42464,46.743
36530,9.42468,47.46251
36531,9.42474,46.7431
36532,9.42478,47.46261
36533,9.42488,47.46271
36534,9.42498,47.46281
36535,9.425,46.76068
36536,9.42508,47.46291
36537,9.4251,46.76078
36538,9.4252,46.76088
36539,9.4253,46.76098
36540,9.42535,47.48049
36541,9.4254,46.76108
36542,9.42545,47.48059
36543,9.42555,47.48069
36544,9.42565,47.48079
36545,9.42567,46.77867
36546,9.42575,47.48089
36547,9.42577,46.77877
36548,9.42587,46.77887
36549,9.42597,46.77897
36550,9.42602,47.49847
36551,9.42607,46.77907
36552,9.42612,47.49857
36553,9.42622,47.49867
36554,9.42632,47.49877
36555,9.42633,46.79665
36556,9.42642,47.49887
36557,9.42643,46.79675
36558,9.42653,46.79685
36559,9.42663,46.79695
36560,9.4267,47.51646
36561,9.42673,46.79705
36562,9.4268,47.51656
36563,9.4269,47.51666
36564,9.42699,46.81464
36565,9.427,47.51676
36566,9.42709,46.81474
36567,9.4271,47.51686
36568,9.42719,46.81484
36569,9.42729,46.81494
36570,9.42737,47.53444
36571,9.42739,46.81504
36572,9.42747,47.53454
36573,9.42757,47.53464
36574,9.42766,46.83262
36575,9.42767,47.53474
36576,9.42776,46.83272
36577,9.42786,46.83282
36578,9.42796,46.83292
36579,9.42806,46.83302
36580,9.42832,46.85061
36581,9.42842,46.85071
36582,9.42899,46.86859
36583,9.42909,46.86869
36584,9.42919,46.86879
36585,9.42929,46.86889
36586,9.42965,46.88658
36587,9.42975,46.88668
36588,9.42985,46.88678
36589,9.42995,46.88688
36590,9.43005,46.88698
36591,9.43032,46.90456
36592,9.43042,46.90466
36593,9.43052,46.90476
36594,9.43062,46.90486
36595,9.43072,46.90496
36596,9.43099,46.92255
36597,9.43109,46.92265
36598,9.43165,46.94053
36599,9.43175,46.94063
36600,9.43232,46.95852
36601,9.43242,46.95862
36602,9.43299,46.9765
36603,9.43309,46.9766
36604,9.43319,46.9767
36605,9.43366,46.99448
36606,9.43376,46.99458
36607,9.43386,46.99468
36608,9.43396,46.99478
36609,9.43406,46.99488
36610,9.43433,47.01247
36611,9.43443,47.01257
36612,9.43453,47.01267
36613,9.43463,47.01277
36614,9.43473,47.01287
36615,9.435,47.03045
36616,9.4351,47.03055
36617,9.4352,47.03065
36618,9.4353,47.03075
36619,9.4354,47.03085
36620,9.43567,47.04844
36621,9.43577,47.04854
36622,9.43587,47.04864
36623,9.43597,47.04874
36624,9.43607,47.04884
36625,9.43634,47.06642
36626,9.43644,47.06652
36627,9.43654,47.06662
36628,9.43664,47.06672
36629,9.43701,47.08441
36630,9.43711,47.08451
36631,9.43721,47.08461
36632,9.43731,47.08471
36633,9.43741,47.08481
36634,9.43768,47.10239
36635,9.43778,47.10249
36636,9.43835,47.12037
36637,9.43845,47.12047
36638,9.43855,47.12057
36639,9.43902,47.13836
36640,9.43912,47.13846
36641,9.43922,47.13856
36642,9.43932,47.13866
36643,9.43942,47.13876
36644,9.43969,47.15634
36645,9.43979,47.15644
36646,9.43989,47.15654
36647,9.43999,47.15664
36648,9.44009,47.15674
36649,9.44037,47.17432
36650,9.44047,47.17442
36651,9.44057,47.17452
36652,9.44067,47.17462
36653,9.44077,47.17472
36654,9.44104,47.19231
36655,9.44114,47.19241
36656,9.44124,47.19251
36657,9.44134,47.19261
36658,9.44144,47.19271
36659,9.44171,47.21029
36660,9.44181,46.50843
36661,9.44181,47.21039
36662,9.44191,47.21049
36663,9.44201,47.21059
36664,9.44211,47.21069
36665,9.44239,47.22828
36666,9.44248,46.52642
36667,9.44249,47.22838
36668,9.44258,46.52652
36669,9.44259,47.22848
36670,9.44268,46.52662
36671,9.44269,47.22858
36672,9.44278,46.52672
36673,9.44279,47.22868
36674,9.44288,46.52682
36675,9.44306,47.24626
36676,9.44315,46.5444
36677,9.44316,47.24636
36678,9.44325,46.5445
36679,9.44326,47.24646
36680,9.44335,46.5446
36681,9.44336,47.24656
36682,9.44346,47.24666
36683,9.44374,47.26424
36684,9.44381,46.56239
36685,9.44384,47.26434
36686,9.44391,46.56249
36687,9.44394,47.26444
36688,9.44401,46.56259
36689,9.44404,47.26454
36690,9.44411,46.56269
36691,9.44414,47.26464
36692,9.44421,46.56279
36693,9.44441,47.28223
36694,9.44448,46.58037
36695,9.44451,47.28233
36696,9.44458,46.58047
36697,9.44461,47.28243
36698,9.44468,46.58057
36699,9.44471,47.28253
36700,9.44478,46.58067
36701,9.44481,47.28263
36702,9.44488,46.58077
36703,9.44509,47.30021
36704,9.44515,46.59836
36705,9.44519,47.30031
36706,9.44525,46.59846
36707,9.44529,47.30041
36708,9.44535,46.59856
36709,9.44539,47.30051
36710,9.44545,46.59866
36711,9.44549,47.30061
36712,9.44555,46.59876
36713,9.44577,47.31819
36714,9.44581,46.61634
36715,9.44587,47.31829
36716,9.44591,46.61644
36717,9.44597,47.31839
36718,9.44601,46.61654
36719,9.44607,47.31849
36720,9.44611,46.61664
36721,9.44617,47.31859
36722,9.44621,46.61674
36723,9.44644,47.33617
36724,9.44648,46.63433
36725,9.44654,47.33627
36726,9.44658,46.63443
36727,9.44664,47.33637
36728,9.44668,46.63453
36729,9.44674,47.33647
36730,9.44678,46.63463
36731,9.44684,47.33657
36732,9.44688,46.63473
36733,9.44712,47.35416
36734,9.44715,46.65231
36735,9.44722,47.35426
36736,9.44725,46.65241
36737,9.44732,47.35436
36738,9.44735,46.65251
36739,9.44742,47.35446
36740,9.44745,46.65261
36741,9.44752,47.35456
36742,9.44755,46.65271
36743,9.4478,47.37214
36744,9.44782,46.6703
36745,9.4479,47.37224
36746,9.44792,46.6704
36747,9.448,47.37234
36748,9.44802,46.6705
36749,9.4481,47.37244
36750,9.44812,46.6706
36751,9.4482,47.37254
36752,9.44822,46.6707
36753,9.44848,47.39012
36754,9.44849,46.68828
36755,9.44858,47.39022
36756,9.44859,46.68838
36757,9.44868,47.39032
36758,9.44869,46.68848
36759,9.44878,47.39042
36760,9.44879,46.68858
36761,9.44888,47.39052
36762,9.44889,46.68868
36763,9.44916,46.70627
36764,9.44916,47.4081
36765,9.44926,46.70637
36766,9.44926,47.4082
36767,9.44936,46.70647
36768,9.44936,47.4083
36769,9.44946,46.70657
36770,9.44946,47.4084
36771,9.44956,46.70667
36772,9.44956,47.4085
36773,9.44983,46.72425
36774,9.44984,47.42609
36775,9.44993,46.72435
36776,9.44994,47.42619
36777,9.45003,46.72445
36778,9.45004,47.42629
36779,9.45013,46.72455
36780,9.45014,47.42639
36781,9.45023,46.72465
36782,9.45024,47.42649
36783,9.4505,46.74224
36784,9.45052,47.44407
36785,9.4506,46.74234
36786,9.45062,47.44417
36787,9.4507,46.74244
36788,9.45072,47.44427
36789,9.4508,46.74254
36790,9.45082,47.44437
36791,9.4509,46.74264
36792,9.45092,47.44447
36793,9.45117,46.76022
36794,9.4512,47.46205
36795,9.45127,46.76032
36796,9.4513,47.46215
36797,9.45137,46.76042
36798,9.4514,47.46225
36799,9.45147,46.76052
36800,9.4515,47.46235
36801,9.45157,46.76062
36802,9.4516,47.46245
36803,9.45185,46.77821
36804,9.45188,47.48003
36805,9.45195,46.77831
36806,9.45198,47.48013
36807,9.45205,46.77841
36808,9.45208,47.48023
36809,9.45215,46.77851
36810,9.45218,47.48033
36811,9.45225,46.77861
36812,9.45228,47.48043
36813,9.45252,46.79619
36814,9.45256,47.49801
36815,9.45262,46.79629
36816,9.45266,47.49811
36817,9.45272,46.79639
36818,9.45276,47.49821
36819,9.45282,46.79649
36820,9.45286,47.49831
36821,9.45292,46.79659
36822,9.45296,47.49841
36823,9.45319,46.81418
36824,9.45329,46.81428
36825,9.45339,46.81438
36826,9.45349,46.81448
36827,9.45359,46.81458
36828,9.45386,46.83216
36829,9.45396,46.83226
36830,9.45406,46.83236
36831,9.45416,46.83246
36832,9.45426,46.83256
36833,9.45454,46.85015
36834,9.45464,46.85025
36835,9.45474,46.85035
36836,9.45484,46.85045
36837,9.45494,46.85055
36838,9.45656,46.9041
36839,9.45666,46.9042
36840,9.45676,46.9043
36841,9.45724,46.92209
36842,9.45734,46.92219
36843,9.45744,46.92229
36844,9.45754,46.92239
36845,9.45764,46.92249
36846,9.45791,46.94007
36847,9.45801,46.94017
36848,9.45811,46.94027
36849,9.45821,46.94037
36850,9.45831,46.94047
36851,9.45859,46.95806
36852,9.45869,46.95816
36853,9.45879,46.95826
36854,9.45889,46.95836
36855,9.45899,46.95846
36856,9.45927,46.97604
36857,9.45937,46.97614
36858,9.45947,46.97624
36859,9.45957,46.97634
36860,9.45967,46.97644
36861,9.45994,46.99402
36862,9.46004,46.99412
36863,9.46014,46.99422
36864,9.46024,46.99432
36865,9.46034,46.99442
36866,9.46062,47.01201
36867,9.46072,47.01211
36868,9.46082,47.01221
36869,9.46092,47.01231
36870,9.46102,47.01241
36871,9.4613,47.02999
36872,9.4614,47.03009
36873,9.4615,47.03019
36874,9.4616,47.03029
36875,9.4617,47.03039
36876,9.46198,47.04798
36877,9.46208,47.04808
36878,9.46218,47.04818
36879,9.46228,47.04828
36880,9.46238,47.04838
36881,9.46266,47.06596
36882,9.46276,47.06606
36883,9.46286,47.06616
36884,9.46296,47.06626
36885,9.46306,47.06636
36886,9.46334,47.08394
36887,9.46344,47.08404
36888,9.46354,47.08414
36889,9.46364,47.08424
36890,9.46374,47.08434
36891,9.46402,47.10193
36892,9.46412,47.10203
36893,9.46422,47.10213
36894,9.46432,47.10223
36895,9.46442,47.10233
36896,9.4647,47.11991
36897,9.4648,47.12001
36898,9.4649,47.12011
36899,9.465,47.12021
36900,9.4651,47.12031
36901,9.46538,47.1379
36902,9.46548,47.138
36903,9.46558,47.1381
36904,9.46568,47.1382
36905,9.46578,47.1383
36906,9.46584,46.45401
36907,9.46606,47.15588
36908,9.46616,47.15598
36909,9.46626,47.15608
36910,9.46636,47.15618
36911,9.46646,47.15628
36912,9.46674,47.17386
36913,9.46684,47.17396
36914,9.46694,47.17406
36915,9.46704,47.17416
36916,9.46714,47.17426
36917,9.46719,46.48998
36918,9.46729,46.49008
36919,9.46739,46.49018
36920,9.46742,47.19185
36921,9.46749,46.49028
36922,9.46752,47.19195
36923,9.46759,46.49038
36924,9.46762,47.19205
36925,9.46772,47.19215
36926,9.46782,47.19225
36927,9.46786,46.50797
36928,9.46796,46.50807
36929,9.46806,46.50817
36930,9.4681,47.20983
36931,9.46816,46.50827
36932,9.4682,47.20993
36933,9.4683,47.21003
36934,9.4684,47.21013
36935,9.4685,47.21023
36936,9.46879,47.22781
36937,9.46889,47.22791
36938,9.46899,47.22801
36939,9.46909,47.22811
36940,9.46919,47.22821
36941,9.46921,46.54394
36942,9.46931,46.54404
36943,9.46947,47.2458
36944,9.46957,47.2459
36945,9.46967,47.246
36946,9.46977,47.2461
36947,9.46987,47.2462
36948,9.46989,46.56192
36949,9.47016,47.26378
36950,9.47026,47.26388
36951,9.47036,47.26398
36952,9.47046,47.26408
36953,9.47056,46.57991
36954,9.47056,47.26418
36955,9.47066,46.58001
36956,9.47076,46.58011
36957,9.47084,47.28176
36958,9.47094,47.28186
36959,9.47104,47.28196
36960,9.47114,47.28206
36961,9.47124,46.5979
36962,9.47124,47.28216
36963,9.47134,46.598
36964,9.47144,46.5981
36965,9.47153,47.29975
36966,9.47154,46.5982
36967,9.47163,47.29985
36968,9.47164,46.5983
36969,9.47173,47.29995
36970,9.47183,47.30005
36971,9.47192,46.61588
36972,9.47193,47.30015
36973,9.47221,47.31773
36974,9.47231,47.31783
36975,9.47241,47.31793
36976,9.47251,47.31803
36977,9.47259,46.63387
36978,9.47261,47.31813
36979,9.47269,46.63397
36980,9.47279,46.63407
36981,9.47289,46.63417
36982,9.4729,47.33571
36983,9.47299,46.63427
36984,9.473,47.33581
36985,9.4731,47.33591
36986,9.4732,47.33601
36987,9.47327,46.65185
36988,9.4733,47.33611
36989,9.47337,46.65195
36990,9.47347,46.65205
36991,9.47357,46.65215
36992,9.47358,47.35369
36993,9.47367,46.65225
36994,9.47368,47.35379
36995,9.47378,47.35389
36996,9.47388,47.35399
36997,9.47395,46.66984
36998,9.47398,47.35409
36999,9.47405,46.66994
37000,9.47415,46.67004
37001,9.47425,46.67014
37002,9.47427,47.37168
37003,9.47435,46.67024
37004,9.47437,47.37178
37005,9.47447,47.37188
37006,9.47457,47.37198
37007,9.47463,46.68782
37008,9.47467,47.37208
37009,9.47473,46.68792
37010,9.47483,46.68802
37011,9.47493,46.68812
37012,9.47496,47.38966
37013,9.47503,46.68822
37014,9.47506,47.38976
37015,9.47516,47.38986
37016,9.47526,47.38996
37017,9.4753,46.70581
37018,9.47536,47.39006
37019,9.4754,46.70591
37020,9.4755,46.70601
37021,9.4756,46.70611
37022,9.47565,47.40764
37023,9.4757,46.70621
37024,9.47575,47.40774
37025,9.47585,47.40784
37026,9.47595,47.40794
37027,9.47598,46.72379
37028,9.47605,47.40804
37029,9.47608,46.72389
37030,9.47618,46.72399
37031,9.47628,46.72409
37032,9.47633,47.42562
37033,9.47638,46.72419
37034,9.47643,47.42572
37035,9.47653,47.42582
37036,9.47663,47.42592
37037,9.47666,46.74177
37038,9.47673,47.42602
37039,9.47676,46.74187
37040,9.47686,46.74197
37041,9.47696,46.74207
37042,9.47702,47.4436
37043,9.47706,46.74217
37044,9.47712,47.4437
37045,9.47722,47.4438
37046,9.47732,47.4439
37047,9.47734,46.75976
37048,9.47742,47.444
37049,9.47744,46.75986
37050,9.47754,46.75996
37051,9.47764,46.76006
37052,9.47771,47.46159
37053,9.47774,46.76016
37054,9.47781,47.46169
37055,9.47791,47.46179
37056,9.47801,47.46189
37057,9.47802,46.77774
37058,9.47811,47.46199
37059,9.47812,46.77784
37060,9.47822,46.77794
37061,9.47832,46.77804
37062,9.4784,47.47957
37063,9.4785,47.47967
37064,9.4786,47.47977
37065,9.4787,47.47987
37066,9.47871,46.79573
37067,9.4788,47.47997
37068,9.47881,46.79583
37069,9.47891,46.79593
37070,9.47901,46.79603
37071,9.47909,47.49755
37072,9.47911,46.79613
37073,9.47919,47.49765
37074,9.47929,47.49775
37075,9.47939,46.81371
37076,9.47939,47.49785
37077,9.47949,46.81381
37078,9.47949,47.49795
37079,9.47959,46.81391
37080,9.47969,46.81401
37081,9.47979,46.81411
37082,9.48007,46.8317
37083,9.48017,46.8318
37084,9.48027,46.8319
37085,9.48037,46.832
37086,9.48047,46.8321
37087,9.48075,46.84968
37088,9.48085,46.84978
37089,9.48095,46.84988
37090,9.48105,46.84998
37091,9.48115,46.85008
37092,9.48143,46.86767
37093,9.48153,46.86777
37094,9.48212,46.88565
37095,9.48222,46.88575
37096,9.48232,46.88585
37097,9.48242,46.88595
37098,9.48252,46.88605
37099,9.48417,46.93961
37100,9.48427,46.93971
37101,9.48437,46.93981
37102,9.48447,46.93991
37103,9.48457,46.94001
37104,9.48486,46.95759
37105,9.48496,46.95769
37106,9.48506,46.95779
37107,9.48516,46.95789
37108,9.48526,46.95799
37109,9.48554,46.97557
37110,9.48564,46.97567
37111,9.48574,46.97577
37112,9.48584,46.97587
37113,9.48594,46.97597
37114,9.48623,46.99356
37115,9.48633,46.99366
37116,9.48643,46.99376
37117,9.48653,46.99386
37118,9.48663,46.99396
37119,9.48691,47.01154
37120,9.48701,47.01164
37121,9.48711,47.01174
37122,9.48721,47.01184
37123,9.48731,47.01194
37124,9.4876,47.02953
37125,9.4877,47.02963
37126,9.4878,47.02973
37127,9.4879,47.02983
37128,9.488,47.02993
37129,9.48829,47.04751
37130,9.48839,47.04761
37131,9.48849,47.04771
37132,9.48859,47.04781
37133,9.48869,47.04791
37134,9.48898,47.06549
37135,9.48908,47.06559
37136,9.48918,47.06569
37137,9.48928,47.06579
37138,9.48938,47.06589
37139,9.48966,47.08348
37140,9.48976,47.08358
37141,9.48986,47.08368
37142,9.48996,47.08378
37143,9.49006,47.08388
37144,9.49035,47.10146
37145,9.49045,47.10156
37146,9.4905,46.41758
37147,9.49055,47.10166
37148,9.4906,46.41768
37149,9.49065,47.10176
37150,9.4907,46.41778
37151,9.49075,47.10186
37152,9.49104,47.11944
37153,9.49114,47.11954
37154,9.49118,46.43556
37155,9.49124,47.11964
37156,9.49128,46.43566
37157,9.49134,47.11974
37158,9.49138,46.43576
37159,9.49144,47.11984
37160,9.49148,46.43586
37161,9.49173,47.13743
37162,9.49183,47.13753
37163,9.49187,46.45355
37164,9.49193,47.13763
37165,9.49197,46.45365
37166,9.49203,47.13773
37167,9.49207,46.45375
37168,9.49213,47.13783
37169,9.49217,46.45385
37170,9.49227,46.45395
37171,9.49242,47.15541
37172,9.49252,47.15551
37173,9.49255,46.47153
37174,9.49262,47.15561
37175,9.49265,46.47163
37176,9.49272,47.15571
37177,9.49275,46.47173
37178,9.49282,47.15581
37179,9.49285,46.47183
37180,9.49295,46.47193
37181,9.49311,47.17339
37182,9.49321,47.17349
37183,9.49323,46.48952
37184,9.49331,47.17359
37185,9.49333,46.48962
37186,9.49341,47.17369
37187,9.49343,46.48972
37188,9.49351,47.17379
37189,9.49353,46.48982
37190,9.49363,46.48992
37191,9.4938,47.19138
37192,9.4939,47.19148
37193,9.49391,46.5075
37194,9.494,47.19158
37195,9.4941,47.19168
37196,9.4942,47.19178
37197,9.4945,47.20936
37198,9.4946,47.20946
37199,9.4947,47.20956
37200,9.4948,47.20966
37201,9.4949,47.20976
37202,9.49519,47.22734
37203,9.49528,46.54347
37204,9.49529,47.22744
37205,9.49538,46.54357
37206,9.49539,47.22754
37207,9.49548,46.54367
37208,9.49549,47.22764
37209,9.49559,47.22774
37210,9.49588,47.24533
37211,9.49598,47.24543
37212,9.49608,47.24553
37213,9.49618,47.24563
37214,9.49628,47.24573
37215,9.49657,47.26331
37216,9.49667,47.26341
37217,9.49677,47.26351
37218,9.49687,47.26361
37219,9.49697,47.26371
37220,9.49727,47.28129
37221,9.49737,47.28139
37222,9.49747,47.28149
37223,9.49757,47.28159
37224,9.49767,47.28169
37225,9.49796,47.29928
37226,9.49806,47.29938
37227,9.49816,47.29948
37228,9.49826,47.29958
37229,9.49836,47.29968
37230,9.49865,47.31726
37231,9.49875,47.31736
37232,9.49885,47.31746
37233,9.49895,47.31756
37234,9.49905,47.31766
37235,9.49935,47.33524
37236,9.49939,46.65138
37237,9.49945,47.33534
37238,9.49949,46.65148
37239,9.49955,47.33544
37240,9.49959,46.65158
37241,9.49965,47.33554
37242,9.49975,47.33564
37243,9.50005,47.35322
37244,9.50007,46.66937
37245,9.50015,47.35332
37246,9.50017,46.66947
37247,9.50025,47.35342
37248,9.50027,46.66957
37249,9.50035,47.35352
37250,9.50037,46.66967
37251,9.50045,47.35362
37252,9.50047,46.66977
37253,9.50074,47.37121
37254,9.50076,46.68735
37255,9.50084,47.37131
37256,9.50086,46.68745
37257,9.50094,47.37141
37258,9.50096,46.68755
37259,9.50104,47.37151
37260,9.50106,46.68765
37261,9.50114,47.37161
37262,9.50116,46.68775
37263,9.50144,47.38919
37264,9.50145,46.70534
37265,9.50154,47.38929
37266,9.50155,46.70544
37267,9.50164,47.38939
37268,9.50165,46.70554
37269,9.50174,47.38949
37270,9.50175,46.70564
37271,9.50184,47.38959
37272,9.50185,46.70574
37273,9.50213,47.40717
37274,9.50214,46.72332
37275,9.50223,47.40727
37276,9.50224,46.72342
37277,9.50233,47.40737
37278,9.50234,46.72352
37279,9.50243,47.40747
37280,9.50244,46.72362
37281,9.50253,47.40757
37282,9.50254,46.72372
37283,9.50282,46.7413
37284,9.50283,47.42515
37285,9.50292,46.7414
37286,9.50293,47.42525
37287,9.50303,47.42535
37288,9.50313,47.42545
37289,9.50323,47.42555
37290,9.50351,46.75929
37291,9.50353,47.44313
37292,9.50361,46.75939
37293,9.50363,47.44323
37294,9.50373,47.44333
37295,9.50383,47.44343
37296,9.50393,47.44353
37297,9.5042,46.77727
37298,9.50423,47.46112
37299,9.5043,46.77737
37300,9.50433,47.46122
37301,9.50443,47.46132
37302,9.50453,47.46142
37303,9.50463,47.46152
37304,9.50489,46.79526
37305,9.50493,47.4791
37306,9.50499,46.79536
37307,9.50503,47.4792
37308,9.50513,47.4793
37309,9.50523,47.4794
37310,9.50533,47.4795
37311,9.50558,46.81324
37312,9.50568,46.81334
37313,9.50578,46.81344
37314,9.50588,46.81354
37315,9.50598,46.81364
37316,9.50627,46.83123
37317,9.50637,46.83133
37318,9.50647,46.83143
37319,9.50657,46.83153
37320,9.50667,46.83163
37321,9.50696,46.84921
37322,9.50706,46.84931
37323,9.50716,46.84941
37324,9.50726,46.84951
37325,9.50736,46.84961
37326,9.50766,46.8672
37327,9.50776,46.8673
37328,9.50786,46.8674
37329,9.50796,46.8675
37330,9.50806,46.8676
37331,9.50835,46.88518
37332,9.50845,46.88528
37333,9.50855,46.88538
37334,9.50865,46.88548
37335,9.50875,46.88558
37336,9.50904,46.90316
37337,9.50914,46.90326
37338,9.50924,46.90336
37339,9.50934,46.90346
37340,9.50944,46.90356
37341,9.50973,46.92115
37342,9.50983,46.92125
37343,9.50993,46.92135
37344,9.51003,46.92145
37345,9.51013,46.92155
37346,9.51043,46.93913
37347,9.51053,46.93923
37348,9.51063,46.93933
37349,9.51073,46.93943
37350,9.51083,46.93953
37351,9.51112,46.95712
37352,9.51122,46.95722
37353,9.51132,46.95732
37354,9.51142,46.95742
37355,9.51152,46.95752
37356,9.51182,46.9751
37357,9.51192,46.9752
37358,9.51202,46.9753
37359,9.51212,46.9754
37360,9.51222,46.9755
37361,9.51251,46.99309
37362,9.51261,46.99319
37363,9.51271,46.99329
37364,9.51281,46.99339
37365,9.51291,46.99349
37366,9.51307,46.32718
37367,9.51317,46.32728
37368,9.51321,47.01107
37369,9.51327,46.32738
37370,9.51331,47.01117
37371,9.51337,46.32748
37372,9.51341,47.01127
37373,9.51347,46.32758
37374,9.51351,47.01137
37375,9.51361,47.01147
37376,9.51376,46.34516
37377,9.51386,46.34526
37378,9.5139,47.02905
37379,9.51396,46.34536
37380,9.514,47.02915
37381,9.51406,46.34546
37382,9.5141,47.02925
37383,9.51416,46.34556
37384,9.5142,47.02935
37385,9.5143,47.02945
37386,9.51444,46.36315
37387,9.5146,47.04704
37388,9.5147,47.04714
37389,9.5148,47.04724
37390,9.5149,47.04734
37391,9.515,47.04744
37392,9.51529,47.06502
37393,9.51539,47.06512
37394,9.51549,47.06522
37395,9.51559,47.06532
37396,9.51569,47.06542
37397,9.51582,46.39912
37398,9.51599,47.083
37399,9.51609,47.0831
37400,9.51619,47.0832
37401,9.51629,47.0833
37402,9.51639,47.0834
37403,9.51669,47.10099
37404,9.51679,47.10109
37405,9.51689,47.10119
37406,9.51699,47.10129
37407,9.51709,47.10139
37408,9.51739,47.11897
37409,9.51749,47.11907
37410,9.51759,47.11917
37411,9.51769,47.11927
37412,9.51779,47.11937
37413,9.51789,46.45307
37414,9.51809,47.13695
37415,9.51819,47.13705
37416,9.51829,47.13715
37417,9.51839,47.13725
37418,9.51849,47.13735
37419,9.51858,46.47106
37420,9.51868,46.47116
37421,9.51878,46.47126
37422,9.51879,47.15494
37423,9.51888,46.47136
37424,9.51889,47.15504
37425,9.51898,46.47146
37426,9.51899,47.15514
37427,9.51909,47.15524
37428,9.51919,47.15534
37429,9.51949,47.17292
37430,9.51959,47.17302
37431,9.51969,47.17312
37432,9.51979,47.17322
37433,9.51989,47.17332
37434,9.52019,47.1909
37435,9.52029,47.191
37436,9.52039,47.1911
37437,9.52049,47.1912
37438,9.52059,47.1913
37439,9.52089,47.20889
37440,9.52099,47.20899
37441,9.52109,47.20909
37442,9.52119,47.20919
37443,9.52129,47.20929
37444,9.52134,46.543
37445,9.52144,46.5431
37446,9.52154,46.5432
37447,9.52159,47.22687
37448,9.52169,47.22697
37449,9.52179,47.22707
37450,9.52189,47.22717
37451,9.52199,47.22727
37452,9.52204,46.56098
37453,9.52229,47.24485
37454,9.52239,47.24495
37455,9.52249,47.24505
37456,9.52259,47.24515
37457,9.52269,47.24525
37458,9.52273,46.57897
37459,9.52299,47.26284
37460,9.52309,47.26294
37461,9.52319,47.26304
37462,9.52329,47.26314
37463,9.52339,47.26324
37464,9.52342,46.59695
37465,9.52352,46.59705
37466,9.52362,46.59715
37467,9.52369,47.28082
37468,9.52372,46.59725
37469,9.52379,47.28092
37470,9.52382,46.59735
37471,9.52389,47.28102
37472,9.52399,47.28112
37473,9.52409,47.28122
37474,9.52412,46.61494
37475,9.52422,46.61504
37476,9.52432,46.61514
37477,9.52439,47.2988
37478,9.52442,46.61524
37479,9.52449,47.2989
37480,9.52452,46.61534
37481,9.52459,47.299
37482,9.52469,47.2991
37483,9.52479,47.2992
37484,9.52481,46.63292
37485,9.52491,46.63302
37486,9.52501,46.63312
37487,9.5251,47.31678
37488,9.5252,47.31688
37489,9.5253,47.31698
37490,9.5254,47.31708
37491,9.5255,46.6509
37492,9.5255,47.31718
37493,9.5256,46.651
37494,9.5257,46.6511
37495,9.5258,46.6512
37496,9.5258,47.33477
37497,9.5259,46.6513
37498,9.5259,47.33487
37499,9.526,47.33497
37500,9.5261,47.33507
37501,9.5262,46.66889
37502,9.5262,47.33517
37503,9.5263,46.66899
37504,9.5264,46.66909
37505,9.5265,46.66919
37506,9.52651,47.35275
37507,9.5266,46.66929
37508,9.52661,47.35285
37509,9.52671,47.35295
37510,9.52681,47.35305
37511,9.5269,46.68687
37512,9.52691,47.35315
37513,9.527,46.68697
37514,9.5271,46.68707
37515,9.5272,46.68717
37516,9.52721,47.37073
37517,9.5273,46.68727
37518,9.52731,47.37083
37519,9.52741,47.37093
37520,9.52751,47.37103
37521,9.52759,46.70486
37522,9.52761,47.37113
37523,9.52769,46.70496
37524,9.52779,46.70506
37525,9.52789,46.70516
37526,9.52792,47.38871
37527,9.52799,46.70526
37528,9.52802,47.38881
37529,9.52812,47.38891
37530,9.52822,47.38901
37531,9.52829,46.72284
37532,9.52832,47.38911
37533,9.52839,46.72294
37534,9.52849,46.72304
37535,9.52859,46.72314
37536,9.52862,47.40669
37537,9.52869,46.72324
37538,9.52872,47.40679
37539,9.52882,47.40689
37540,9.52892,47.40699
37541,9.52899,46.74083
37542,9.52902,47.40709
37543,9.52909,46.74093
37544,9.52919,46.74103
37545,9.52929,46.74113
37546,9.52933,47.42468
37547,9.52939,46.74123
37548,9.52943,47.42478
37549,9.52953,47.42488
37550,9.52963,47.42498
37551,9.52968,46.75881
37552,9.52973,47.42508
37553,9.52978,46.75891
37554,9.52988,46.75901
37555,9.52998,46.75911
37556,9.53003,47.44266
37557,9.53008,46.75921
37558,9.53013,47.44276
37559,9.53023,47.44286
37560,9.53033,47.44296
37561,9.53038,46.7768
37562,9.53043,47.44306
37563,9.53048,46.7769
37564,9.53058,46.777
37565,9.53068,46.7771
37566,9.53074,47.46064
37567,9.53078,46.7772
37568,9.53084,47.46074
37569,9.53094,47.46084
37570,9.53104,47.46094
37571,9.53108,46.79478
37572,9.53114,47.46104
37573,9.53118,46.79488
37574,9.53128,46.79498
37575,9.53138,46.79508
37576,9.53145,47.47862
37577,9.53148,46.79518
37578,9.53155,47.47872
37579,9.53165,47.47882
37580,9.53175,47.47892
37581,9.53178,46.81277
37582,9.53185,47.47902
37583,9.53188,46.81287
37584,9.53198,46.81297
37585,9.53208,46.81307
37586,9.53216,47.4966
37587,9.53218,46.81317
37588,9.53248,46.83075
37589,9.53258,46.83085
37590,9.53268,46.83095
37591,9.53278,46.83105
37592,9.53288,46.83115
37593,9.53318,46.84873
37594,9.53328,46.84883
37595,9.53338,46.84893
37596,9.53348,46.84903
37597,9.53358,46.84913
37598,9.53388,46.86672
37599,9.53398,46.86682
37600,9.53408,46.86692
37601,9.53418,46.86702
37602,9.53428,46.86712
37603,9.53458,46.8847
37604,9.53468,46.8848
37605,9.53478,46.8849
37606,9.53488,46.885
37607,9.53498,46.8851
37608,9.53528,46.90269
37609,9.53538,46.90279
37610,9.53548,46.90289
37611,9.53558,46.90299
37612,9.53568,46.90309
37613,9.53598,46.92067
37614,9.53608,46.92077
37615,9.53618,46.92087
37616,9.53628,46.92097
37617,9.53638,46.92107
37618,9.53668,46.93865
37619,9.53678,46.93875
37620,9.53688,46.93885
37621,9.53698,46.93895
37622,9.53708,46.93905
37623,9.53739,46.95664
37624,9.53749,46.95674
37625,9.53759,46.95684
37626,9.53769,46.95694
37627,9.53779,46.95704
37628,9.53809,46.97462
37629,9.53819,46.97472
37630,9.53829,46.97482
37631,9.53839,46.97492
37632,9.53849,46.97502
37633,9.53879,46.99261
37634,9.53889,46.99271
37635,9.53899,46.99281
37636,9.53903,46.3267
37637,9.53909,46.99291
37638,9.53913,46.3268
37639,9.53919,46.99301
37640,9.53923,46.3269
37641,9.53933,46.327
37642,9.53943,46.3271
37643,9.5395,47.01059
37644,9.5396,47.01069
37645,9.5397,47.01079
37646,9.53973,46.34468
37647,9.5398,47.01089
37648,9.53983,46.34478
37649,9.5399,47.01099
37650,9.53993,46.34488
37651,9.54003,46.34498
37652,9.54013,46.34508
37653,9.5402,47.02857
37654,9.5403,47.02867
37655,9.5404,47.02877
37656,9.54042,46.36267
37657,9.5405,47.02887
37658,9.5406,47.02897
37659,9.54091,47.04656
37660,9.54101,47.04666
37661,9.54111,47.04676
37662,9.54121,47.04686
37663,9.54131,47.04696
37664,9.54161,47.06454
37665,9.54232,47.08252
37666,9.54242,47.08262
37667,9.54251,46.41662
37668,9.54252,47.08272
37669,9.54261,46.41672
37670,9.54262,47.08282
37671,9.54272,47.08292
37672,9.54303,47.10051
37673,9.54313,47.10061
37674,9.54321,46.43461
37675,9.54323,47.10071
37676,9.54331,46.43471
37677,9.54333,47.10081
37678,9.54341,46.43481
37679,9.54343,47.10091
37680,9.54373,47.11849
37681,9.54383,47.11859
37682,9.54391,46.45259
37683,9.54393,47.11869
37684,9.54401,46.45269
37685,9.54403,47.11879
37686,9.54411,46.45279
37687,9.54413,47.11889
37688,9.54421,46.45289
37689,9.54431,46.45299
37690,9.54444,47.13647
37691,9.54454,47.13657
37692,9.54464,47.13667
37693,9.54474,47.13677
37694,9.54484,47.13687
37695,9.54515,47.15446
37696,9.54586,47.17244
37697,9.54596,47.17254
37698,9.54606,47.17264
37699,9.54616,47.17274
37700,9.54626,47.17284
37701,9.54657,47.19042
37702,9.54667,47.19052
37703,9.54677,47.19062
37704,9.54687,47.19072
37705,9.54697,47.19082
37706,9.54728,47.20841
37707,9.54738,47.20851
37708,9.54741,46.54252
37709,9.54748,47.20861
37710,9.54751,46.54262
37711,9.54758,47.20871
37712,9.54761,46.54272
37713,9.54768,47.20881
37714,9.54771,46.54282
37715,9.54781,46.54292
37716,9.54798,47.22639
37717,9.54808,47.22649
37718,9.54811,46.5605
37719,9.54818,47.22659
37720,9.54821,46.5606
37721,9.54828,47.22669
37722,9.54831,46.5607
37723,9.54838,47.22679
37724,9.54841,46.5608
37725,9.54851,46.5609
37726,9.5487,47.24437
37727,9.5488,47.24447
37728,9.54881,46.57848
37729,9.5489,47.24457
37730,9.54891,46.57858
37731,9.549,47.24467
37732,9.54901,46.57868
37733,9.5491,47.24477
37734,9.54911,46.57878
37735,9.54921,46.57888
37736,9.54941,47.26235
37737,9.54951,46.59647
37738,9.54951,47.26245
37739,9.54961,46.59657
37740,9.54961,47.26255
37741,9.54971,47.26265
37742,9.55012,47.28034
37743,9.55022,46.61445
37744,9.55022,47.28044
37745,9.55032,46.61455
37746,9.55032,47.28054
37747,9.55042,47.28064
37748,9.55052,47.28074
37749,9.55083,47.29832
37750,9.55093,47.29842
37751,9.55103,47.29852
37752,9.55113,47.29862
37753,9.55123,47.29872
37754,9.55154,47.3163
37755,9.55162,46.65042
37756,9.55164,47.3164
37757,9.55172,46.65052
37758,9.55174,47.3165
37759,9.55182,46.65062
37760,9.55184,47.3166
37761,9.55192,46.65072
37762,9.55194,47.3167
37763,9.55202,46.65082
37764,9.55225,47.33428
37765,9.55233,46.66841
37766,9.55235,47.33438
37767,9.55243,46.66851
37768,9.55245,47.33448
37769,9.55253,46.66861
37770,9.55255,47.33458
37771,9.55263,46.66871
37772,9.55265,47.33468
37773,9.55273,46.66881
37774,9.55297,47.35227
37775,9.55303,46.68639
37776,9.55307,47.35237
37777,9.55313,46.68649
37778,9.55317,47.35247
37779,9.55323,46.68659
37780,9.55327,47.35257
37781,9.55333,46.68669
37782,9.55337,47.35267
37783,9.55343,46.68679
37784,9.55368,47.37025
37785,9.55374,46.70438
37786,9.55378,47.37035
37787,9.55384,46.70448
37788,9.55388,47.37045
37789,9.55394,46.70458
37790,9.55398,47.37055
37791,9.55404,46.70468
37792,9.55408,47.37065
37793,9.55414,46.70478
37794,9.55439,47.38823
37795,9.55444,46.72236
37796,9.55449,47.38833
37797,9.55454,46.72246
37798,9.55459,47.38843
37799,9.55464,46.72256
37800,9.55469,47.38853
37801,9.55474,46.72266
37802,9.55479,47.38863
37803,9.55484,46.72276
37804,9.55511,47.40621
37805,9.55515,46.74035
37806,9.55521,47.40631
37807,9.55525,46.74045
37808,9.55531,47.40641
37809,9.55535,46.74055
37810,9.55541,47.40651
37811,9.55545,46.74065
37812,9.55551,47.40661
37813,9.55555,46.74075
37814,9.55582,47.42419
37815,9.55585,46.75833
37816,9.55592,47.42429
37817,9.55595,46.75843
37818,9.55602,47.42439
37819,9.55605,46.75853
37820,9.55612,47.42449
37821,9.55615,46.75863
37822,9.55622,47.42459
37823,9.55625,46.75873
37824,9.55654,47.44217
37825,9.55656,46.77631
37826,9.55664,47.44227
37827,9.55666,46.77641
37828,9.55674,47.44237
37829,9.55676,46.77651
37830,9.55684,47.44247
37831,9.55686,46.77661
37832,9.55694,47.44257
37833,9.55696,46.77671
37834,9.55726,47.46016
37835,9.55727,46.7943
37836,9.55736,47.46026
37837,9.55737,46.7944
37838,9.55746,47.46036
37839,9.55747,46.7945
37840,9.55756,47.46046
37841,9.55757,46.7946
37842,9.55766,47.46056
37843,9.55767,46.7947
37844,9.55797,46.81228
37845,9.55797,47.47814
37846,9.55807,46.81238
37847,9.55807,47.47824
37848,9.55817,46.81248
37849,9.55817,47.47834
37850,9.55827,46.81258
37851,9.55827,47.47844
37852,9.55837,46.81268
37853,9.55837,47.47854
37854,9.55868,46.83027
37855,9.55869,47.49612
37856,9.55878,46.83037
37857,9.55879,47.49622
37858,9.55888,46.83047
37859,9.55889,47.49632
37860,9.55898,46.83057
37861,9.55899,47.49642
37862,9.55908,46.83067
37863,9.55909,47.49652
37864,9.55939,46.84825
37865,9.55949,46.84835
37866,9.55959,46.84845
37867,9.55969,46.84855
37868,9.55979,46.84865
37869,9.5601,46.86624
37870,9.5602,46.86634
37871,9.5603,46.86644
37872,9.5604,46.86654
37873,9.5605,46.86664
37874,9.56081,46.88422
37875,9.56091,46.88432
37876,9.56101,46.88442
37877,9.56152,46.9022
37878,9.56162,46.9023
37879,9.56172,46.9024
37880,9.56182,46.9025
37881,9.56192,46.9026
37882,9.56223,46.92019
37883,9.56233,46.92029
37884,9.56243,46.92039
37885,9.56253,46.92049
37886,9.56263,46.92059
37887,9.56294,46.93817
37888,9.56304,46.93827
37889,9.56314,46.93837
37890,9.56324,46.93847
37891,9.56334,46.93857
37892,9.56365,46.95615
37893,9.56375,46.95625
37894,9.56385,46.95635
37895,9.56395,46.95645
37896,9.56405,46.95655
37897,9.56436,46.97414
37898,9.56446,46.97424
37899,9.56456,46.97434
37900,9.56466,46.97444
37901,9.56476,46.97454
37902,9.56499,46.32621
37903,9.56508,46.99212
37904,9.56509,46.32631
37905,9.56518,46.99222
37906,9.56519,46.32641
37907,9.56528,46.99232
37908,9.56529,46.32651
37909,9.56538,46.99242
37910,9.56539,46.32661
37911,9.56548,46.99252
37912,9.5657,46.3442
37913,9.56579,47.01011
37914,9.5658,46.3443
37915,9.56589,47.01021
37916,9.5659,46.3444
37917,9.56599,47.01031
37918,9.566,46.3445
37919,9.56609,47.01041
37920,9.5661,46.3446
37921,9.56619,47.01051
37922,9.5664,46.36218
37923,9.5665,46.36228
37924,9.5665,47.02809
37925,9.5666,46.36238
37926,9.5666,47.02819
37927,9.5667,46.36248
37928,9.5668,46.36258
37929,9.56793,47.06406
37930,9.56803,47.06416
37931,9.56813,47.06426
37932,9.56865,47.08204
37933,9.56875,47.08214
37934,9.56885,47.08224
37935,9.56936,47.10002
37936,9.56946,47.10012
37937,9.56956,47.10022
37938,9.56966,47.10032
37939,9.56976,47.10042
37940,9.56993,46.45211
37941,9.57003,46.45221
37942,9.57008,47.11801
37943,9.57013,46.45231
37944,9.57018,47.11811
37945,9.57023,46.45241
37946,9.57028,47.11821
37947,9.57033,46.45251
37948,9.57038,47.11831
37949,9.57048,47.11841
37950,9.57079,47.13599
37951,9.57151,47.15397
37952,9.57205,46.50606
37953,9.57215,46.50616
37954,9.57223,47.17195
37955,9.57225,46.50626
37956,9.57295,47.18994
37957,9.57305,47.19004
37958,9.57315,47.19014
37959,9.57325,47.19024
37960,9.57366,47.20792
37961,9.57376,47.20802
37962,9.57386,47.20812
37963,9.57396,47.20822
37964,9.57406,47.20832
37965,9.57438,47.2259
37966,9.57448,47.226
37967,9.57458,47.2261
37968,9.57468,47.2262
37969,9.57478,47.2263
37970,9.57489,46.578
37971,9.57499,46.5781
37972,9.57509,46.5782
37973,9.5751,47.24388
37974,9.57519,46.5783
37975,9.5752,47.24398
37976,9.57529,46.5784
37977,9.5753,47.24408
37978,9.5756,46.59598
37979,9.5757,46.59608
37980,9.5758,46.59618
37981,9.5759,46.59628
37982,9.576,46.59638
37983,9.57631,46.61397
37984,9.57641,46.61407
37985,9.57651,46.61417
37986,9.57661,46.61427
37987,9.57671,46.61437
37988,9.57703,46.63195
37989,9.57713,46.63205
37990,9.57723,46.63215
37991,9.57726,47.29783
37992,9.57733,46.63225
37993,9.57736,47.29793
37994,9.57743,46.63235
37995,9.57746,47.29803
37996,9.57756,47.29813
37997,9.57774,46.64994
37998,9.57784,46.65004
37999,9.57794,46.65014
38000,9.57798,47.31581
38001,9.57804,46.65024
38002,9.57808,47.31591
38003,9.57814,46.65034
38004,9.57818,47.31601
38005,9.57828,47.31611
38006,9.57838,47.31621
38007,9.57845,46.66792
38008,9.57855,46.66802
38009,9.57865,46.66812
38010,9.57871,47.3338
38011,9.57875,46.66822
38012,9.57881,47.3339
38013,9.57885,46.66832
38014,9.57891,47.334
38015,9.57901,47.3341
38016,9.57911,47.3342
38017,9.57916,46.6859
38018,9.57926,46.686
38019,9.57936,46.6861
38020,9.57943,47.35178
38021,9.57946,46.6862
38022,9.57953,47.35188
38023,9.57956,46.6863
38024,9.57963,47.35198
38025,9.57973,47.35208
38026,9.57983,47.35218
38027,9.58015,47.36976
38028,9.58025,47.36986
38029,9.58035,47.36996
38030,9.58045,47.37006
38031,9.58055,47.37016
38032,9.58059,46.72187
38033,9.58069,46.72197
38034,9.58079,46.72207
38035,9.58087,47.38774
38036,9.58097,47.38784
38037,9.58107,47.38794
38038,9.58117,47.38804
38039,9.58127,47.38814
38040,9.58131,46.73986
38041,9.58141,46.73996
38042,9.58151,46.74006
38043,9.5816,47.40572
38044,9.58161,46.74016
38045,9.5817,47.40582
38046,9.5818,47.40592
38047,9.5819,47.40602
38048,9.582,47.40612
38049,9.58202,46.75784
38050,9.58212,46.75794
38051,9.58222,46.75804
38052,9.58232,46.75814
38053,9.58232,47.4237
38054,9.58242,46.75824
38055,9.58242,47.4238
38056,9.58252,47.4239
38057,9.58262,47.424
38058,9.58272,47.4241
38059,9.58274,46.77583
38060,9.58284,46.77593
38061,9.58294,46.77603
38062,9.58304,46.77613
38063,9.58305,47.44169
38064,9.58314,46.77623
38065,9.58315,47.44179
38066,9.58325,47.44189
38067,9.58335,47.44199
38068,9.58345,46.79381
38069,9.58345,47.44209
38070,9.58355,46.79391
38071,9.58365,46.79401
38072,9.58377,47.45967
38073,9.58387,47.45977
38074,9.58397,47.45987
38075,9.58407,47.45997
38076,9.58417,46.81179
38077,9.58417,47.46007
38078,9.58427,46.81189
38079,9.58437,46.81199
38080,9.58447,46.81209
38081,9.5845,47.47765
38082,9.58457,46.81219
38083,9.5846,47.47775
38084,9.5847,47.47785
38085,9.5848,47.47795
38086,9.58489,46.82978
38087,9.5849,47.47805
38088,9.58499,46.82988
38089,9.58509,46.82998
38090,9.58519,46.83008
38091,9.58529,46.83018
38092,9.5856,46.84776
38093,9.5857,46.84786
38094,9.5858,46.84796
38095,9.5859,46.84806
38096,9.586,46.84816
38097,9.58632,46.86575
38098,9.58704,46.88373
38099,9.58714,46.88383
38100,9.58776,46.90171
38101,9.58786,46.90181
38102,9.58796,46.90191
38103,9.58806,46.90201
38104,9.58816,46.90211
38105,9.58848,46.9197
38106,9.58858,46.9198
38107,9.58868,46.9199
38108,9.58878,46.92
38109,9.58888,46.9201
38110,9.5892,46.93768
38111,9.5893,46.93778
38112,9.5894,46.93788
38113,9.5895,46.93798
38114,9.5896,46.93808
38115,9.58992,46.95566
38116,9.59002,46.95576
38117,9.59012,46.95586
38118,9.59022,46.95596
38119,9.59024,46.30774
38120,9.59032,46.95606
38121,9.59064,46.97365
38122,9.59074,46.97375
38123,9.59084,46.97385
38124,9.59094,46.97395
38125,9.59095,46.32572
38126,9.59104,46.97405
38127,9.59136,46.99163
38128,9.59146,46.99173
38129,9.59156,46.99183
38130,9.59166,46.34371
38131,9.59166,46.99193
38132,9.59176,46.34381
38133,9.59176,46.99203
38134,9.59186,46.34391
38135,9.59196,46.34401
38136,9.59206,46.34411
38137,9.59208,47.00961
38138,9.59218,47.00971
38139,9.59228,47.00981
38140,9.59238,46.36169
38141,9.59248,46.36179
38142,9.59258,46.36189
38143,9.59268,46.36199
38144,9.59278,46.36209
38145,9.5928,47.0276
38146,9.5929,47.0277
38147,9.593,47.0278
38148,9.5931,47.0279
38149,9.5932,47.028
38150,9.59497,47.08155
38151,9.59507,47.08165
38152,9.59517,47.08175
38153,9.59524,46.43363
38154,9.59527,47.08185
38155,9.59534,46.43373
38156,9.59537,47.08195
38157,9.5957,47.09953
38158,9.5958,47.09963
38159,9.5959,47.09973
38160,9.596,47.09983
38161,9.5961,47.09993
38162,9.59642,47.11751
38163,9.59652,47.11761
38164,9.59662,47.11771
38165,9.59672,47.11781
38166,9.59682,47.11791
38167,9.59715,47.1355
38168,9.59725,47.1356
38169,9.59735,47.1357
38170,9.5981,46.50557
38171,9.5982,46.50567
38172,9.5983,46.50577
38173,9.5984,46.50587
38174,9.5985,46.50597
38175,9.59882,46.52355
38176,9.59892,46.52365
38177,9.59902,46.52375
38178,9.59912,46.52385
38179,9.60025,46.55952
38180,9.60035,46.55962
38181,9.60045,46.55972
38182,9.60097,46.57751
38183,9.60107,46.57761
38184,9.60117,46.57771
38185,9.60127,46.57781
38186,9.60137,46.57791
38187,9.60169,46.59549
38188,9.60179,46.59559
38189,9.60189,46.59569
38190,9.60199,46.59579
38191,9.60209,46.59589
38192,9.60241,46.61347
38193,9.60251,46.61357
38194,9.60261,46.61367
38195,9.60271,46.61377
38196,9.60281,46.61387
38197,9.60313,46.63146
38198,9.60385,46.64944
38199,9.60395,46.64954
38200,9.60405,46.64964
38201,9.60458,46.66743
38202,9.60468,46.66753
38203,9.60478,46.66763
38204,9.60488,46.66773
38205,9.60498,46.66783
38206,9.60516,47.3333
38207,9.60526,47.3334
38208,9.6053,46.68541
38209,9.60536,47.3335
38210,9.6054,46.68551
38211,9.60546,47.3336
38212,9.6055,46.68561
38213,9.60556,47.3337
38214,9.6056,46.68571
38215,9.6057,46.68581
38216,9.60589,47.35128
38217,9.60599,47.35138
38218,9.60609,47.35148
38219,9.60619,47.35158
38220,9.60629,47.35168
38221,9.60662,47.36927
38222,9.60672,47.36937
38223,9.60682,47.36947
38224,9.60692,47.36957
38225,9.60702,47.36967
38226,9.60735,47.38725
38227,9.60745,47.38735
38228,9.60747,46.73936
38229,9.60755,47.38745
38230,9.60757,46.73946
38231,9.60765,47.38755
38232,9.60767,46.73956
38233,9.60775,47.38765
38234,9.60808,47.40523
38235,9.60818,47.40533
38236,9.60819,46.75735
38237,9.60828,47.40543
38238,9.60829,46.75745
38239,9.60838,47.40553
38240,9.60839,46.75755
38241,9.60848,47.40563
38242,9.60882,47.42321
38243,9.60891,46.77533
38244,9.60892,47.42331
38245,9.60901,46.77543
38246,9.60902,47.42341
38247,9.60911,46.77553
38248,9.60912,47.42351
38249,9.60921,46.77563
38250,9.60922,47.42361
38251,9.60931,46.77573
38252,9.60955,47.44119
38253,9.60964,46.79331
38254,9.60965,47.44129
38255,9.60974,46.79341
38256,9.60975,47.44139
38257,9.60984,46.79351
38258,9.60985,47.44149
38259,9.60994,46.79361
38260,9.60995,47.44159
38261,9.61004,46.79371
38262,9.61028,47.45917
38263,9.61036,46.8113
38264,9.61038,47.45927
38265,9.61046,46.8114
38266,9.61048,47.45937
38267,9.61056,46.8115
38268,9.61058,47.45947
38269,9.61066,46.8116
38270,9.61068,47.45957
38271,9.61076,46.8117
38272,9.61109,46.82928
38273,9.61119,46.82938
38274,9.61129,46.82948
38275,9.61139,46.82958
38276,9.61149,46.82968
38277,9.61182,46.84727
38278,9.61192,46.84737
38279,9.61202,46.84747
38280,9.61212,46.84757
38281,9.61222,46.84767
38282,9.61254,46.86525
38283,9.61264,46.86535
38284,9.61274,46.86545
38285,9.61327,46.88323
38286,9.61337,46.88333
38287,9.614,46.90122
38288,9.6141,46.90132
38289,9.61472,46.9192
38290,9.61482,46.9193
38291,9.61492,46.9194
38292,9.61502,46.9195
38293,9.61512,46.9196
38294,9.61545,46.93718
38295,9.61555,46.93728
38296,9.61565,46.93738
38297,9.61575,46.93748
38298,9.61585,46.93758
38299,9.61618,46.95517
38300,9.61619,46.30724
38301,9.61628,46.95527
38302,9.61638,46.95537
38303,9.61648,46.95547
38304,9.61658,46.95557
38305,9.61691,46.97315
38306,9.61701,46.97325
38307,9.61711,46.97335
38308,9.61721,46.97345
38309,9.61731,46.97355
38310,9.61763,46.34321
38311,9.61764,46.99113
38312,9.61773,46.34331
38313,9.61774,46.99123
38314,9.61783,46.34341
38315,9.61784,46.99133
38316,9.61793,46.34351
38317,9.61794,46.99143
38318,9.61803,46.34361
38319,9.61804,46.99153
38320,9.61835,46.36119
38321,9.61837,47.00912
38322,9.61845,46.36129
38323,9.61847,47.00922
38324,9.61855,46.36139
38325,9.61857,47.00932
38326,9.61865,46.36149
38327,9.61867,47.00942
38328,9.61875,46.36159
38329,9.61877,47.00952
38330,9.61908,46.37918
38331,9.6191,47.0271
38332,9.61918,46.37928
38333,9.6192,47.0272
38334,9.6198,46.39716
38335,9.61983,47.04508
38336,9.6199,46.39726
38337,9.61993,47.04518
38338,9.62003,47.04528
38339,9.62013,47.04538
38340,9.62023,47.04548
38341,9.62057,47.06307
38342,9.62197,46.45112
38343,9.62203,47.09903
38344,9.62207,46.45122
38345,9.62213,47.09913
38346,9.62217,46.45132
38347,9.62223,47.09923
38348,9.62233,47.09933
38349,9.62243,47.09943
38350,9.62342,46.48708
38351,9.6235,47.135
38352,9.62352,46.48718
38353,9.6236,47.1351
38354,9.62362,46.48728
38355,9.6237,47.1352
38356,9.62372,46.48738
38357,9.6238,47.1353
38358,9.62415,46.50507
38359,9.62425,46.50517
38360,9.62435,46.50527
38361,9.62445,46.50537
38362,9.62455,46.50547
38363,9.62487,46.52305
38364,9.62497,46.52315
38365,9.62507,46.52325
38366,9.62517,46.52335
38367,9.62527,46.52345
38368,9.6256,46.54104
38369,9.6257,46.54114
38370,9.6258,46.54124
38371,9.6259,46.54134
38372,9.626,46.54144
38373,9.62633,46.55902
38374,9.62643,46.55912
38375,9.62653,46.55922
38376,9.62663,46.55932
38377,9.62673,46.55942
38378,9.62705,46.57701
38379,9.62715,46.57711
38380,9.62725,46.57721
38381,9.62735,46.57731
38382,9.62745,46.57741
38383,9.62778,46.59499
38384,9.62788,46.59509
38385,9.62798,46.59519
38386,9.62808,46.59529
38387,9.62818,46.59539
38388,9.62924,46.63096
38389,9.62934,46.63106
38390,9.6307,46.66693
38391,9.6308,46.66703
38392,9.6309,46.66713
38393,9.631,46.66723
38394,9.6311,46.66733
38395,9.63143,46.68491
38396,9.63153,46.68501
38397,9.63163,46.68511
38398,9.63173,46.68521
38399,9.63183,46.68531
38400,9.63216,46.70289
38401,9.63226,46.70299
38402,9.63236,46.70309
38403,9.63246,46.70319
38404,9.63256,46.70329
38405,9.63309,47.36877
38406,9.63319,47.36887
38407,9.63329,47.36897
38408,9.63339,47.36907
38409,9.63349,47.36917
38410,9.63362,46.73886
38411,9.63383,47.38675
38412,9.63393,47.38685
38413,9.63403,47.38695
38414,9.63413,47.38705
38415,9.63423,47.38715
38416,9.63457,47.40473
38417,9.63467,47.40483
38418,9.63477,47.40493
38419,9.63487,47.40503
38420,9.63497,47.40513
38421,9.63509,46.77483
38422,9.63519,46.77493
38423,9.63529,46.77503
38424,9.63531,47.42271
38425,9.63541,47.42281
38426,9.63551,47.42291
38427,9.63561,47.42301
38428,9.63571,47.42311
38429,9.63582,46.79281
38430,9.63592,46.79291
38431,9.63602,46.79301
38432,9.63605,47.44069
38433,9.63612,46.79311
38434,9.63615,47.44079
38435,9.63622,46.79321
38436,9.63625,47.44089
38437,9.63635,47.44099
38438,9.63645,47.44109
38439,9.63656,46.8108
38440,9.63666,46.8109
38441,9.63676,46.811
38442,9.6368,47.45867
38443,9.63686,46.8111
38444,9.6369,47.45877
38445,9.63696,46.8112
38446,9.637,47.45887
38447,9.6371,47.45897
38448,9.6372,47.45907
38449,9.63729,46.82878
38450,9.63739,46.82888
38451,9.63749,46.82898
38452,9.63759,46.82908
38453,9.63769,46.82918
38454,9.63803,46.84676
38455,9.63813,46.84686
38456,9.63823,46.84696
38457,9.63833,46.84706
38458,9.63843,46.84716
38459,9.64023,46.90072
38460,9.64033,46.90082
38461,9.64043,46.90092
38462,9.64097,46.9187
38463,9.64107,46.9188
38464,9.64117,46.9189
38465,9.64127,46.919
38466,9.64137,46.9191
38467,9.64171,46.93668
38468,9.64181,46.93678
38469,9.64191,46.93688
38470,9.64201,46.93698
38471,9.64211,46.93708
38472,9.64245,46.95467
38473,9.64255,46.95477
38474,9.64265,46.95487
38475,9.64275,46.95497
38476,9.64285,46.95507
38477,9.64287,46.32472
38478,9.64318,46.97265
38479,9.64328,46.97275
38480,9.64338,46.97285
38481,9.64348,46.97295
38482,9.64358,46.97305
38483,9.6436,46.34271
38484,9.64392,46.99063
38485,9.64402,46.99073
38486,9.64412,46.99083
38487,9.64422,46.99093
38488,9.64432,46.99103
38489,9.64433,46.36069
38490,9.64443,46.36079
38491,9.64453,46.36089
38492,9.64463,46.36099
38493,9.64466,47.00861
38494,9.64473,46.36109
38495,9.64476,47.00871
38496,9.64486,47.00881
38497,9.64496,47.00891
38498,9.64506,46.37868
38499,9.64506,47.00901
38500,9.64516,46.37878
38501,9.6454,47.0266
38502,9.6455,47.0267
38503,9.6456,47.0268
38504,9.6457,47.0269
38505,9.64579,46.39666
38506,9.6458,47.027
38507,9.64589,46.39676
38508,9.64599,46.39686
38509,9.64614,47.04458
38510,9.64624,47.04468
38511,9.64634,47.04478
38512,9.64653,46.41464
38513,9.64663,46.41474
38514,9.64799,46.45061
38515,9.64809,46.45071
38516,9.64819,46.45081
38517,9.64829,46.45091
38518,9.64839,46.45101
38519,9.64872,46.4686
38520,9.64882,46.4687
38521,9.64892,46.4688
38522,9.64902,46.4689
38523,9.64912,46.469
38524,9.64946,46.48658
38525,9.64956,46.48668
38526,9.64966,46.48678
38527,9.64976,46.48688
38528,9.64986,46.48698
38529,9.65019,46.50456
38530,9.65029,46.50466
38531,9.65093,46.52255
38532,9.65103,46.52265
38533,9.65113,46.52275
38534,9.65123,46.52285
38535,9.65133,46.52295
38536,9.65166,46.54053
38537,9.65176,46.54063
38538,9.65186,46.54073
38539,9.65196,46.54083
38540,9.65206,46.54093
38541,9.6524,46.55852
38542,9.6525,46.55862
38543,9.6526,46.55872
38544,9.6527,46.55882
38545,9.6528,46.55892
38546,9.65313,46.5765
38547,9.65323,46.5766
38548,9.65333,46.5767
38549,9.65343,46.5768
38550,9.65353,46.5769
38551,9.65387,46.59449
38552,9.65397,46.59459
38553,9.65407,46.59469
38554,9.65417,46.59479
38555,9.65427,46.59489
38556,9.65682,46.66642
38557,9.65692,46.66652
38558,9.65702,46.66662
38559,9.65712,46.66672
38560,9.65722,46.66682
38561,9.65756,46.6844
38562,9.65766,46.6845
38563,9.65776,46.6846
38564,9.65786,46.6847
38565,9.65796,46.6848
38566,9.6583,46.70239
38567,9.6584,46.70249
38568,9.6585,46.70259
38569,9.6586,46.70269
38570,9.6587,46.70279
38571,9.65955,47.36826
38572,9.65965,47.36836
38573,9.65975,47.36846
38574,9.65985,47.36856
38575,9.65995,47.36866
38576,9.6603,47.38624
38577,9.6604,47.38634
38578,9.6605,47.38644
38579,9.6606,47.38654
38580,9.6607,47.38664
38581,9.66105,47.40422
38582,9.66115,47.40432
38583,9.66125,47.40442
38584,9.66127,46.77432
38585,9.66135,47.40452
38586,9.66137,46.77442
38587,9.66145,47.40462
38588,9.66147,46.77452
38589,9.66157,46.77462
38590,9.66167,46.77472
38591,9.66201,46.79231
38592,9.66211,46.79241
38593,9.66221,46.79251
38594,9.66231,46.79261
38595,9.66241,46.79271
38596,9.66256,47.44018
38597,9.66266,47.44028
38598,9.66275,46.81029
38599,9.66276,47.44038
38600,9.66285,46.81039
38601,9.66286,47.44048
38602,9.66295,46.81049
38603,9.66296,47.44058
38604,9.66305,46.81059
38605,9.66331,47.45816
38606,9.66341,47.45826
38607,9.66349,46.82827
38608,9.66351,47.45836
38609,9.66359,46.82837
38610,9.66361,47.45846
38611,9.66369,46.82847
38612,9.66371,47.45856
38613,9.66379,46.82857
38614,9.66389,46.82867
38615,9.66424,46.84626
38616,9.66434,46.84636
38617,9.66444,46.84646
38618,9.66454,46.84656
38619,9.66464,46.84666
38620,9.66573,46.88222
38621,9.66583,46.88232
38622,9.66593,46.88242
38623,9.66647,46.90021
38624,9.66657,46.90031
38625,9.66722,46.91819
38626,9.66732,46.91829
38627,9.66742,46.91839
38628,9.66752,46.91849
38629,9.66762,46.91859
38630,9.66796,46.93617
38631,9.66806,46.93627
38632,9.66816,46.93637
38633,9.66826,46.93647
38634,9.66836,46.93657
38635,9.66871,46.95416
38636,9.66881,46.95426
38637,9.66891,46.95436
38638,9.66901,46.95446
38639,9.66911,46.95456
38640,9.66946,46.97214
38641,9.66956,46.97224
38642,9.66966,46.97234
38643,9.66976,46.97244
38644,9.66986,46.97254
38645,9.6702,46.99012
38646,9.6703,46.99022
38647,9.67031,46.36018
38648,9.6704,46.99032
38649,9.67041,46.36028
38650,9.6705,46.99042
38651,9.67051,46.36038
38652,9.6706,46.99052
38653,9.67095,47.00811
38654,9.67105,46.37817
38655,9.67105,47.00821
38656,9.67115,46.37827
38657,9.67115,47.00831
38658,9.67125,46.37837
38659,9.67125,47.00841
38660,9.67135,46.37847
38661,9.67135,47.00851
38662,9.67145,46.37857
38663,9.6717,47.02609
38664,9.67179,46.39615
38665,9.6718,47.02619
38666,9.67189,46.39625
38667,9.6719,47.02629
38668,9.67199,46.39635
38669,9.67209,46.39645
38670,9.67219,46.39655
38671,9.67245,47.04407
38672,9.67255,47.04417
38673,9.67265,47.04427
38674,9.67275,47.04437
38675,9.67285,47.04447
38676,9.67475,46.46809
38677,9.67485,46.46819
38678,9.67495,46.46829
38679,9.67505,46.46839
38680,9.67515,46.46849
38681,9.67847,46.55801
38682,9.67921,46.57599
38683,9.68071,46.61196
38684,9.68145,46.62994
38685,9.68155,46.63004
38686,9.68165,46.63014
38687,9.68175,46.63024
38688,9.6822,46.64793
38689,9.6823,46.64803
38690,9.6824,46.64813
38691,9.6825,46.64823
38692,9.6826,46.64833
38693,9.68295,46.66591
38694,9.68305,46.66601
38695,9.68315,46.66611
38696,9.68325,46.66621
38697,9.68335,46.66631
38698,9.68369,46.68389
38699,9.68379,46.68399
38700,9.68389,46.68409
38701,9.68399,46.68419
38702,9.68409,46.68429
38703,9.68444,46.70188
38704,9.68454,46.70198
38705,9.68464,46.70208
38706,9.68474,46.70218
38707,9.68484,46.70228
38708,9.68519,46.71986
38709,9.68744,46.77381
38710,9.68754,46.77391
38711,9.68764,46.77401
38712,9.68774,46.77411
38713,9.68784,46.77421
38714,9.68819,46.79179
38715,9.68829,46.79189
38716,9.68839,46.79199
38717,9.68849,46.79209
38718,9.68859,46.79219
38719,9.68894,46.80978
38720,9.6897,46.82776
38721,9.6898,46.82786
38722,9.6899,46.82796
38723,9.69,46.82806
38724,9.6901,46.82816
38725,9.69045,46.84574
38726,9.69055,46.84584
38727,9.69065,46.84594
38728,9.69075,46.84604
38729,9.6912,46.86373
38730,9.6913,46.86383
38731,9.6914,46.86393
38732,9.6915,46.86403
38733,9.6916,46.86413
38734,9.69195,46.88171
38735,9.69271,46.89969
38736,9.69281,46.89979
38737,9.69291,46.89989
38738,9.69301,46.89999
38739,9.69311,46.90009
38740,9.69346,46.91768
38741,9.69356,46.91778
38742,9.69366,46.91788
38743,9.69376,46.91798
38744,9.69386,46.91808
38745,9.69422,46.93566
38746,9.69432,46.93576
38747,9.69442,46.93586
38748,9.69452,46.93596
38749,9.69462,46.93606
38750,9.69497,46.95364
38751,9.69507,46.95374
38752,9.69517,46.95384
38753,9.69527,46.95394
38754,9.69537,46.95404
38755,9.69573,46.97163
38756,9.69583,46.97173
38757,9.69593,46.97183
38758,9.69603,46.97193
38759,9.69613,46.97203
38760,9.69649,46.98961
38761,9.69659,46.98971
38762,9.69669,46.98981
38763,9.69679,46.98991
38764,9.69689,46.99001
38765,9.69703,46.37765
38766,9.69713,46.37775
38767,9.69723,46.37785
38768,9.69724,47.00759
38769,9.69734,47.00769
38770,9.69744,47.00779
38771,9.69754,47.00789
38772,9.69764,47.00799
38773,9.69778,46.39564
38774,9.69788,46.39574
38775,9.69798,46.39584
38776,9.698,47.02557
38777,9.69808,46.39594
38778,9.6981,47.02567
38779,9.69818,46.39604
38780,9.6982,47.02577
38781,9.6983,47.02587
38782,9.69853,46.41362
38783,9.69863,46.41372
38784,9.69873,46.41382
38785,9.69883,46.41392
38786,9.69893,46.41402
38787,9.70003,46.44959
38788,9.70078,46.46757
38789,9.70088,46.46767
38790,9.70098,46.46777
38791,9.70529,46.57547
38792,9.70539,46.57557
38793,9.70549,46.57567
38794,9.70831,46.64741
38795,9.70907,46.66539
38796,9.70917,46.66549
38797,9.70927,46.66559
38798,9.70937,46.66569
38799,9.70947,46.66579
38800,9.70983,46.68338
38801,9.71058,46.70136
38802,9.71068,46.70146
38803,9.71078,46.70156
38804,9.71088,46.70166
38805,9.71098,46.70176
38806,9.71134,46.71934
38807,9.71144,46.71944
38808,9.71154,46.71954
38809,9.71164,46.71964
38810,9.71174,46.71974
38811,9.7121,46.73733
38812,9.71438,46.79128
38813,9.71448,46.79138
38814,9.71458,46.79148
38815,9.71468,46.79158
38816,9.71478,46.79168
38817,9.71514,46.80926
38818,9.71524,46.80936
38819,9.71534,46.80946
38820,9.71544,46.80956
38821,9.71554,46.80966
38822,9.7159,46.82724
38823,9.716,46.82734
38824,9.7161,46.82744
38825,9.7162,46.82754
38826,9.7163,46.82764
38827,9.71666,46.84522
38828,9.71676,46.84532
38829,9.71742,46.86321
38830,9.71752,46.86331
38831,9.71762,46.86341
38832,9.71772,46.86351
38833,9.71782,46.86361
38834,9.71818,46.88119
38835,9.71828,46.88129
38836,9.71838,46.88139
38837,9.71894,46.89917
38838,9.71904,46.89927
38839,9.71914,46.89937
38840,9.71924,46.89947
38841,9.71934,46.89957
38842,9.71971,46.91716
38843,9.71981,46.91726
38844,9.71991,46.91736
38845,9.72001,46.91746
38846,9.72011,46.91756
38847,9.72047,46.93514
38848,9.72057,46.93524
38849,9.72067,46.93534
38850,9.72075,46.32318
38851,9.72077,46.93544
38852,9.72087,46.93554
38853,9.72124,46.95312
38854,9.72134,46.95322
38855,9.72144,46.95332
38856,9.72154,46.95342
38857,9.72164,46.95352
38858,9.722,46.9711
38859,9.7221,46.9712
38860,9.7222,46.9713
38861,9.72226,46.35915
38862,9.7223,46.9714
38863,9.7224,46.9715
38864,9.72277,46.98909
38865,9.72287,46.98919
38866,9.72297,46.98929
38867,9.72307,46.98939
38868,9.72317,46.98949
38869,9.72353,47.00707
38870,9.72363,47.00717
38871,9.72373,47.00727
38872,9.72383,47.00737
38873,9.72393,47.00747
38874,9.72453,46.4131
38875,9.72463,46.4132
38876,9.72473,46.4133
38877,9.72483,46.4134
38878,9.72493,46.4135
38879,9.72506,47.04303
38880,9.72529,46.43108
38881,9.72539,46.43118
38882,9.72549,46.43128
38883,9.72559,46.43138
38884,9.72569,46.43148
38885,9.72681,46.46705
38886,9.72691,46.46715
38887,9.72701,46.46725
38888,9.72909,46.521
38889,9.73366,46.6289
38890,9.73376,46.629
38891,9.73386,46.6291
38892,9.73396,46.6292
38893,9.73406,46.6293
38894,9.73443,46.64688
38895,9.73453,46.64698
38896,9.73463,46.64708
38897,9.73473,46.64718
38898,9.73483,46.64728
38899,9.73519,46.66487
38900,9.73529,46.66497
38901,9.73539,46.66507
38902,9.73549,46.66517
38903,9.73559,46.66527
38904,9.73596,46.68285
38905,9.73672,46.70083
38906,9.73682,46.70093
38907,9.73692,46.70103
38908,9.73702,46.70113
38909,9.73712,46.70123
38910,9.73749,46.71882
38911,9.73759,46.71892
38912,9.73769,46.71902
38913,9.73779,46.71912
38914,9.73789,46.71922
38915,9.73826,46.7368
38916,9.74056,46.79075
38917,9.74133,46.80873
38918,9.74143,46.80883
38919,9.74153,46.80893
38920,9.74163,46.80903
38921,9.74173,46.80913
38922,9.7421,46.82672
38923,9.7422,46.82682
38924,9.7423,46.82692
38925,9.7424,46.82702
38926,9.7425,46.82712
38927,9.74287,46.8447
38928,9.74297,46.8448
38929,9.74307,46.8449
38930,9.74317,46.845
38931,9.74327,46.8451
38932,9.74364,46.86268
38933,9.74374,46.86278
38934,9.74384,46.86288
38935,9.74394,46.86298
38936,9.74404,46.86308
38937,9.74441,46.88067
38938,9.74451,46.88077
38939,9.74461,46.88087
38940,9.74471,46.88097
38941,9.74481,46.88107
38942,9.74518,46.89865
38943,9.74528,46.89875
38944,9.74538,46.89885
38945,9.74548,46.89895
38946,9.74558,46.89905
38947,9.74595,46.91663
38948,9.74605,46.91673
38949,9.74615,46.91683
38950,9.74625,46.91693
38951,9.74635,46.91703
38952,9.74672,46.93461
38953,9.74682,46.93471
38954,9.74692,46.93481
38955,9.74702,46.93491
38956,9.74712,46.93501
38957,9.7475,46.9526
38958,9.7476,46.9527
38959,9.7477,46.9528
38960,9.7478,46.9529
38961,9.7479,46.953
38962,9.74827,46.97058
38963,9.74837,46.97068
38964,9.74847,46.97078
38965,9.74857,46.97088
38966,9.74867,46.97098
38967,9.74904,46.98856
38968,9.74914,46.98866
38969,9.74924,46.98876
38970,9.74934,46.98886
38971,9.74944,46.98896
38972,9.74982,47.00654
38973,9.74992,47.00664
38974,9.75002,47.00674
38975,9.75012,47.00684
38976,9.75022,47.00694
38977,9.75053,46.41257
38978,9.75059,47.02453
38979,9.75063,46.41267
38980,9.75073,46.41277
38981,9.75083,46.41287
38982,9.75093,46.41297
38983,9.7513,46.43055
38984,9.7514,46.43065
38985,9.7515,46.43075
38986,9.7516,46.43085
38987,9.7517,46.43095
38988,9.75283,46.46652
38989,9.75822,46.59241
38990,9.75832,46.59251
38991,9.75842,46.59261
38992,9.75852,46.59271
38993,9.75862,46.59281
38994,9.75899,46.61039
38995,9.75909,46.61049
38996,9.75919,46.61059
38997,9.75929,46.61069
38998,9.75939,46.61079
38999,9.75977,46.62837
39000,9.75987,46.62847
39001,9.75997,46.62857
39002,9.76007,46.62867
39003,9.76017,46.62877
39004,9.76054,46.64636
39005,9.76064,46.64646
39006,9.76131,46.66434
39007,9.76286,46.7003
39008,9.76364,46.71829
39009,9.76374,46.71839
39010,9.76384,46.71849
39011,9.76394,46.71859
39012,9.76404,46.71869
39013,9.76441,46.73627
39014,9.76451,46.73637
39015,9.76461,46.73647
39016,9.76471,46.73657
39017,9.76481,46.73667
39018,9.76519,46.75425
39019,9.76529,46.75435
39020,9.76539,46.75445
39021,9.76549,46.75455
39022,9.76559,46.75465
39023,9.76596,46.77224
39024,9.76606,46.77234
39025,9.76752,46.8082
39026,9.76762,46.8083
39027,9.76772,46.8084
39028,9.76782,46.8085
39029,9.76792,46.8086
39030,9.7683,46.82619
39031,9.7684,46.82629
39032,9.7685,46.82639
39033,9.7686,46.82649
39034,9.7687,46.82659
39035,9.76908,46.84417
39036,9.76918,46.84427
39037,9.76928,46.84437
39038,9.76938,46.84447
39039,9.76948,46.84457
39040,9.76985,46.86215
39041,9.76995,46.86225
39042,9.77005,46.86235
39043,9.77063,46.88013
39044,9.77141,46.89812
39045,9.77151,46.89822
39046,9.77161,46.89832
39047,9.77171,46.89842
39048,9.77181,46.89852
39049,9.7722,46.9161
39050,9.7723,46.9162
39051,9.7724,46.9163
39052,9.7725,46.9164
39053,9.7726,46.9165
39054,9.77298,46.93408
39055,9.77308,46.93418
39056,9.77318,46.93428
39057,9.77328,46.93438
39058,9.77338,46.93448
39059,9.77376,46.95206
39060,9.77386,46.95216
39061,9.77396,46.95226
39062,9.77406,46.95236
39063,9.77416,46.95246
39064,9.77454,46.97005
39065,9.77532,46.98803
39066,9.77542,46.98813
39067,9.77576,46.39405
39068,9.77586,46.39415
39069,9.77596,46.39425
39070,9.77606,46.39435
39071,9.77611,47.00601
39072,9.77616,46.39445
39073,9.77621,47.00611
39074,9.77653,46.41204
39075,9.77663,46.41214
39076,9.77673,46.41224
39077,9.77683,46.41234
39078,9.77689,47.02399
39079,9.77693,46.41244
39080,9.77699,47.02409
39081,9.77709,47.02419
39082,9.77731,46.43002
39083,9.77741,46.43012
39084,9.77751,46.43022
39085,9.77761,46.43032
39086,9.77771,46.43042
39087,9.77808,46.448
39088,9.77818,46.4481
39089,9.77828,46.4482
39090,9.77838,46.4483
39091,9.77848,46.4484
39092,9.77886,46.46599
39093,9.77896,46.46609
39094,9.77906,46.46619
39095,9.77916,46.46629
39096,9.78041,46.50195
39097,9.78051,46.50205
39098,9.78061,46.50215
39099,9.78071,46.50225
39100,9.78081,46.50235
39101,9.78119,46.51994
39102,9.78129,46.52004
39103,9.78275,46.5559
39104,9.78353,46.57389
39105,9.78431,46.59187
39106,9.78441,46.59197
39107,9.78451,46.59207
39108,9.78461,46.59217
39109,9.78471,46.59227
39110,9.78509,46.60985
39111,9.78519,46.60995
39112,9.78587,46.62784
39113,9.78597,46.62794
39114,9.78822,46.68179
39115,9.78832,46.68189
39116,9.78842,46.68199
39117,9.78852,46.68209
39118,9.78862,46.68219
39119,9.789,46.69977
39120,9.7891,46.69987
39121,9.7892,46.69997
39122,9.7893,46.70007
39123,9.7894,46.70017
39124,9.78978,46.71775
39125,9.78988,46.71785
39126,9.78998,46.71795
39127,9.79008,46.71805
39128,9.79018,46.71815
39129,9.79057,46.73573
39130,9.79067,46.73583
39131,9.79077,46.73593
39132,9.79087,46.73603
39133,9.79097,46.73613
39134,9.79135,46.75372
39135,9.79145,46.75382
39136,9.79155,46.75392
39137,9.79165,46.75402
39138,9.79175,46.75412
39139,9.79214,46.7717
39140,9.79224,46.7718
39141,9.79234,46.7719
39142,9.79244,46.772
39143,9.79254,46.7721
39144,9.79292,46.78968
39145,9.79302,46.78978
39146,9.79312,46.78988
39147,9.79371,46.80767
39148,9.79381,46.80777
39149,9.79391,46.80787
39150,9.79401,46.80797
39151,9.7945,46.82565
39152,9.7946,46.82575
39153,9.7947,46.82585
39154,9.7948,46.82595
39155,9.7949,46.82605
39156,9.79528,46.84363
39157,9.79538,46.84373
39158,9.79548,46.84383
39159,9.79607,46.86161
39160,9.79617,46.86171
39161,9.79627,46.86181
39162,9.79637,46.86191
39163,9.79686,46.8796
39164,9.79696,46.8797
39165,9.79706,46.8798
39166,9.79716,46.8799
39167,9.79726,46.88
39168,9.79765,46.89758
39169,9.79775,46.89768
39170,9.79785,46.89778
39171,9.79795,46.89788
39172,9.79805,46.89798
39173,9.79844,46.91556
39174,9.79854,46.91566
39175,9.79864,46.91576
39176,9.79874,46.91586
39177,9.79884,46.91596
39178,9.79923,46.93354
39179,9.79933,46.93364
39180,9.79943,46.93374
39181,9.79953,46.93384
39182,9.79963,46.93394
39183,9.80002,46.95152
39184,9.80012,46.95162
39185,9.80022,46.95172
39186,9.80032,46.95182
39187,9.80042,46.95192
39188,9.80081,46.96951
39189,9.80091,46.96961
39190,9.80096,46.37553
39191,9.80101,46.96971
39192,9.80111,46.96981
39193,9.80121,46.96991
39194,9.8016,46.98749
39195,9.80239,47.00547
39196,9.80249,47.00557
39197,9.80253,46.4115
39198,9.80331,46.42948
39199,9.80341,46.42958
39200,9.8041,46.44746
39201,9.8042,46.44756
39202,9.8043,46.44766
39203,9.8044,46.44776
39204,9.8045,46.44786
39205,9.80488,46.46545
39206,9.80498,46.46555
39207,9.80508,46.46565
39208,9.80518,46.46575
39209,9.80528,46.46585
39210,9.80567,46.48343
39211,9.80577,46.48353
39212,9.80587,46.48363
39213,9.80597,46.48373
39214,9.80607,46.48383
39215,9.80646,46.50141
39216,9.80656,46.50151
39217,9.80666,46.50161
39218,9.80676,46.50171
39219,9.80686,46.50181
39220,9.80724,46.5194
39221,9.80734,46.5195
39222,9.80744,46.5196
39223,9.80803,46.53738
39224,9.80882,46.55536
39225,9.80961,46.57335
39226,9.80971,46.57345
39227,9.80981,46.57355
39228,9.80991,46.57365
39229,9.81001,46.57375
39230,9.81276,46.64528
39231,9.81286,46.64538
39232,9.81296,46.64548
39233,9.81306,46.64558
39234,9.81316,46.64568
39235,9.81672,46.73519
39236,9.81682,46.73529
39237,9.81752,46.75317
39238,9.81762,46.75327
39239,9.81772,46.75337
39240,9.81782,46.75347
39241,9.81792,46.75357
39242,9.81831,46.77116
39243,9.81841,46.77126
39244,9.81851,46.77136
39245,9.81861,46.77146
39246,9.81871,46.77156
39247,9.81911,46.78914
39248,9.81921,46.78924
39249,9.81931,46.78934
39250,9.81941,46.78944
39251,9.81951,46.78954
39252,9.8199,46.80712
39253,9.82,46.80722
39254,9.8201,46.80732
39255,9.8202,46.80742
39256,9.8203,46.80752
39257,9.8207,46.8251
39258,9.8208,46.8252
39259,9.8209,46.8253
39260,9.82149,46.84309
39261,9.82159,46.84319
39262,9.82169,46.84329
39263,9.82179,46.84339
39264,9.82189,46.84349
39265,9.82229,46.86107
39266,9.82239,46.86117
39267,9.82249,46.86127
39268,9.82259,46.86137
39269,9.82309,46.87905
39270,9.82319,46.87915
39271,9.82329,46.87925
39272,9.82339,46.87935
39273,9.82349,46.87945
39274,9.82388,46.89703
39275,9.82398,46.89713
39276,9.82408,46.89723
39277,9.82418,46.89733
39278,9.82428,46.89743
39279,9.82468,46.91502
39280,9.82478,46.91512
39281,9.82488,46.91522
39282,9.82498,46.91532
39283,9.82508,46.91542
39284,9.82548,46.933
39285,9.82558,46.9331
39286,9.82568,46.9332
39287,9.82578,46.9333
39288,9.82588,46.9334
39289,9.82628,46.95098
39290,9.82638,46.95108
39291,9.82648,46.95118
39292,9.82658,46.95128
39293,9.82668,46.95138
39294,9.82695,46.37499
39295,9.82708,46.96896
39296,9.82718,46.96906
39297,9.82728,46.96916
39298,9.82738,46.96926
39299,9.82748,46.96936
39300,9.82788,46.98694
39301,9.82798,46.98704
39302,9.82808,46.98714
39303,9.82818,46.98724
39304,9.82828,46.98734
39305,9.82853,46.41095
39306,9.82868,47.00493
39307,9.82878,47.00503
39308,9.82888,47.00513
39309,9.82932,46.42894
39310,9.82942,46.42904
39311,9.82952,46.42914
39312,9.82962,46.42924
39313,9.82972,46.42934
39314,9.83011,46.44692
39315,9.83091,46.4649
39316,9.8317,46.48289
39317,9.8318,46.48299
39318,9.8319,46.48309
39319,9.832,46.48319
39320,9.8321,46.48329
39321,9.8325,46.50087
39322,9.8326,46.50097
39323,9.8327,46.50107
39324,9.8328,46.50117
39325,9.8329,46.50127
39326,9.83329,46.51885
39327,9.83339,46.51895
39328,9.83349,46.51905
39329,9.83359,46.51915
39330,9.83369,46.51925
39331,9.83489,46.55482
39332,9.83499,46.55492
39333,9.83509,46.55502
39334,9.83519,46.55512
39335,9.83529,46.55522
39336,9.83648,46.59078
39337,9.83658,46.59088
39338,9.83668,46.59098
39339,9.83808,46.62675
39340,9.83818,46.62685
39341,9.83887,46.64473
39342,9.83897,46.64483
39343,9.83907,46.64493
39344,9.83917,46.64503
39345,9.83927,46.64513
39346,9.84208,46.71666
39347,9.84218,46.71676
39348,9.84228,46.71686
39349,9.84238,46.71696
39350,9.84248,46.71706
39351,9.84288,46.73464
39352,9.84298,46.73474
39353,9.84308,46.73484
39354,9.84318,46.73494
39355,9.84328,46.73504
39356,9.84368,46.75263
39357,9.84378,46.75273
39358,9.84388,46.75283
39359,9.84398,46.75293
39360,9.84408,46.75303
39361,9.84448,46.77061
39362,9.84458,46.77071
39363,9.84468,46.77081
39364,9.84478,46.77091
39365,9.84488,46.77101
39366,9.84529,46.78859
39367,9.84539,46.78869
39368,9.84549,46.78879
39369,9.84559,46.78889
39370,9.84569,46.78899
39371,9.84609,46.80657
39372,9.84619,46.80667
39373,9.84629,46.80677
39374,9.84639,46.80687
39375,9.84649,46.80697
39376,9.84689,46.82456
39377,9.84699,46.82466
39378,9.84709,46.82476
39379,9.84719,46.82486
39380,9.84729,46.82496
39381,9.8477,46.84254
39382,9.8478,46.84264
39383,9.8479,46.84274
39384,9.848,46.84284
39385,9.8481,46.84294
39386,9.8485,46.86052
39387,9.8486,46.86062
39388,9.8487,46.86072
39389,9.8488,46.86082
39390,9.8489,46.86092
39391,9.84931,46.8785
39392,9.84941,46.8786
39393,9.84951,46.8787
39394,9.84961,46.8788
39395,9.84971,46.8789
39396,9.85012,46.89648
39397,9.85022,46.89658
39398,9.85032,46.89668
39399,9.85042,46.89678
39400,9.85052,46.89688
39401,9.85092,46.91447
39402,9.85254,46.95043
39403,9.85264,46.95053
39404,9.85274,46.95063
39405,9.85284,46.95073
39406,9.85294,46.95083
39407,9.85335,46.96841
39408,9.85345,46.96851
39409,9.85355,46.96861
39410,9.85365,46.96871
39411,9.85375,46.96881
39412,9.85416,46.98639
39413,9.85426,46.98649
39414,9.85436,46.98659
39415,9.85446,46.98669
39416,9.85456,46.98679
39417,9.85497,47.00437
39418,9.85507,47.00447
39419,9.85517,47.00457
39420,9.85527,47.00467
39421,9.85533,46.42839
39422,9.85537,47.00477
39423,9.85543,46.42849
39424,9.85553,46.42859
39425,9.85613,46.44637
39426,9.85623,46.44647
39427,9.85633,46.44657
39428,9.85643,46.44667
39429,9.85774,46.48233
39430,9.85784,46.48243
39431,9.85794,46.48253
39432,9.85804,46.48263
39433,9.85814,46.48273
39434,9.85854,46.50032
39435,9.85864,46.50042
39436,9.85874,46.50052
39437,9.85884,46.50062
39438,9.85894,46.50072
39439,9.85934,46.5183
39440,9.85944,46.5184
39441,9.85954,46.5185
39442,9.85964,46.5186
39443,9.85974,46.5187
39444,9.86015,46.53628
39445,9.86025,46.53638
39446,9.86035,46.53648
39447,9.86045,46.53658
39448,9.86055,46.53668
39449,9.86095,46.55426
39450,9.86105,46.55436
39451,9.86115,46.55446
39452,9.86499,46.64418
39453,9.86741,46.69812
39454,9.86984,46.75207
39455,9.87065,46.77005
39456,9.87075,46.77015
39457,9.87085,46.77025
39458,9.87095,46.77035
39459,9.87105,46.77045
39460,9.87147,46.78804
39461,9.87157,46.78814
39462,9.87167,46.78824
39463,9.87177,46.78834
39464,9.87187,46.78844
39465,9.87228,46.80602
39466,9.87238,46.80612
39467,9.87248,46.80622
39468,9.87258,46.80632
39469,9.87268,46.80642
39470,9.87309,46.824
39471,9.87319,46.8241
39472,9.87329,46.8242
39473,9.87339,46.8243
39474,9.87349,46.8244
39475,9.87391,46.84198
39476,9.87401,46.84208
39477,9.87411,46.84218
39478,9.87421,46.84228
39479,9.87431,46.84238
39480,9.87472,46.85996
39481,9.87482,46.86006
39482,9.87492,46.86016
39483,9.87502,46.86026
39484,9.87512,46.86036
39485,9.87553,46.87795
39486,9.87563,46.87805
39487,9.87573,46.87815
39488,9.87583,46.87825
39489,9.87593,46.87835
39490,9.87635,46.89593
39491,9.87645,46.89603
39492,9.87655,46.89613
39493,9.87665,46.89623
39494,9.87675,46.89633
39495,9.87717,46.91391
39496,9.87727,46.91401
39497,9.87737,46.91411
39498,9.87747,46.91421
39499,9.87798,46.93189
39500,9.88053,46.40985
39501,9.88296,46.46379
39502,9.88306,46.46389
39503,9.88377,46.48178
39504,9.88387,46.48188
39505,9.88397,46.48198
39506,9.88407,46.48208
39507,9.88417,46.48218
39508,9.88458,46.49976
39509,9.88468,46.49986
39510,9.88478,46.49996
39511,9.88488,46.50006
39512,9.88498,46.50016
39513,9.88539,46.51774
39514,9.88549,46.51784
39515,9.88559,46.51794
39516,9.88569,46.51804
39517,9.88579,46.51814
39518,9.88621,46.53572
39519,9.88631,46.53582
39520,9.88641,46.53592
39521,9.88651,46.53602
39522,9.88661,46.53612
39523,9.88702,46.55371
39524,9.88712,46.55381
39525,9.88722,46.55391
39526,9.88732,46.55401
39527,9.88742,46.55411
39528,9.88865,46.58967
39529,9.88875,46.58977
39530,9.88946,46.60765
39531,9.89519,46.73353
39532,9.89529,46.73363
39533,9.89539,46.73373
39534,9.89601,46.75151
39535,9.89611,46.75161
39536,9.89621,46.75171
39537,9.89631,46.75181
39538,9.89641,46.75191
39539,9.89683,46.76949
39540,9.89693,46.76959
39541,9.89703,46.76969
39542,9.89713,46.76979
39543,9.89723,46.76989
39544,9.89765,46.78747
39545,9.89775,46.78757
39546,9.89785,46.78767
39547,9.89795,46.78777
39548,9.89805,46.78787
39549,9.89847,46.80546
39550,9.89857,46.80556
39551,9.89867,46.80566
39552,9.89877,46.80576
39553,9.89887,46.80586
39554,9.89929,46.82344
39555,9.89939,46.82354
39556,9.90011,46.84142
39557,9.90093,46.8594
39558,9.90103,46.8595
39559,9.90113,46.8596
39560,9.90123,46.8597
39561,9.90133,46.8598
39562,9.90176,46.87738
39563,9.90186,46.87748
39564,9.90196,46.87758
39565,9.90206,46.87768
39566,9.90216,46.87778
39567,9.90258,46.89537
39568,9.90268,46.89547
39569,9.90341,46.91335
39570,9.90351,46.91345
39571,9.90361,46.91355
39572,9.90371,46.91365
39573,9.90381,46.91375
39574,9.90423,46.93133
39575,9.9098,46.48121
39576,9.9099,46.48131
39577,9.91,46.48141
39578,9.9101,46.48151
39579,9.9102,46.48161
39580,9.91062,46.49919
39581,9.91072,46.49929
39582,9.91082,46.49939
39583,9.91092,46.49949
39584,9.91102,46.49959
39585,9.91144,46.51718
39586,9.91154,46.51728
39587,9.91164,46.51738
39588,9.91174,46.51748
39589,9.91184,46.51758
39590,9.91226,46.53516
39591,9.91309,46.55314
39592,9.91319,46.55324
39593,9.91329,46.55334
39594,9.91339,46.55344
39595,9.91349,46.55354
39596,9.91391,46.57112
39597,9.91401,46.57122
39598,9.91411,46.57132
39599,9.91421,46.57142
39600,9.91431,46.57152
39601,9.91473,46.58911
39602,9.91483,46.58921
39603,9.91493,46.58931
39604,9.91503,46.58941
39605,9.91513,46.58951
39606,9.91556,46.60709
39607,9.91566,46.60719
39608,9.91886,46.67902
39609,9.92051,46.71498
39610,9.92061,46.71508
39611,9.92071,46.71518
39612,9.92081,46.71528
39613,9.92091,46.71538
39614,9.92134,46.73296
39615,9.92144,46.73306
39616,9.92154,46.73316
39617,9.92164,46.73326
39618,9.92174,46.73336
39619,9.92383,46.78691
39620,9.92393,46.78701
39621,9.92403,46.78711
39622,9.92413,46.78721
39623,9.92423,46.78731
39624,9.92466,46.80489
39625,9.92476,46.80499
39626,9.92486,46.80509
39627,9.92496,46.80519
39628,9.92549,46.82287
39629,9.92632,46.84085
39630,9.92715,46.85883
39631,9.92725,46.85893
39632,9.92735,46.85903
39633,9.92745,46.85913
39634,9.92755,46.85923
39635,9.92881,46.8948
39636,9.92965,46.91278
39637,9.92975,46.91288
39638,9.92985,46.91298
39639,9.93417,46.44468
39640,9.93427,46.44478
39641,9.93437,46.44488
39642,9.935,46.46266
39643,9.9351,46.46276
39644,9.9352,46.46286
39645,9.9353,46.46296
39646,9.9354,46.46306
39647,9.93998,46.57055
39648,9.94008,46.57065
39649,9.94018,46.57075
39650,9.94028,46.57085
39651,9.94038,46.57095
39652,9.94082,46.58853
39653,9.94092,46.58863
39654,9.94102,46.58873
39655,9.94112,46.58883
39656,9.94122,46.58893
39657,9.94165,46.60652
39658,9.94175,46.60662
39659,9.94185,46.60672
39660,9.94195,46.60682
39661,9.94205,46.60692
39662,9.94415,46.66046
39663,9.94833,46.75037
39664,9.94843,46.75047
39665,9.95252,46.84028
39666,9.95336,46.85826
39667,9.95346,46.85836
39668,9.95356,46.85846
39669,9.95366,46.85856
39670,9.95376,46.85866
39671,9.9542,46.87624
39672,9.95505,46.89422
39673,9.95515,46.89432
39674,9.95852,46.40814
39675,9.95862,46.40824
39676,9.95872,46.40834
39677,9.95882,46.40844
39678,9.95892,46.40854
39679,9.95935,46.42612
39680,9.96019,46.4441
39681,9.96029,46.4442
39682,9.96039,46.4443
39683,9.96049,46.4444
39684,9.96059,46.4445
39685,9.96186,46.48007
39686,9.96354,46.51603
39687,9.9669,46.58796
39688,9.967,46.58806
39689,9.9671,46.58816
39690,9.9672,46.58826
39691,9.9673,46.58836
39692,9.96774,46.60594
39693,9.96784,46.60604
39694,9.96794,46.60614
39695,9.96804,46.60624
39696,9.96814,46.60634
39697,9.96858,46.62392
39698,9.96868,46.62402
39699,9.9728,46.71383
39700,9.97364,46.73181
39701,9.97374,46.73191
39702,9.97449,46.74979
39703,9.97459,46.74989
39704,9.97469,46.74999
39705,9.97479,46.75009
39706,9.97489,46.75019
39707,9.97703,46.80374
39708,9.97788,46.82172
39709,9.97798,46.82182
39710,9.97958,46.85768
39711,9.98536,46.42554
39712,9.98546,46.42564
39713,9.98556,46.42574
39714,9.98566,46.42584
39715,9.9862,46.44352
39716,9.9863,46.44362
39717,9.9864,46.44372
39718,9.9865,46.44382
39719,9.9866,46.44392
39720,9.99043,46.53343
39721,9.99053,46.53353
39722,9.99063,46.53363
39723,9.99073,46.53373
39724,9.99298,46.58738
39725,9.99383,46.60536
39726,9.99393,46.60546
39727,9.99403,46.60556
39728,9.99413,46.60566
39729,9.99423,46.60576
39730,9.99468,46.62334
39731,9.99478,46.62344
39732,9.99488,46.62354
39733,9.99498,46.62364
39734,9.99508,46.62374
39735,9.99553,46.64132
39736,9.99563,46.64142
39737,9.99573,46.64152
39738,9.99583,46.64162
39739,9.99593,46.64172
39740,9.9998,46.73123
39741,10.00151,46.76719
39742,10.0054,46.29908
39743,10.0055,46.29918
39744,10.00579,46.8571
39745,10.00589,46.8572
39746,10.00625,46.31706
39747,10.00635,46.31716
39748,10.00645,46.31726
39749,10.0071,46.33504
39750,10.01051,46.40697
39751,10.01061,46.40707
39752,10.01071,46.40717
39753,10.01081,46.40727
39754,10.01091,46.40737
39755,10.01136,46.42495
39756,10.01146,46.42505
39757,10.01156,46.42515
39758,10.01307,46.46092
39759,10.01563,46.51486
39760,10.01649,46.53284
39761,10.01659,46.53294
39762,10.01906,46.58679
39763,10.01916,46.58689
39764,10.01992,46.60477
39765,10.02002,46.60487
39766,10.02078,46.62275
39767,10.02088,46.62285
39768,10.02098,46.62295
39769,10.02108,46.62305
39770,10.02118,46.62315
39771,10.02164,46.64073
39772,10.02174,46.64083
39773,10.02184,46.64093
39774,10.02194,46.64103
39775,10.02204,46.64113
39776,10.0225,46.65871
39777,10.0226,46.65881
39778,10.0227,46.65891
39779,10.0228,46.65901
39780,10.0229,46.65911
39781,10.02336,46.67669
39782,10.02681,46.74862
39783,10.02691,46.74872
39784,10.02701,46.74882
39785,10.02711,46.74892
39786,10.03049,46.28051
39787,10.03134,46.29849
39788,10.03144,46.29859
39789,10.03154,46.29869
39790,10.03164,46.29879
39791,10.03174,46.29889
39792,10.032,46.8565
39793,10.0322,46.31647
39794,10.0323,46.31657
39795,10.0324,46.31667
39796,10.0325,46.31677
39797,10.0326,46.31687
39798,10.03306,46.33445
39799,10.03316,46.33455
39800,10.03326,46.33465
39801,10.03336,46.33475
39802,10.03346,46.33485
39803,10.03392,46.35243
39804,10.03402,46.35253
39805,10.03412,46.35263
39806,10.03422,46.35273
39807,10.03432,46.35283
39808,10.03478,46.37041
39809,10.03488,46.37051
39810,10.03498,46.37061
39811,10.03508,46.37071
39812,10.03518,46.37081
39813,10.03564,46.3884
39814,10.03574,46.3885
39815,10.03584,46.3886
39816,10.0365,46.40638
39817,10.0366,46.40648
39818,10.0367,46.40658
39819,10.03736,46.42436
39820,10.03909,46.46032
39821,10.04514,46.58619
39822,10.04524,46.58629
39823,10.04534,46.58639
39824,10.04601,46.60417
39825,10.04611,46.60427
39826,10.04862,46.65812
39827,10.04872,46.65822
39828,10.04882,46.65832
39829,10.04948,46.6761
39830,10.04958,46.6762
39831,10.04968,46.6763
39832,10.04978,46.6764
39833,10.04988,46.6765
39834,10.0521,46.73004
39835,10.05297,46.74802
39836,10.05307,46.74812
39837,10.05642,46.27991
39838,10.05652,46.28001
39839,10.05662,46.28011
39840,10.05672,46.28021
39841,10.05729,46.29789
39842,10.05739,46.29799
39843,10.05749,46.29809
39844,10.05759,46.29819
39845,10.05769,46.29829
39846,10.05815,46.31587
39847,10.05825,46.31597
39848,10.05835,46.31607
39849,10.05845,46.31617
39850,10.05855,46.31627
39851,10.05902,46.33385
39852,10.05912,46.33395
39853,10.05922,46.33405
39854,10.05932,46.33415
39855,10.05942,46.33425
39856,10.05989,46.35184
39857,10.05999,46.35194
39858,10.06009,46.35204
39859,10.06019,46.35214
39860,10.06029,46.35224
39861,10.06076,46.36982
39862,10.06086,46.36992
39863,10.06096,46.37002
39864,10.06106,46.37012
39865,10.06116,46.37022
39866,10.06163,46.3878
39867,10.06173,46.3879
39868,10.06183,46.388
39869,10.06193,46.3881
39870,10.06203,46.3882
39871,10.0625,46.40578
39872,10.0626,46.40588
39873,10.0627,46.40598
39874,10.0628,46.40608
39875,10.0629,46.40618
39876,10.0721,46.60357
39877,10.07561,46.6755
39878,10.07571,46.6756
39879,10.07581,46.6757
39880,10.07591,46.6758
39881,10.07601,46.6759
39882,10.07649,46.69348
39883,10.07659,46.69358
39884,10.07669,46.69368
39885,10.07679,46.69378
39886,10.07689,46.69388
39887,10.07737,46.71146
39888,10.07747,46.71156
39889,10.07757,46.71166
39890,10.07767,46.71176
39891,10.07777,46.71186
39892,10.07825,46.72944
39893,10.07835,46.72954
39894,10.07845,46.72964
39895,10.07855,46.72974
39896,10.07865,46.72984
39897,10.07913,46.74742
39898,10.07923,46.74752
39899,10.07933,46.74762
39900,10.07943,46.74772
39901,10.07953,46.74782
39902,10.07973,46.22536
39903,10.07983,46.22546
39904,10.07993,46.22556
39905,10.08001,46.7654
39906,10.08011,46.7655
39907,10.08021,46.7656
39908,10.08031,46.7657
39909,10.08041,46.7658
39910,10.08061,46.24334
39911,10.08071,46.24344
39912,10.08081,46.24354
39913,10.08089,46.78338
39914,10.08091,46.24364
39915,10.08101,46.24374
39916,10.08148,46.26133
39917,10.08158,46.26143
39918,10.08168,46.26153
39919,10.08177,46.80136
39920,10.08187,46.80146
39921,10.08235,46.27931
39922,10.08245,46.27941
39923,10.08255,46.27951
39924,10.08265,46.27961
39925,10.08275,46.27971
39926,10.08323,46.29729
39927,10.08333,46.29739
39928,10.08343,46.29749
39929,10.08353,46.29759
39930,10.08363,46.29769
39931,10.0841,46.31527
39932,10.0842,46.31537
39933,10.0843,46.31547
39934,10.0844,46.31557
39935,10.0845,46.31567
39936,10.08498,46.33325
39937,10.08508,46.33335
39938,10.08518,46.33345
39939,10.08586,46.35123
39940,10.08596,46.35133
39941,10.08606,46.35143
39942,10.08616,46.35153
39943,10.08626,46.35163
39944,10.08673,46.36921
39945,10.08683,46.36931
39946,10.08693,46.36941
39947,10.08703,46.36951
39948,10.08713,46.36961
39949,10.08761,46.38719
39950,10.08771,46.38729
39951,10.08781,46.38739
39952,10.08791,46.38749
39953,10.08801,46.38759
39954,10.10262,46.69287
39955,10.10272,46.69297
39956,10.10282,46.69307
39957,10.10292,46.69317
39958,10.10302,46.69327
39959,10.10351,46.71085
39960,10.10361,46.71095
39961,10.10371,46.71105
39962,10.10381,46.71115
39963,10.10391,46.71125
39964,10.10529,46.74681
39965,10.10618,46.76479
39966,10.10628,46.76489
39967,10.10638,46.76499
39968,10.10648,46.76509
39969,10.10652,46.24274
39970,10.10658,46.76519
39971,10.10662,46.24284
39972,10.10672,46.24294
39973,10.10682,46.24304
39974,10.10692,46.24314
39975,10.10707,46.78277
39976,10.10717,46.78287
39977,10.10727,46.78297
39978,10.10737,46.78307
39979,10.1074,46.26072
39980,10.1075,46.26082
39981,10.1076,46.26092
39982,10.1077,46.26102
39983,10.1078,46.26112
39984,10.10829,46.2787
39985,10.10839,46.2788
39986,10.10849,46.2789
39987,10.10859,46.279
39988,10.10869,46.2791
39989,10.10917,46.29668
39990,10.10927,46.29678
39991,10.10937,46.29688
39992,10.10947,46.29698
39993,10.11005,46.31466
39994,10.11359,46.38658
39995,10.11369,46.38668
39996,10.11379,46.38678
39997,10.11389,46.38688
39998,10.11399,46.38698
39999,10.11448,46.40456
40000,10.11458,46.40466
40001,10.11468,46.40476
40002,10.11478,46.40486
40003,10.11488,46.40496
40004,10.12696,46.65629
40005,10.12875,46.69225
40006,10.13055,46.72822
40007,10.13065,46.72832
40008,10.13144,46.7462
40009,10.13155,46.22414
40010,10.13165,46.22424
40011,10.13175,46.22434
40012,10.13185,46.22444
40013,10.13195,46.22454
40014,10.13234,46.76418
40015,10.13244,46.24212
40016,10.13244,46.76428
40017,10.13254,46.24222
40018,10.13254,46.76438
40019,10.13264,46.24232
40020,10.13264,46.76448
40021,10.13274,46.24242
40022,10.13274,46.76458
40023,10.13284,46.24252
40024,10.13324,46.78216
40025,10.13333,46.2601
40026,10.13334,46.78226
40027,10.13343,46.2602
40028,10.13353,46.2603
40029,10.13363,46.2604
40030,10.13373,46.2605
40031,10.13414,46.80014
40032,10.13422,46.27808
40033,10.13432,46.27818
40034,10.13442,46.27828
40035,10.13452,46.27838
40036,10.13462,46.27848
40037,10.13594,46.8361
40038,10.15398,46.67365
40039,10.15408,46.67375
40040,10.15418,46.67385
40041,10.15428,46.67395
40042,10.15438,46.67405
40043,10.15488,46.69164
40044,10.15498,46.69174
40045,10.15508,46.69184
40046,10.15518,46.69194
40047,10.15528,46.69204
40048,10.15745,46.22352
40049,10.15755,46.22362
40050,10.15765,46.22372
40051,10.15775,46.22382
40052,10.15835,46.2415
40053,10.15845,46.2416
40054,10.15851,46.76356
40055,10.15855,46.2417
40056,10.15861,46.76366
40057,10.15865,46.2418
40058,10.15875,46.2419
40059,10.15925,46.25948
40060,10.15935,46.25958
40061,10.15942,46.78154
40062,10.15952,46.78164
40063,10.15962,46.78174
40064,10.15972,46.78184
40065,10.15982,46.78194
40066,10.16032,46.79952
40067,10.17918,46.65505
40068,10.17928,46.65515
40069,10.17938,46.65525
40070,10.17948,46.65535
40071,10.18467,46.76293
40072,10.18477,46.76303
40073,10.18487,46.76313
40074,10.18497,46.76323
40075,10.18507,46.76333
40076,10.18559,46.78091
40077,10.18569,46.78101
40078,10.18579,46.78111
40079,10.18589,46.78121
40080,10.18599,46.78131
40081,10.18651,46.79889
40082,10.18661,46.79899
40083,10.18834,46.83485
40084,10.20346,46.61846
40085,10.20622,46.6724
40086,10.20632,46.6725
40087,10.20642,46.6726
40088,10.20652,46.6727
40089,10.20662,46.6728
40090,10.21084,46.7623
40091,10.21094,46.7624
40092,10.21104,46.7625
40093,10.21176,46.78028
40094,10.21186,46.78038
40095,10.21196,46.78048
40096,10.21206,46.78058
40097,10.21216,46.78068
40098,10.21269,46.79826
40099,10.21279,46.79836
40100,10.21289,46.79846
40101,10.21299,46.79856
40102,10.21361,46.81623
40103,10.21454,46.83421
40104,10.21464,46.83431
40105,10.2164,46.87017
40106,10.23234,46.67176
40107,10.2342,46.70772
40108,10.2343,46.70782
40109,10.237,46.76166
40110,10.2371,46.76176
40111,10.2372,46.76186
40112,10.23793,46.77964
40113,10.23803,46.77974
40114,10.23813,46.77984
40115,10.23823,46.77994
40116,10.23833,46.78004
40117,10.23887,46.79762
40118,10.23897,46.79772
40119,10.23907,46.79782
40120,10.23917,46.79792
40121,10.23927,46.79802
40122,10.2398,46.8156
40123,10.2399,46.8157
40124,10.24074,46.83357
40125,10.24543,46.92347
40126,10.25564,46.61718
40127,10.25658,46.63516
40128,10.25668,46.63526
40129,10.25752,46.65314
40130,10.25762,46.65324
40131,10.26411,46.77899
40132,10.26421,46.77909
40133,10.26431,46.77919
40134,10.26441,46.77929
40135,10.26451,46.77939
40136,10.26505,46.79697
40137,10.26515,46.79707
40138,10.26525,46.79717
40139,10.26535,46.79727
40140,10.26545,46.79737
40141,10.26599,46.81495
40142,10.26609,46.81505
40143,10.26619,46.81515
40144,10.26629,46.81525
40145,10.26639,46.81535
40146,10.26694,46.83293
40147,10.26704,46.83303
40148,10.26714,46.83313
40149,10.27072,46.90484
40150,10.28079,46.59855
40151,10.28089,46.59865
40152,10.28268,46.63451
40153,10.28278,46.63461
40154,10.28288,46.63471
40155,10.29028,46.77834
40156,10.29038,46.77844
40157,10.29048,46.77854
40158,10.29058,46.77864
40159,10.29068,46.77874
40160,10.29123,46.79632
40161,10.29133,46.79642
40162,10.29143,46.79652
40163,10.29153,46.79662
40164,10.29163,46.79672
40165,10.29218,46.8143
40166,10.29228,46.8144
40167,10.29238,46.8145
40168,10.29248,46.8146
40169,10.29258,46.8147
40170,10.29314,46.83228
40171,10.29324,46.83238
40172,10.29504,46.86824
40173,10.29514,46.86834
40174,10.29696,46.90419
40175,10.29706,46.90429
40176,10.30687,46.59789
40177,10.30697,46.59799
40178,10.30878,46.63385
40179,10.31261,46.70577
40180,10.31357,46.72375
40181,10.31367,46.72385
40182,10.31645,46.77768
40183,10.31655,46.77778
40184,10.31665,46.77788
40185,10.31741,46.79566
40186,10.31751,46.79576
40187,10.31761,46.79586
40188,10.31771,46.79596
40189,10.31781,46.79606
40190,10.31837,46.81364
40191,10.31847,46.81374
40192,10.31857,46.81384
40193,10.31867,46.81394
40194,10.31877,46.81404
40195,10.31933,46.83162
40196,10.31943,46.83172
40197,10.31953,46.83182
40198,10.31963,46.83192
40199,10.32126,46.86758
40200,10.32136,46.86768
40201,10.32146,46.86778
40202,10.32156,46.86788
40203,10.32166,46.86798
40204,10.32222,46.88556
40205,10.32232,46.88566
40206,10.32242,46.88576
40207,10.32252,46.88586
40208,10.32415,46.92151
40209,10.32512,46.93949
40210,10.32705,46.97545
40211,10.32715,46.97555
40212,10.32725,46.97565
40213,10.33199,46.57925
40214,10.33296,46.59723
40215,10.33392,46.61521
40216,10.33402,46.61531
40217,10.33412,46.61541
40218,10.33422,46.61551
40219,10.33432,46.61561
40220,10.33488,46.63319
40221,10.33498,46.63329
40222,10.33508,46.63339
40223,10.33518,46.63349
40224,10.33528,46.63359
40225,10.33585,46.65117
40226,10.33875,46.70511
40227,10.33971,46.72309
40228,10.33981,46.72319
40229,10.33991,46.72329
40230,10.34001,46.72339
40231,10.34011,46.72349
40232,10.34165,46.75904
40233,10.34359,46.795
40234,10.34369,46.7951
40235,10.34379,46.7952
40236,10.34389,46.7953
40237,10.34399,46.7954
40238,10.34456,46.81298
40239,10.34466,46.81308
40240,10.34476,46.81318
40241,10.34486,46.81328
40242,10.34496,46.81338
40243,10.34553,46.83096
40244,10.3465,46.84893
40245,10.3466,46.84903
40246,10.34747,46.86691
40247,10.34757,46.86701
40248,10.34767,46.86711
40249,10.34777,46.86721
40250,10.34787,46.86731
40251,10.34844,46.88489
40252,10.35039,46.92085
40253,10.35137,46.93883
40254,10.35147,46.93893
40255,10.35157,46.93903
40256,10.35167,46.93913
40257,10.35177,46.93923
40258,10.35332,46.97478
40259,10.35342,46.97488
40260,10.35352,46.97498
40261,10.35362,46.97508
40262,10.35372,46.97518
40263,10.3571,46.56061
40264,10.35807,46.57859
40265,10.35817,46.57869
40266,10.35904,46.59657
40267,10.36001,46.61455
40268,10.36011,46.61465
40269,10.36021,46.61475
40270,10.36031,46.61485
40271,10.36041,46.61495
40272,10.36098,46.63252
40273,10.36108,46.63262
40274,10.36118,46.63272
40275,10.36128,46.63282
40276,10.36138,46.63292
40277,10.36293,46.66848
40278,10.36303,46.66858
40279,10.36313,46.66868
40280,10.36323,46.66878
40281,10.3639,46.68646
40282,10.364,46.68656
40283,10.3641,46.68666
40284,10.36488,46.70444
40285,10.36586,46.72242
40286,10.36596,46.72252
40287,10.37074,46.81231
40288,10.37084,46.81241
40289,10.37094,46.81251
40290,10.37104,46.81261
40291,10.37114,46.81271
40292,10.37172,46.83029
40293,10.37182,46.83039
40294,10.37192,46.83049
40295,10.37202,46.83059
40296,10.37212,46.83069
40297,10.3727,46.84827
40298,10.3728,46.84837
40299,10.3729,46.84847
40300,10.373,46.84857
40301,10.3731,46.84867
40302,10.37369,46.86624
40303,10.37467,46.88422
40304,10.3786,46.95613
40305,10.3787,46.95623
40306,10.3788,46.95633
40307,10.3789,46.95643
40308,10.379,46.95653
40309,10.37958,46.97411
40310,10.37968,46.97421
40311,10.37978,46.97431
40312,10.37988,46.97441
40313,10.37998,46.97451
40314,10.38057,46.99209
40315,10.38067,46.99219
40316,10.38077,46.99229
40317,10.38414,46.57792
40318,10.38512,46.59589
40319,10.38522,46.59599
40320,10.38532,46.59609
40321,10.3861,46.61387
40322,10.3862,46.61397
40323,10.3863,46.61407
40324,10.3864,46.61417
40325,10.3865,46.61427
40326,10.38708,46.63185
40327,10.38718,46.63195
40328,10.38728,46.63205
40329,10.39496,46.77568
40330,10.39594,46.79366
40331,10.39604,46.79376
40332,10.39614,46.79386
40333,10.39792,46.82961
40334,10.39802,46.82971
40335,10.39812,46.82981
40336,10.39822,46.82991
40337,10.39832,46.83001
40338,10.39891,46.84759
40339,10.39901,46.84769
40340,10.39911,46.84779
40341,10.39921,46.84789
40342,10.39931,46.84799
40343,10.3999,46.86557
40344,10.4,46.86567
40345,10.4001,46.86577
40346,10.40089,46.88354
40347,10.40486,46.95546
40348,10.40496,46.95556
40349,10.40506,46.95566
40350,10.40516,46.95576
40351,10.40526,46.95586
40352,10.4112,46.59522
40353,10.4113,46.59532
40354,10.4114,46.59542
40355,10.4115,46.59552
40356,10.4116,46.59562
40357,10.41219,46.61319
40358,10.41229,46.61329
40359,10.41239,46.61339
40360,10.41249,46.61349
40361,10.41259,46.61359
40362,10.41318,46.63117
40363,10.41328,46.63127
40364,10.42112,46.775
40365,10.42122,46.7751
40366,10.42132,46.7752
40367,10.42411,46.82893
40368,10.42421,46.82903
40369,10.42431,46.82913
40370,10.42441,46.82923
40371,10.42451,46.82933
40372,10.42511,46.84691
40373,10.42521,46.84701
40374,10.42531,46.84711
40375,10.42541,46.84721
40376,10.42551,46.84731
40377,10.42611,46.86489
40378,10.42621,46.86499
40379,10.42631,46.86509
40380,10.42641,46.86519
40381,10.42651,46.86529
40382,10.42711,46.88286
40383,10.42721,46.88296
40384,10.42731,46.88306
40385,10.42741,46.88316
40386,10.42751,46.88326
40387,10.43111,46.95477
40388,10.43121,46.95487
40389,10.43131,46.95497
40390,10.43141,46.95507
40391,10.43151,46.95517
40392,10.43429,46.5406
40393,10.43439,46.5407
40394,10.43529,46.55857
40395,10.43628,46.57655
40396,10.43728,46.59453
40397,10.43738,46.59463
40398,10.43748,46.59473
40399,10.43758,46.59483
40400,10.43768,46.59493
40401,10.43828,46.61251
40402,10.43838,46.61261
40403,10.43848,46.61271
40404,10.43858,46.61281
40405,10.43868,46.61291
40406,10.43928,46.63049
40407,10.43938,46.63059
40408,10.43948,46.63069
40409,10.43958,46.63079
40410,10.43968,46.63089
40411,10.45131,46.84622
40412,10.45232,46.8642
40413,10.45242,46.8643
40414,10.45252,46.8644
40415,10.45262,46.8645
40416,10.45272,46.8646
40417,10.45333,46.88217
40418,10.45343,46.88227
40419,10.45353,46.88237
40420,10.45363,46.88247
40421,10.45373,46.88257
40422,10.45434,46.90015
40423,10.45444,46.90025
40424,10.45454,46.90035
40425,10.46437,46.61182
40426,10.46447,46.61192
40427,10.46538,46.6298
40428,10.46548,46.6299
40429,10.46558,46.63
40430,10.46568,46.6301
40431,10.46578,46.6302
40432,10.47955,46.88148
40433,10.48056,46.89946
40434,10.48158,46.91743
40435,10.48168,46.91753
40436,10.48178,46.91763
40437,10.48188,46.91773
40438,10.4826,46.93541
